survey_id,panel_supplier_code,supplier_respondent_id,focaldata_respondent_id,focaldata_public_respondent_id,bookmarkstate,age,location,gender,respondent_metadata,status,country,language,source
243c2b20-4b26-4776-a899-f1eff32e4222,prolific,73e5f232-48fc-438e-8b43-185566a8f5a6,ff596c808099012d9faf64ab1ea88ffcbc671f200bdf72eba054e8da696c9dce,fd6486047182,unbookmarked,,,,,complete,GB,en,dashboard
ce93ddb7-9e47-488a-985e-05e046919a6f,prolific,3a3f113b-632d-46b3-9b20-24affae5defd,ff596c808099012d9faf64ab1ea88ffcbc671f200bdf72eba054e8da696c9dce,fd6486047182,unbookmarked,,,,,complete,GB,en,coworker
76a34828-7b02-5e78-81e2-8125067178af,prolific,1bfe9427-dc1c-4615-9605-d85b3ecf7c00,b127b2dae9c004a093993cd0846dfdb2ae374718e04883c62a189304fcd59b15,fd2961932053,unbookmarked,,,,,complete,FR,fr,orchestra
4f1e7c19-33f8-5220-8644-e8d10e486678,fd,335b8c46-2954-4a80-aa55-7e276ebd7171,fd345,345,unbookmarked,,,,,complete,GB,en,dashboard
4f1e7c19-33f8-5220-8644-e8d10e486678,fd,8bfeb16c-c34a-418c-8327-3d1cb8c63a05,fd789,789,unbookmarked,,,,,complete,GB,en,dashboard
4f1e7c19-33f8-5220-8644-e8d10e486678,fd,8ddf022d-b1e4-4060-8d9e-f7c6cc357da0,fd890,890,unbookmarked,,,,,complete,GB,en,dashboard
031a51d5-091c-5d3b-8c76-9cbe866898e2,fd,cb1b9ed1-9f28-5487-9a9f-71767ce92e29,ef59b93211b40da66a525c3f50a69c8d06b6f4d69e5a46d6fc33df63680b501a,fd05872445,unbookmarked,,,,,complete,IN,en,orchestra
031a51d5-091c-5d3b-8c76-9cbe866898e2,fd,3c744a84-ec4e-50f2-b5c5-8a70af95124b,9fb39ce1105b2d57efa7840a939b94576c7ba6f5f447c62e47d4badc266e2c6e,fd03829060,unbookmarked,,,,,complete,IN,en,orchestra
031a51d5-091c-5d3b-8c76-9cbe866898e2,fd,68be1065-1f48-5ea5-8bc1-968f4d8bcdf7,97a7d79ba84d186dd4d69edff3a6c5062cae2e0bfc202820973972fbb0c11068,fd81177074,unbookmarked,,,,,complete,IN,en,orchestra
031a51d5-091c-5d3b-8c76-9cbe866898e2,fd,f530756d-7c03-5ca5-873c-0a1d3a31d113,0f70582bab4c0f042897ebcb97ce32b7079dd0da8a32c7dfe3c4ad4e991028e6,fd28752185,unbookmarked,,,,,complete,IN,en,orchestra
031a51d5-091c-5d3b-8c76-9cbe866898e2,fd,d8e441c4-6493-50ea-9758-bc3c97e30b21,44580697172b1d02a518f5a7ec634fec89892f3074a6b4b1f960bd7dc64230ad,fd30065701,unbookmarked,,,,,complete,IN,en,orchestra
031a51d5-091c-5d3b-8c76-9cbe866898e2,fd,a3d1d597-d3e5-5010-af38-d172ddbe1722,4cef899610e71990bd84d14da97965ec39a5f650cae0eec2d15dc3cfc2e58b33,fd74648972,unbookmarked,,,,,complete,IN,en,orchestra
031a51d5-091c-5d3b-8c76-9cbe866898e2,fd,cd0625d7-14c2-5efc-9b1d-9fd0ed7a1318,3a5c36b925e37637aaa172293c890237068d1889d1c11e32e049260a9021fe90,fd59774342,unbookmarked,,,,,complete,IN,en,orchestra
031a51d5-091c-5d3b-8c76-9cbe866898e2,fd,4d8def02-2c8e-5b9b-9b65-deb66d7fe5b9,e68f8ded27275e6eabc392a6eeb022bcd0cca649d16499bd6aa90293b3edc3c1,fd14698677,unbookmarked,,,,,complete,IN,en,orchestra
031a51d5-091c-5d3b-8c76-9cbe866898e2,fd,f1e5e723-9d78-53e2-b481-fc0863a48899,9cc56f081df4b057344d8a4a34a64cfbc81250608ede765e725f69b4b8f28dc3,fd47861173,unbookmarked,,,,,complete,IN,en,orchestra
031a51d5-091c-5d3b-8c76-9cbe866898e2,fd,7ac132c6-5eb1-511e-8777-d7067802384b,75360303ad66fe8c7bb1715fa2087923e7b342a98cacd8167366676d94aa9305,fd72648287,unbookmarked,,,,,complete,IN,en,orchestra
031a51d5-091c-5d3b-8c76-9cbe866898e2,fd,335b4068-a0ee-5e69-bd24-ff736025923e,656b72c08cc8f4968bb9d225aaa6cc3cf7e29fd422398d1519304f3d9b19c66a,fd60590827,unbookmarked,,,,,complete,IN,en,orchestra
031a51d5-091c-5d3b-8c76-9cbe866898e2,fd,42e2e775-8e3b-5dba-b70f-808b80eb41f8,0fece688d121f19474a321fd5ec7ca9962cda2bf88d7d06486602b64f4860027,fd81278143,unbookmarked,,,,,complete,IN,en,orchestra
031a51d5-091c-5d3b-8c76-9cbe866898e2,fd,4406b695-564c-5f40-8bc9-fa9c6dd9a175,7eb815cd0e23e5d70ec01d6cc05d8e630fd6d1a50712d25f5b1b82eecaff93dc,fd94246797,unbookmarked,,,,,complete,IN,en,orchestra
031a51d5-091c-5d3b-8c76-9cbe866898e2,fd,9c6f194b-33c9-53c5-b18d-6774fdd72084,58ea3dc461bcf9c5ad14f482ccc9c1e472712ffbdc5b269ebf0436a137baaf6c,fd34040887,unbookmarked,,,,,complete,IN,en,orchestra
031a51d5-091c-5d3b-8c76-9cbe866898e2,fd,44d29ab6-a31c-5f40-9358-7f4613fc72a2,7ba6d2736d3d18bb170a032cc311d078438fc7c24a0612b299dd3441b88811a2,fd47523272,unbookmarked,,,,,complete,IN,en,orchestra
031a51d5-091c-5d3b-8c76-9cbe866898e2,fd,ed899ffb-ef03-5e8e-8b53-ae5c617f1a73,e8a4c46e7a3d57f6a609083d8ad408b57f419fbc32b39b68f08e0799abe4a528,fd20258080,unbookmarked,,,,,complete,IN,en,orchestra
031a51d5-091c-5d3b-8c76-9cbe866898e2,fd,d1023dcb-5482-5786-ab24-1dd4e4c514fc,8677b2c423251a78e7f2f914810eb9cfa1118a1ed187e09136cde0ef70a1eb7a,fd14468762,unbookmarked,,,,,complete,IN,en,orchestra
ce93ddb7-9e47-488a-985e-05e046919a6f,prolific,96752b88-528e-41f5-936e-2d2bab0822ca,520bb6bc7a7c65bb356d7c0bdd286bfaba84300cad25900bf244b2eeea3077fb,fd7431164923,unbookmarked,,,,,complete,GB,en,coworker
76a34828-7b02-5e78-81e2-8125067178af,prolific,0bfe9427-dc1c-4615-9605-d85b3ecf7c00,0f595bda1eabbe00d119fca2a27135b446d86b70c6baf19a0ffe4a97867c3b0d,fd2146850573,unbookmarked,,,,,complete,FR,fr,orchestra
4f1e7c19-33f8-5220-8644-e8d10e486678,fd,da627ff5-264d-4fea-94db-a14c0e6f9b8f,fd013,013,unbookmarked,,,,,complete,GB,en,dashboard
031a51d5-091c-5d3b-8c76-9cbe866898e2,fd,d57f2ede-d989-54f0-8939-a2efad8db15a,22a13f4c1c536e76120e4b2bda45a63f38e90141bb610cb383ec56dbc142f48c,fd82225510,unbookmarked,,,,,complete,IN,en,orchestra
031a51d5-091c-5d3b-8c76-9cbe866898e2,fd,623155d9-e4fe-5b50-bc86-5e60664e5c73,9071f224ff6c8daff39bcb73af0b167ad85aab0fde5e39917348ed142d7bca98,fd86512171,unbookmarked,,,,,complete,IN,en,orchestra
031a51d5-091c-5d3b-8c76-9cbe866898e2,fd,d482f115-8ccb-505a-9559-91bbab587e77,5520701703d5c1fa15e6e52e4ddd6379e8a11f776b1f94bf251aaccaab48f610,fd58161027,unbookmarked,,,,,complete,IN,en,orchestra
031a51d5-091c-5d3b-8c76-9cbe866898e2,fd,c4792905-af5e-5b8d-ac30-35c5661e6a1a,b819aa7561449e6cf3ed821bdd7f65307df38ad1e32f08c494cf4f8bafa5e93e,fd80761305,unbookmarked,,,,,complete,IN,en,orchestra
031a51d5-091c-5d3b-8c76-9cbe866898e2,fd,291f62ed-733a-53b7-b487-d8135ceb4720,1567bfaf7d6980544d3a76ffb804169015ce57db3132ce6b6dc19bde29e279cc,fd13538933,unbookmarked,,,,,complete,IN,en,orchestra
031a51d5-091c-5d3b-8c76-9cbe866898e2,fd,f1fc3d9d-18ee-5414-b2f5-eceb96359222,a30c9b25daf7de40dfafe5719af9a1d410addd8625a2ff3d446af380b7c1d622,fd13516647,unbookmarked,,,,,complete,IN,en,orchestra
031a51d5-091c-5d3b-8c76-9cbe866898e2,fd,db5db967-0bee-5ea9-af2d-17ec3eeb55aa,64f647d78c96c40443147d77078916a5bcf5f0eaf2b7b0d6239b962f7a619137,fd40713218,unbookmarked,,,,,complete,IN,en,orchestra
031a51d5-091c-5d3b-8c76-9cbe866898e2,fd,8c31b9c1-2b7d-52e9-81a1-09382e2b5b75,767461e0437017e43de935e334ea41448e93162125facb525b0a6933f7f23bdb,fd82678422,unbookmarked,,,,,complete,IN,en,orchestra
031a51d5-091c-5d3b-8c76-9cbe866898e2,fd,36467cac-f646-5b89-807e-bf7785ad31f0,6227c33a9c3c8fadfc0962b2b93a187b3de7aab0a614eabb898e8d4261bf58f7,fd27927769,unbookmarked,,,,,complete,IN,en,orchestra
031a51d5-091c-5d3b-8c76-9cbe866898e2,fd,9a22596c-d787-54a8-90c0-6341ef9ac3d7,c5018dfb1be6e2be8f9cb9f2c4df413e8183f04ee78aac9b2dcb64cb7ca43c76,fd17424320,unbookmarked,,,,,complete,IN,en,orchestra
031a51d5-091c-5d3b-8c76-9cbe866898e2,fd,62ff3b94-ed30-56af-98ce-27295061c1d8,a0bc51d0150187d6e1fcf27edc7acd4d52d649a210ecabe4655acb5f33e2ea5d,fd40774009,unbookmarked,,,,,complete,IN,en,orchestra
031a51d5-091c-5d3b-8c76-9cbe866898e2,fd,39ac9f2c-2400-53d8-be3f-48672810ea31,a248de0f3959922c7c700526792db4e44e36ec7a0dcdc950e6c0aacebaa4f4e6,fd80106974,unbookmarked,,,,,complete,IN,en,orchestra
031a51d5-091c-5d3b-8c76-9cbe866898e2,fd,ade6f572-3e67-5430-bc56-c3b00f1b4c4f,2185603d487b27d6aa251740d7ded89ca528e725348bbefd836ba528284633d2,fd27373912,unbookmarked,,,,,complete,IN,en,orchestra
031a51d5-091c-5d3b-8c76-9cbe866898e2,fd,a1f143cb-474a-5e9f-8916-fa1e286cde68,e7a435c5f1e1a3dfaa9aa7a4eae925bb2d6d9039f6c280612373821f15bd2665,fd65779417,unbookmarked,,,,,complete,IN,en,orchestra
031a51d5-091c-5d3b-8c76-9cbe866898e2,fd,bcf02590-eaa4-580f-86d6-2de2de362849,e6d4ea53058b2a3f448e67941cced2243b46293ac30f30ad6be377451ca3e8af,fd15952550,unbookmarked,,,,,complete,IN,en,orchestra
031a51d5-091c-5d3b-8c76-9cbe866898e2,fd,b2dcaab9-9d37-53d2-a16d-c366e86e7530,035854a4545c59ee9beee57b1e5859d6ea0939fed2277b1d037f2b26834c5961,fd70251224,unbookmarked,,,,,complete,IN,en,orchestra
031a51d5-091c-5d3b-8c76-9cbe866898e2,fd,75891cdf-3979-5c99-ba09-2acf66d312b4,0174cdf7fe75ec5b6dc95cd47b90fffd835c31df0c444dc491f0c89d96aa0af7,fd71217319,unbookmarked,,,,,complete,IN,en,orchestra
031a51d5-091c-5d3b-8c76-9cbe866898e2,fd,c05db557-9384-5398-9830-36522992ed52,0a177d93e1793ce805f2e8cf1bcd2a1fa1f3fadbd4c9ca77b3390df6d5b3b41c,fd86249636,unbookmarked,,,,,complete,IN,en,orchestra
6624a87a-708d-4b5e-93c2-de84c2f14960,fd,701a7b12-fe55-4ce9-93e5-a5792dc12ac3,03a2be7ca1f22c77020808f951b43eb32e019cec422f39f41b738ed20f385317,fd5462321943,unbookmarked,,,,,complete,GB,en,dashboard
76a34828-7b02-5e78-81e2-8125067178af,prolific,99601fe0-1bb6-4c71-8428-6e037590f3a2,c0da0e4f8b8e1ae413008dfaceef0c5d08211924c5aefe7c27997a5521a1e042,fd6385145922,unbookmarked,,,,,complete,FR,fr,orchestra
4f1e7c19-33f8-5220-8644-e8d10e486678,fd,ff35f334-3551-4b9c-b4d8-979a52931b70,fd014,014,unbookmarked,,,,,complete,GB,en,dashboard
031a51d5-091c-5d3b-8c76-9cbe866898e2,fd,cc568162-8c12-5bb8-a6b1-87ec5dc3eac6,3a6e4e1265dbf5379847034f5b3f2d4941b454bfa849fa252bfe42978e8a8f45,fd05330885,unbookmarked,,,,,complete,IN,en,orchestra
031a51d5-091c-5d3b-8c76-9cbe866898e2,fd,7ce48548-2f81-5833-ae87-11fee20b096b,386914d4e68ffbc8b4df9dc1aae81108cc36fb09b716e5afa9c4112327476a83,fd19373358,unbookmarked,,,,,complete,IN,en,orchestra
031a51d5-091c-5d3b-8c76-9cbe866898e2,fd,f5077972-b9ad-5f94-a3b3-99d07a575bc9,240e5fab6661a8f05319d9ebd313607e0de292ecb20e85edcd45cf44b30aa25f,fd36115514,unbookmarked,,,,,complete,IN,en,orchestra
031a51d5-091c-5d3b-8c76-9cbe866898e2,fd,ad5c4712-0486-5f99-8ebc-49ee9fd070ae,1b5e48032a2ead38c3809a6cd4438a021d353a51f1796a2a40910298c96270aa,fd91392476,unbookmarked,,,,,complete,IN,en,orchestra
031a51d5-091c-5d3b-8c76-9cbe866898e2,fd,b77dda4f-cef3-59da-958e-e1babf4dffaa,d07bde9d9320b6e648758df6e9c300040c4e627241c1ca0b63520264321b7ec8,fd34051530,unbookmarked,,,,,complete,IN,en,orchestra
031a51d5-091c-5d3b-8c76-9cbe866898e2,fd,bee1312f-5408-50af-a14d-c36ede88263a,5e5f5bfb352f67a80fa4597c193493f9fc8b0654c62a267c711765707f5f0364,fd80120836,unbookmarked,,,,,complete,IN,en,orchestra
0a5269f6-bc51-4d87-9b70-8956261d65f1,prolific,664232cd6b4f69614788f10d,13c7d220b6d0f87de019e0808381b2af52e3be30f24632ff4a87f5ba3c38bb57,fd5217167191,unbookmarked,,,,,complete,GB,en,dashboard
0a5269f6-bc51-4d87-9b70-8956261d65f1,prolific,664232c37ab85c714ac86e8a,59eed0ab0c076087ebed15a0f5f14b87e1ac0ad6852c445e099f5a3b1d37098e,fd9538515342,unbookmarked,,,,,complete,GB,en,dashboard
230247e0-46e3-494b-82a7-78eea3e0819e,prolific,66420e4eabd825850b06ad93,6f6235e1a94b7975ede2f8302f09ace03f2975674731ac98ca559ee0aa1b5e49,fd2849940041,unbookmarked,,,,,complete,GB,en,dashboard
230247e0-46e3-494b-82a7-78eea3e0819e,prolific,66420e2ccf4a9faff7d812a1,9dc66effa10be89e569e17860d3310d8d83429a88cb85f7008e83b552e6ff18e,fd0550597006,unbookmarked,,,,,complete,GB,en,dashboard
0a5269f6-bc51-4d87-9b70-8956261d65f1,prolific,664232c4d057455b40451ea4,fbc33827f5c0adece129d03a8a85877be4de17d8f4a82acd5ce6b52536ac945e,fd4294292574,unbookmarked,,,,,complete,GB,en,dashboard
0a5269f6-bc51-4d87-9b70-8956261d65f1,prolific,664232cb72cb6b42828c6c19,4575b1a5accf33da8a85453c04bff570ac671cadd377acb13d452ed0d4c470fd,fd2962522365,unbookmarked,,,,,complete,GB,en,dashboard
230247e0-46e3-494b-82a7-78eea3e0819e,prolific,66421632d4a4994d03cf23ea,e765fa09af4e35c312c7c4d2df76e4f07e82bed2e26b568d01bda39072dac66f,fd8237706863,unbookmarked,,,,,complete,GB,en,dashboard
031a51d5-091c-5d3b-8c76-9cbe866898e2,fd,e3775fdc-1a94-5935-8c57-b0c0d63fa136,1847f28caaf808a30e25df39d52457fd79eead4ea947e3fef44e6ae83635dce1,fd27354605,unbookmarked,,,,,complete,IN,en,orchestra
031a51d5-091c-5d3b-8c76-9cbe866898e2,fd,3f39397a-f842-536c-8320-bcc7d1e47cba,a4ea55c7f9d4b12b1513bb4a77d3cb4edc328f9102fe1f08e5a5abda7aefacba,fd76578229,unbookmarked,,,,,complete,IN,en,orchestra
031a51d5-091c-5d3b-8c76-9cbe866898e2,fd,2f240810-de4e-5d8e-8279-87f08cd8e5aa,fcb56823b45636960ce9d492b51f148a7eec57d41ae63a53c084ada8245dea85,fd18358323,unbookmarked,,,,,complete,IN,en,orchestra
031a51d5-091c-5d3b-8c76-9cbe866898e2,fd,111d7dab-b741-5fb0-9085-20828773bcba,5bdfc88d138d4d33254bd0fdd749b36096aedde079f273979e526452c48783bc,fd85469140,unbookmarked,,,,,complete,IN,en,orchestra
031a51d5-091c-5d3b-8c76-9cbe866898e2,fd,3166d2bf-abe7-56b5-9d29-8f2fac600051,7e4af3d0a0dccad0150a016f9699f67ab00d855f792467aa658d592eb911b135,fd58742624,unbookmarked,,,,,complete,IN,en,orchestra
031a51d5-091c-5d3b-8c76-9cbe866898e2,fd,373726a3-9b3b-5238-933c-b7168ff6427b,f3686fd74d1d82d4cf8c7f5d4be93fc8e89b3a3947babfaa2868dba2d65f7f4e,fd77430488,unbookmarked,,,,,complete,IN,en,orchestra
031a51d5-091c-5d3b-8c76-9cbe866898e2,fd,2e4964df-32a4-52bb-a8a6-eca1eb0630c0,c60d1ac4eaa928d3a0404faf9d005949442c65d330bde5ff4aced3148f2c8ff9,fd52627250,unbookmarked,,,,,complete,IN,en,orchestra
031a51d5-091c-5d3b-8c76-9cbe866898e2,fd,e0b7b399-4765-5505-b9bd-33296eba78a4,a3c30a79518f5df1ad9a13635f913b16c092c7da7af0ff12587fdcae54ec0f21,fd25723051,unbookmarked,,,,,complete,IN,en,orchestra
031a51d5-091c-5d3b-8c76-9cbe866898e2,fd,68076591-8be2-5f9d-b61e-398c5da8aee9,6e85475f2c43144987522977dfa8274000110d9a71a0121e96009e6a144cd2d7,fd85045843,unbookmarked,,,,,complete,IN,en,orchestra
031a51d5-091c-5d3b-8c76-9cbe866898e2,fd,eaf69364-8472-5d26-b782-fab0ac479623,2a9dd8bca6c880a4df2224172637b3d27b6ff0d35430659c32df3220f37509b9,fd01206961,unbookmarked,,,,,complete,IN,en,orchestra
031a51d5-091c-5d3b-8c76-9cbe866898e2,fd,1a10b1ad-89d5-55ea-870f-4b9deb93d5b7,d380cc2333b2a658168e4acd856500ca7951ac3c7590c84dcf810899a02c848a,fd35053803,unbookmarked,,,,,complete,IN,en,orchestra
6624a87a-708d-4b5e-93c2-de84c2f14960,fd,5f6e7eaa-3772-4c6a-8e29-9a99bc28bc9d,2291ff73fee3f5f5b3bc6f9b4989a47317824904e813df59ad6b517ac564c295,fd3037709973,unbookmarked,,,,,complete,GB,en,dashboard
76a34828-7b02-5e78-81e2-8125067178af,prolific,e6db6e9f-56c5-426c-b653-46b7c2faa589,e4a6255bb3401761d96b4f3486f3c73f657181630eb11b2d20501d3df7d68509,fd8942731529,unbookmarked,,,,,complete,FR,fr,orchestra
76a34828-7b02-5e78-81e2-8125067178af,prolific,e1f2a547-eca3-4813-bf90-90dd8ce8fbe1,54ca8c1aaeccc1276e406c8d7fa379342b5665c44151223bda4e024820fedddf,fd9228581343,unbookmarked,,,,,complete,FR,fr,orchestra
031a51d5-091c-5d3b-8c76-9cbe866898e2,fd,348ed9dc-f798-567c-a562-ac5c8f7aa275,4b9f90432243c64af9204a3da48180d5933ac4ecdae7f4522763f4eaf85acead,fd15092054,unbookmarked,,,,,complete,IN,en,orchestra
031a51d5-091c-5d3b-8c76-9cbe866898e2,fd,e2d7e648-a286-5a19-8581-c59b284d6c07,fe35ebc4878ce47d304d0da6fcc376e69c83061f26b5467ab8e43dadc039aa1e,fd49247111,unbookmarked,,,,,complete,IN,en,orchestra
031a51d5-091c-5d3b-8c76-9cbe866898e2,fd,409f1e1f-4cfb-5131-8ca5-5a614421655e,e855625662ab139de640f1e4c3249a800d765be63c4f63eb79555987788e5867,fd12459479,unbookmarked,,,,,complete,IN,en,orchestra
031a51d5-091c-5d3b-8c76-9cbe866898e2,fd,784e9961-59c1-5499-8c91-e3e0eb3e9f46,a610563664eac1a07cd18c2b0f1d4a41aa767a38daac95551d954a0cc7eb04f6,fd26408321,unbookmarked,,,,,complete,IN,en,orchestra
031a51d5-091c-5d3b-8c76-9cbe866898e2,fd,262a363f-75d1-589b-8c4c-f436d427d299,b5d2d8618df6232a26ae791adf9704fa92a536e5d48772ab8c49021bb374d060,fd56858211,unbookmarked,,,,,complete,IN,en,orchestra
031a51d5-091c-5d3b-8c76-9cbe866898e2,fd,02beff7a-5431-5d59-8b79-aff9ba441773,33564dc076f820bf5cf7f89a60e7a3a168808f568f931a61d4db280d5e5e7463,fd80904205,unbookmarked,,,,,complete,IN,en,orchestra
031a51d5-091c-5d3b-8c76-9cbe866898e2,fd,e21caa80-7938-5d5e-9c70-d85749f7f7db,0a87b568e7c259172b83141f5260d80156d166ebb35e6456157f1f82d73f36c7,fd71966984,unbookmarked,,,,,complete,IN,en,orchestra
031a51d5-091c-5d3b-8c76-9cbe866898e2,fd,520dea3a-7258-5543-842d-e20ce2c9d96b,c6bc069d3bfa4f2588f7629a435decbe025737de1ba8a91eadd546b3c98d2e40,fd26065837,unbookmarked,,,,,complete,IN,en,orchestra
031a51d5-091c-5d3b-8c76-9cbe866898e2,fd,717a49b0-a0ff-527c-bf23-c17722521609,01fbb7e208316c18b27b49e935e7792dd5dd6ef81507560848fdd4733d60d52f,fd32663150,unbookmarked,,,,,complete,IN,en,orchestra
031a51d5-091c-5d3b-8c76-9cbe866898e2,fd,35efff76-4203-5b65-80f3-f6674ce4e09b,db56d5ca61883caecdba1a9b643caaf943f5ab2e11df79cb44e8962320701fcc,fd19325490,unbookmarked,,,,,complete,IN,en,orchestra
031a51d5-091c-5d3b-8c76-9cbe866898e2,fd,45bea0c4-5d1d-5cb0-9d2c-85a0f04feac7,342905e84bfd04ff6ef2665f98f72f530154033ab34d2f8ae38d1454c5ef0360,fd60158424,unbookmarked,,,,,complete,IN,en,orchestra
031a51d5-091c-5d3b-8c76-9cbe866898e2,fd,895d3344-2490-579d-8e7b-127c49d06a0d,5a110db094ce50f365a23df3a437d61ae9aec62b15402d2f78e85a6dc13281ac,fd72958151,unbookmarked,,,,,complete,IN,en,orchestra
031a51d5-091c-5d3b-8c76-9cbe866898e2,fd,f42bd6d8-0561-56cc-a93a-e508fb9ff403,0a80147d641e7d5b213da46ef04505e49d3d506c45112dadab1a26dc69d5ee1c,fd17335339,unbookmarked,,,,,complete,IN,en,orchestra
031a51d5-091c-5d3b-8c76-9cbe866898e2,fd,0698aed5-0641-5946-b1f2-bbdfe56659ce,da7da2f194828f6551f01d199c53b1be54fa1f2b08cabb2c86ff139d51aa7ec8,fd86964204,unbookmarked,,,,,complete,IN,en,orchestra
031a51d5-091c-5d3b-8c76-9cbe866898e2,fd,208195bf-7988-5d0e-989d-a85002c374bb,badcc3e2af31dd3a0a96b112fcdeff172e4096d005935b24e1240393c8b74f24,fd16238929,unbookmarked,,,,,complete,IN,en,orchestra
031a51d5-091c-5d3b-8c76-9cbe866898e2,fd,9b06799c-de77-52cb-b26a-bafae753300b,4694ced547139697fc3e74c97d2c27efea96bc277d7e994e1f9865874b535f41,fd20620626,unbookmarked,,,,,complete,IN,en,orchestra
031a51d5-091c-5d3b-8c76-9cbe866898e2,fd,a2f6418c-476d-57ef-b33a-ecd27f7a6a06,a5520f53d1162c3bb06bdb68e9a4981582c9129e565b755e40988701cf3c75d8,fd99350608,unbookmarked,,,,,complete,IN,en,orchestra
031a51d5-091c-5d3b-8c76-9cbe866898e2,fd,481d2cdc-2226-5da2-9f6b-1bf0b973f00b,0abf788ea8e0ebbe0b913256442cb5fd9d43cea105b7afae4c1a27234c1410e5,fd59095960,unbookmarked,,,,,complete,IN,en,orchestra
031a51d5-091c-5d3b-8c76-9cbe866898e2,fd,110ec475-6139-578b-a22f-1ca2284ced46,85a5b1685ee181dc9aa47c7782a70778203735a5b2232245908bd991a28a59f6,fd90671632,unbookmarked,,,,,complete,IN,en,orchestra
031a51d5-091c-5d3b-8c76-9cbe866898e2,fd,cb26cca4-eef3-5dbd-b59d-148f5ea0054b,6233addc0287dccc60868e3f0337d0d83ca4da7658dc0dbb56f4380bed835cb1,fd51470809,unbookmarked,,,,,complete,IN,en,orchestra
031a51d5-091c-5d3b-8c76-9cbe866898e2,fd,c3aa445f-9e40-5d0e-9490-37cd6c2d5f5f,857c0d808ff42446b86547e50b54a070775b97b8de82049731564ffe8a8c06ae,fd75099603,unbookmarked,,,,,complete,IN,en,orchestra
031a51d5-091c-5d3b-8c76-9cbe866898e2,fd,22960b0c-7335-5f95-9513-1c48f8434fa9,12513b4e093a70383d4bdabbd7bc9a8ed06d0bd941ff69820e9a1cfe0dc3e46e,fd40692265,unbookmarked,,,,,complete,IN,en,orchestra
031a51d5-091c-5d3b-8c76-9cbe866898e2,fd,9236a594-b817-5631-9db3-cb8071106435,479c768a1e4ab94cae329c41658c3478ce668bebb8b9136d30b492973b531290,fd45085671,unbookmarked,,,,,complete,IN,en,orchestra
031a51d5-091c-5d3b-8c76-9cbe866898e2,fd,13a14a06-89b2-5726-a5cc-fa94086409b8,9b7f3f8220bbd93fd981ea867285c8a484b37f8c77f9a167331a95bc0d54d225,fd52964972,unbookmarked,,,,,complete,IN,en,orchestra
031a51d5-091c-5d3b-8c76-9cbe866898e2,fd,d00553f0-a6d8-5925-a3ac-6c7b68b340c1,066387e3516d244a8d861d22e09e83074a12d11c5946b60002c2b35480eb59c0,fd42937218,unbookmarked,,,,,complete,IN,en,orchestra
031a51d5-091c-5d3b-8c76-9cbe866898e2,fd,cfdb7b34-19e2-5649-885f-37d42c80168f,c6680e3583d663188226b8d2596e4dd0e21833f3166fa5ea4f188472538c4749,fd12762858,unbookmarked,,,,,complete,IN,en,orchestra
ea1d6320-cc03-496c-9c15-6ffef479c129,prolific,4fadf9dc-17f6-49c2-99d0-37b461f10dc0,b99fad7203557e07847a1b52f089142e549735653082567731a316e524ef388e,fd6254977166,unbookmarked,,,,,complete,GB,en,coworker
031a51d5-091c-5d3b-8c76-9cbe866898e2,fd,1ddab649-ab2f-5188-a3a5-ebcf3070949f,9d52993cc427ecd790cbc597fb698130b4b7452a5d730f8a0f9246a465038c6d,fd63858520,unbookmarked,,,,,complete,IN,en,orchestra
031a51d5-091c-5d3b-8c76-9cbe866898e2,fd,d999d925-fa03-5a6c-a514-43df3b97e885,9f7123f5e1ec5dfd91faa2ec112a63f788b6a4cb61c0fd476ceb657be5ab8370,fd27041463,unbookmarked,,,,,complete,IN,en,orchestra
031a51d5-091c-5d3b-8c76-9cbe866898e2,fd,07f8c6c5-ad01-54b3-9135-3e80ec908b83,7e4955839e081eb01f63ba08e7a871f7e58b5493c4a793e618370f449846810a,fd77921277,unbookmarked,,,,,complete,IN,en,orchestra
031a51d5-091c-5d3b-8c76-9cbe866898e2,fd,ff15616c-e9d7-52d2-9934-c751eb8da0e0,a9659c009a8e1b1aa32a5ad50649826fe3f80dee50ad782cccc1f2bfa1b1c930,fd32801529,unbookmarked,,,,,complete,IN,en,orchestra
031a51d5-091c-5d3b-8c76-9cbe866898e2,fd,6f3d0206-1696-5fc7-822e-db7a3dd3c6d6,d987c2cd0b138c14ea2e091ebe7c9a6c994a8f836c6ce820e6f62a92cdc4753e,fd93717227,unbookmarked,,,,,complete,IN,en,orchestra
0a5269f6-bc51-4d87-9b70-8956261d65f1,prolific,664232cc5e253b37067fb3d3,6470eed74f442978cfd00eb6bf6e83206ea97607e6804e7af16b99bfedee5e01,fd7170279937,unbookmarked,,,,,complete,GB,en,dashboard
0a5269f6-bc51-4d87-9b70-8956261d65f1,prolific,664236adeb204beb69825d11,91ef36042f01fcd20d074717cd8fc3c5c3ded241d66aa507fdfb32f1b40625ef,fd1229254127,unbookmarked,,,,,complete,GB,en,dashboard
5c52ff14-daf2-4114-8856-4c14de0fab8c,prolific,6640f58a9cd7a5a1f2da6c2a,0d52bfae09f8cd9588a95ed52e2adab6c6e5395b18bed77008d85f37372cacb9,fd5847161017,unbookmarked,,,,,complete,GB,en,dashboard
5c52ff14-daf2-4114-8856-4c14de0fab8c,prolific,6640f7bb4ad7621a6cdba567,7466914d8e05d348c47c8864ae3fbb63f8eddb87657256f72deb765246b573f5,fd9374348277,unbookmarked,,,,,complete,GB,en,dashboard
5c52ff14-daf2-4114-8856-4c14de0fab8c,prolific,6640f4db2d513887afff65c4,0933b722006af439ff25aee5255095c569b08ae1261b5c8e08db75f2aa134fee,fd9474652142,unbookmarked,,,,,complete,GB,en,dashboard
230247e0-46e3-494b-82a7-78eea3e0819e,prolific,664207c75c7ec187a5ec82f0,4ee74df8d1128ec9ae1acc463431714cfef9c7e0fb39c6e1dca22de2c9be4127,fd3478407463,unbookmarked,,,,,complete,GB,en,dashboard
5c52ff14-daf2-4114-8856-4c14de0fab8c,prolific,6640f78d3b3a681fcaecee85,1ca94157ac2667cf6c66d1fccd6d60894fcc748ad63ccf69e6d50fcb98e92b4d,fd8900223821,unbookmarked,,,,,complete,GB,en,dashboard
76e91840-4815-4e29-84ec-1eea4a7f9ea1,prolific,66410931a2d19f88a543258c,f40141c76e0784df8aa3a63ae4671985575ab13c01bcdbccf5e8c59b21358b4c,fd2195086156,unbookmarked,,,,,complete,GB,en,dashboard
031a51d5-091c-5d3b-8c76-9cbe866898e2,fd,43b7d134-e9d7-5a9b-925d-85ec9d20595a,b64ccddf8e3adef36fd6c76a0085f2a56ab1f97675f71bc947e06c36b085c826,fd97748072,unbookmarked,,,,,complete,IN,en,orchestra
031a51d5-091c-5d3b-8c76-9cbe866898e2,fd,1bfec483-c00a-5b8e-8a96-570614b86433,401fbcdf2d08e4ff3935a30eca730c6f2e89f5879d81271627bf521ec9e186b5,fd39285895,unbookmarked,,,,,complete,IN,en,orchestra
031a51d5-091c-5d3b-8c76-9cbe866898e2,fd,248b9d70-3f77-56a1-8f41-4ade04b907b8,5d8732b07341438e419228643d7eb8d666a3332453021ba0e14bee7e33e2be68,fd24079061,unbookmarked,,,,,complete,IN,en,orchestra
031a51d5-091c-5d3b-8c76-9cbe866898e2,fd,5637388f-630c-5f7d-9322-18f06631baf7,cdaf2da1b2f602604691f6a164dd0869f0535939ac4beab2e41061559fa6530d,fd42692168,unbookmarked,,,,,complete,IN,en,orchestra
031a51d5-091c-5d3b-8c76-9cbe866898e2,fd,680f5ac7-4ca1-5bba-97bf-085e8ea5cc8e,0c03496b3cb87837a700ccd5107bafed88c9e1b87f061bbf487a7bd021cd0359,fd59957634,unbookmarked,,,,,complete,IN,en,orchestra
031a51d5-091c-5d3b-8c76-9cbe866898e2,fd,668039f0-6ca2-5477-8cb0-7c48f8a3f73a,95e758751023f7a57847ba204fc43f43b3381c0fdc028573262ca5b472bbe29c,fd70373475,unbookmarked,,,,,complete,IN,en,orchestra
031a51d5-091c-5d3b-8c76-9cbe866898e2,fd,c3b45f41-24e0-5c31-b3ff-4283c6a6d14a,4bdedad92ee970a25854be0fa8018cd9e104d6720720bffc158faa536f009817,fd81387529,unbookmarked,,,,,complete,IN,en,orchestra
031a51d5-091c-5d3b-8c76-9cbe866898e2,fd,4e8c02cb-6453-572d-8b38-397d89d3288a,c10ff1c0f11d65aec2f3fb21a3ef74e04e950457592ebc8c40e3108b261c79e0,fd52156267,unbookmarked,,,,,complete,IN,en,orchestra
031a51d5-091c-5d3b-8c76-9cbe866898e2,fd,08879763-ec96-54d2-8302-7d1e861590f5,e8f213fb773cca5aabf4d58c08a26c74d3d8983b2ddfbfe1148a80c274870d47,fd48639328,unbookmarked,,,,,complete,IN,en,orchestra
031a51d5-091c-5d3b-8c76-9cbe866898e2,fd,4b8e60b2-2410-5072-a7ae-27db25b0dc5e,84d2610899725fd8f19b158324668f275140e4ed912aa6a4a27cf27aa253bb7d,fd96163660,unbookmarked,,,,,complete,IN,en,orchestra
031a51d5-091c-5d3b-8c76-9cbe866898e2,fd,b226a652-635f-5114-b12d-1faa9e8abe05,ac6f9bf52c27b6b215f90dccc74764dc156626a5d2fff0715cf170d04c55222a,fd03292030,unbookmarked,,,,,complete,IN,en,orchestra
031a51d5-091c-5d3b-8c76-9cbe866898e2,fd,94f68c2a-ad35-50d1-a40f-ac9f340514c0,a1e0383e69baeac1bc57d173d33e6e3c0131753bc5abc9dafa76af321a20b3c6,fd96510242,unbookmarked,,,,,complete,IN,en,orchestra
031a51d5-091c-5d3b-8c76-9cbe866898e2,fd,f3e3e0dc-4e1c-56d4-9678-aa42939fcb38,065d7e52e2d0ab96a82d7ea980e5658c739a6326300ce503499c20f98c47108f,fd15700265,unbookmarked,,,,,complete,IN,en,orchestra
031a51d5-091c-5d3b-8c76-9cbe866898e2,fd,570f91f8-4ce9-5692-a393-ce12c1b8ef19,4b679aa659c9fc1fdca1919a8586f880d33279b14cd2a987a24eea5a7dc310b2,fd26701274,unbookmarked,,,,,complete,IN,en,orchestra
031a51d5-091c-5d3b-8c76-9cbe866898e2,fd,196b713e-fb19-5b3d-bd89-7ee02130d25f,0088cfda2288b693e6313bdc24670f9e48628e41df594718dad0f38e5b4848f8,fd64613771,unbookmarked,,,,,complete,IN,en,orchestra
031a51d5-091c-5d3b-8c76-9cbe866898e2,fd,206506e9-6f1b-528e-b3dd-b54579dd6dbb,3a022a90377becca0e713290c6f3d9b15c0d3645b927ba5c23cd5afea0020b2c,fd96245470,unbookmarked,,,,,complete,IN,en,orchestra
ea1d6320-cc03-496c-9c15-6ffef479c129,prolific,07e14ad5-77fa-4627-a4e2-9e36f934e247,bcf35b035a942c9b0aec0f36bcfe3bb6d33704b4e91f5f27795cbbbfdc3f5266,fd8217224806,unbookmarked,,,,,complete,GB,en,coworker
031a51d5-091c-5d3b-8c76-9cbe866898e2,fd,ea2c20d0-6c22-543f-bff1-cc64d09f5c17,a383deaa1d5e8f4d37613c941403cbb3fdf53e49cd701f4fc650f2cf382605f1,fd55890474,unbookmarked,,,,,complete,IN,en,orchestra
031a51d5-091c-5d3b-8c76-9cbe866898e2,fd,915e39d9-a1ec-5487-a353-dc3061d55458,216816e14974665d57bf32c0c29185f3ec6f90476823d0fd397bc2af6fd4c4f2,fd88251579,unbookmarked,,,,,complete,IN,en,orchestra
031a51d5-091c-5d3b-8c76-9cbe866898e2,fd,984f2084-3102-5eb7-93a2-dffb7c8a2db7,c661f0e2da3c29478cb93d46966c4b60549b6ee89195c527b7aa6a6ede5f9344,fd10656539,unbookmarked,,,,,complete,IN,en,orchestra
031a51d5-091c-5d3b-8c76-9cbe866898e2,fd,9867c83b-e898-59c7-ac18-ac175091e6aa,7a9e82a54653fa744b18ec8dd2a5f858422e2047ad92bf162e15d638cb2f3f9f,fd92608469,unbookmarked,,,,,complete,IN,en,orchestra
031a51d5-091c-5d3b-8c76-9cbe866898e2,fd,41036e48-5d7d-5b0e-8d60-5c0b203e7e7e,9ebeb887ac7435f2a768eecf65e300a2bce410f0a9cbcadd478404754d0e587d,fd79618200,unbookmarked,,,,,complete,IN,en,orchestra
031a51d5-091c-5d3b-8c76-9cbe866898e2,fd,ac2bef8c-bb30-5963-8985-28139fe20156,f017a3a1822e9704e7efd51cc376f235fa109319e073169921f44155c334cc79,fd59719318,unbookmarked,,,,,complete,IN,en,orchestra
ff770173-78a7-417f-b42e-97ba1b642402,prolific,b1831652-6301-591d-90a9-1a42f9581695,11d10e993270528f959d98e3006396815a69c0231c4f94395163588ff8a0206a,fd09191859,unbookmarked,73,United Kingdom,Male,"{""panel_metadata"":{""status"":""AWAITING REVIEW"",""started_at"":""2025-11-13T02:33:36.561000Z"",""time_taken"":2655,""archived_at"":""2025-11-13T03:17:51.155405Z"",""completed_at"":""2025-11-13T03:17:50.689000Z"",""participant_id"":""5ca183e45a47af00013463ab"",""completion_code"":""FDC0MPL3T3"",""total_approvals"":3285,""custom_study_tncs_accepted_at"":""Not Applicable""},""extra_profiling_fields"":[{""id"":""heart_issues"",""name"":""Heart issues"",""value"":""Yes, and I'm taking medication""},{""id"":""ethnicity"",""name"":""Ethnicity"",""value"":""White""},{""id"":""highest_education_level_completed"",""name"":""Highest education level completed"",""value"":""Technical/community college""},{""id"":""gender"",""name"":""Gender"",""value"":""Man (including Trans Male/Trans Man)""},{""id"":""ethnicity_simplified"",""name"":""Ethnicity simplified"",""value"":""White""},{""id"":""country_of_birth"",""name"":""Country of birth"",""value"":""United Kingdom""},{""id"":""nationality"",""name"":""Nationality"",""value"":""United Kingdom""},{""id"":""language"",""name"":""Language"",""value"":""English""},{""id"":""student_status"",""name"":""Student status"",""value"":""No""},{""id"":""employment_status"",""name"":""Employment status"",""value"":""Not in paid work (e.g. homemaker', 'retired or disabled)""}]}",complete,GB,en,orchestra
ff770173-78a7-417f-b42e-97ba1b642402,prolific,4b428dd4-e234-5192-a959-c5b085df896f,10b6e3e1478b0479a0fb65b1041bf2edbaa9a85ca7366625780b38b2bc4cde84,fd20576122,unbookmarked,71,United Kingdom,Male,"{""panel_metadata"":{""status"":""AWAITING REVIEW"",""started_at"":""2025-11-13T02:00:29.839000Z"",""time_taken"":2624,""archived_at"":""2025-11-13T02:44:13.599715Z"",""completed_at"":""2025-11-13T02:44:13.143000Z"",""participant_id"":""5a3cef0066e7880001de3bf9"",""completion_code"":""FDC0MPL3T3"",""total_approvals"":580,""custom_study_tncs_accepted_at"":""Not Applicable""},""extra_profiling_fields"":[{""id"":""heart_issues"",""name"":""Heart issues"",""value"":""Yes, and I'm taking medication""},{""id"":""ethnicity"",""name"":""Ethnicity"",""value"":""White""},{""id"":""highest_education_level_completed"",""name"":""Highest education level completed"",""value"":""Doctorate degree (PhD/other)""},{""id"":""gender"",""name"":""Gender"",""value"":""Man (including Trans Male/Trans Man)""},{""id"":""ethnicity_simplified"",""name"":""Ethnicity simplified"",""value"":""White""},{""id"":""country_of_birth"",""name"":""Country of birth"",""value"":""United Kingdom""},{""id"":""nationality"",""name"":""Nationality"",""value"":""United Kingdom""},{""id"":""language"",""name"":""Language"",""value"":""English""},{""id"":""student_status"",""name"":""Student status"",""value"":""No""},{""id"":""employment_status"",""name"":""Employment status"",""value"":""Not in paid work (e.g. homemaker', 'retired or disabled)""}]}",complete,GB,en,orchestra
ff770173-78a7-417f-b42e-97ba1b642402,prolific,4390cbca-8634-5dd0-97eb-5aacc56ea059,ac501c2586664565beec38c105db029319817d69570b6fbf8ea84677e8ec94ee,fd52754156,unbookmarked,76,United Kingdom,Male,"{""panel_metadata"":{""status"":""AWAITING REVIEW"",""started_at"":""2025-11-17T14:55:51.204000Z"",""time_taken"":5937,""archived_at"":""2025-11-17T16:34:48.348498Z"",""completed_at"":""2025-11-17T16:34:47.852000Z"",""participant_id"":""5d1794f9db7eb7001af1b00c"",""completion_code"":""FDC0MPL3T3"",""total_approvals"":2476,""custom_study_tncs_accepted_at"":""Not Applicable""},""extra_profiling_fields"":[{""id"":""ethnicity"",""name"":""Ethnicity"",""value"":""White""},{""id"":""highest_education_level_completed"",""name"":""Highest education level completed"",""value"":""Undergraduate degree (BA/BSc/other)""},{""id"":""coronary_artery_disease"",""name"":""Coronary artery disease"",""value"":""Yes, and I had a medical procedure (e.g. stent or bypass surgery)""},{""id"":""gender"",""name"":""Gender"",""value"":""Man (including Trans Male/Trans Man)""},{""id"":""ethnicity_simplified"",""name"":""Ethnicity simplified"",""value"":""White""},{""id"":""country_of_birth"",""name"":""Country of birth"",""value"":""United Kingdom""},{""id"":""nationality"",""name"":""Nationality"",""value"":""United Kingdom""},{""id"":""language"",""name"":""Language"",""value"":""French""},{""id"":""student_status"",""name"":""Student status"",""value"":""No""},{""id"":""employment_status"",""name"":""Employment status"",""value"":""Not in paid work (e.g. homemaker', 'retired or disabled)""}]}",complete,GB,en,orchestra
ff770173-78a7-417f-b42e-97ba1b642402,prolific,350e93bf-086e-5f58-a211-c9d004e2e7e5,50f1dfba9f471fb82ad9b8a0f657d5daf7a2908863a7b0e083368724c15e75d5,fd24104874,unbookmarked,54,United Kingdom,Female,"{""panel_metadata"":{""status"":""AWAITING REVIEW"",""started_at"":""2025-11-12T12:44:47.302000Z"",""time_taken"":2929,""archived_at"":""2025-11-12T13:33:35.956296Z"",""completed_at"":""2025-11-12T13:33:35.536000Z"",""participant_id"":""59a3b1a35fd74b0001abf9c1"",""completion_code"":""FDC0MPL3T3"",""total_approvals"":4420,""custom_study_tncs_accepted_at"":""Not Applicable""},""extra_profiling_fields"":[{""id"":""heart_issues"",""name"":""Heart issues"",""value"":""Yes, and I'm taking medication""},{""id"":""ethnicity"",""name"":""Ethnicity"",""value"":""White""},{""id"":""highest_education_level_completed"",""name"":""Highest education level completed"",""value"":""Undergraduate degree (BA/BSc/other)""},{""id"":""gender"",""name"":""Gender"",""value"":""Woman (including Trans Female/Trans Woman)""},{""id"":""ethnicity_simplified"",""name"":""Ethnicity simplified"",""value"":""White""},{""id"":""country_of_birth"",""name"":""Country of birth"",""value"":""United Kingdom""},{""id"":""nationality"",""name"":""Nationality"",""value"":""United Kingdom""},{""id"":""language"",""name"":""Language"",""value"":""English""},{""id"":""student_status"",""name"":""Student status"",""value"":""No""},{""id"":""employment_status"",""name"":""Employment status"",""value"":""Full-Time""}]}",complete,GB,en,orchestra
80baa22b-f317-5af8-b3db-49c1035398b1,fd,0aa01d2c-f0a8-4782-af83-245e19d3832c,4bd8bed928a61c56fefb3c17367f4fe7376a7360be3ef7529b3b8a2454778188,fd5305596296,unbookmarked,,,,,complete,GB,en,orchestra
489c1a66-bfb9-5701-8424-1ed7349ec293,fd,27434163-B706-46F1-8631-22A9F055CB83,4c15041b4660cfee6e9fcd709d9b522129188864a0e91ad6105ce2734786cb8a,fd2030889866,unbookmarked,,GB,,"{""panel_metadata"":{""type"":""fdchat"",""collect"":""true"",""preview"":""false""},""extra_profiling_fields"":[]}",complete,GB,en,dashboard
ca2f64a5-0397-4b75-87d9-c346a49b4d9c,fd,1c270aef-2b54-5cef-93e2-f46a76e525f1,a4e7445df9dbdd2fc73fd56a16b5c2e58c9494636648c8b08f00e01a7cf4cd6e,fd69821106,unbookmarked,,,,,complete,IN,en,orchestra
ca2f64a5-0397-4b75-87d9-c346a49b4d9c,fd,9ece33b9-d82c-596b-a5ac-a091542435d0,4f14d91b014ead76aa8f0881aafb0e119c736c2d9a66f0bfb1073c25e5d6fbf6,fd78609429,unbookmarked,,,,,complete,IN,en,orchestra
ca2f64a5-0397-4b75-87d9-c346a49b4d9c,fd,aa1ef558-cf11-56ca-b186-a012424f3b2d,5e1da3bfa0c5ceb85614ed94550cbad16f3a4fc6a36ac3062abbad80dee77357,fd86868962,unbookmarked,,,,,complete,IN,en,orchestra
ca2f64a5-0397-4b75-87d9-c346a49b4d9c,fd,f5ed1cc0-f70e-53d9-8b3c-c19419175649,9061f772f628e8cb2ba6ce62144faabc413ed145df49aef37d466a6f3fe6cade,fd50555610,unbookmarked,,,,,complete,IN,en,orchestra
ca2f64a5-0397-4b75-87d9-c346a49b4d9c,fd,151da4da-50af-5da8-9730-04b16a522e60,30af77f80156360646400c436f0b718352bedfdac91229d2bb5487afa788fc26,fd07495447,unbookmarked,,,,,complete,IN,en,orchestra
ca2f64a5-0397-4b75-87d9-c346a49b4d9c,fd,e6a03373-58ed-55a5-a310-8319af2dd766,24549132009e209106d1f6fc29666a11e78b1f9ab90a413a58798e0464aee7eb,fd86600060,unbookmarked,,,,,complete,IN,en,orchestra
ca2f64a5-0397-4b75-87d9-c346a49b4d9c,fd,c8a8350d-6640-5265-97af-76d362a398ed,7a7f32e9886895aa55d85a8f4b9acd4b5dce852dd03a766bb97096d06ac88af0,fd01224797,unbookmarked,,,,,complete,IN,en,orchestra
ca2f64a5-0397-4b75-87d9-c346a49b4d9c,fd,1c238aa5-80f4-58a5-9507-65b3d624ad19,8f693653367d431f030d8f17f3115af2f134cd0405a87900e1b48c52416990c0,fd18462770,unbookmarked,,,,,complete,IN,en,orchestra
ca2f64a5-0397-4b75-87d9-c346a49b4d9c,fd,4e4126fa-398c-58cb-b4b4-f6c2f66b3e95,0de9eca53845041ca5b82b080f2d8ca645adfa085d770463021c2199000c61e6,fd39569892,unbookmarked,,,,,complete,IN,en,orchestra
ca2f64a5-0397-4b75-87d9-c346a49b4d9c,fd,f34a25b2-22e3-534a-a659-897fedf9e720,fcb8554b56d6689f27f29049b34693331b0138ad44c7a3fc9a9872ca5b24f12d,fd26496747,unbookmarked,,,,,complete,IN,en,orchestra
ca2f64a5-0397-4b75-87d9-c346a49b4d9c,fd,4317c550-db65-5b26-b3ff-6e961e16e2f3,26bf75b89ab279f6f50a1bfde856fc1e2ee16137ad78b43f65162de3638a11a3,fd58070891,unbookmarked,,,,,complete,IN,en,orchestra
ca2f64a5-0397-4b75-87d9-c346a49b4d9c,fd,ff33f788-9ec1-5aa4-9247-e9fcd1d572e6,0ecb245a138c0c7795ed704fada9bc79420dd183ba2a4a9767061b4337dfdd95,fd43763062,unbookmarked,,,,,complete,IN,en,orchestra
ca2f64a5-0397-4b75-87d9-c346a49b4d9c,fd,a8bb8288-efb5-5c11-ac1b-1d160ed7457a,ee0c62ff25dd586676c95396b8479c6306f93b865863d56b5062637c5823fbef,fd94869853,unbookmarked,,,,,complete,IN,en,orchestra
ca2f64a5-0397-4b75-87d9-c346a49b4d9c,fd,094d8568-a1ad-5e30-8d3f-398d3dd3fc9f,6667893c76c8dbfab25666f0c3fac81cbd01c9de507e5d296c17952f40195d73,fd12204793,unbookmarked,,,,,complete,IN,en,orchestra
ca2f64a5-0397-4b75-87d9-c346a49b4d9c,fd,e017fd36-3d99-5552-a7fe-7d73f5f7e868,7aec3fff014212edc619a9ef82c10497cd426448c4941052b625a78d8b28f09a,fd64760436,unbookmarked,,,,,complete,IN,en,orchestra
ca2f64a5-0397-4b75-87d9-c346a49b4d9c,fd,3c0cf82e-07c1-5cdc-8c80-1e5038ba40dd,d9464923aea2d5885f94616f77e263b7fef70b48fa07f967a97be170eecbc795,fd18792165,unbookmarked,,,,,complete,IN,en,orchestra
ca2f64a5-0397-4b75-87d9-c346a49b4d9c,fd,fcf1342b-8226-5624-84c9-9519fa031591,65005700d8fb5d87cc12fc30a660983c4978545a2531fd42da5141a321da5022,fd17385192,unbookmarked,,,,,complete,IN,en,orchestra
ca2f64a5-0397-4b75-87d9-c346a49b4d9c,fd,6618fb58-f09e-520e-8db1-7ea9e4a844e4,8389ef1b85fba93af0c2164102b6ab430d6f281e6a34ee63fa718cad7ab5fcaf,fd80468246,unbookmarked,,,,,complete,IN,en,orchestra
ca2f64a5-0397-4b75-87d9-c346a49b4d9c,fd,60035a91-70b2-538f-b1be-2cf7ccfcde84,342eee7f6b18010ed7df8d916ec8fd509e89dbab60435e888e6c00775778c1c6,fd94076306,unbookmarked,,,,,complete,IN,en,orchestra
ca2f64a5-0397-4b75-87d9-c346a49b4d9c,fd,579a83e8-7423-5493-8e66-89c1540a800d,8f2abab5ec62482c60815fbaa988ee6d3895ed24b4ef8f034b7d6a941963120f,fd84234948,unbookmarked,,,,,complete,IN,en,orchestra
ca2f64a5-0397-4b75-87d9-c346a49b4d9c,fd,45925bf0-7ba1-549f-9934-097176e8cba4,52b5cb985cc8a2710aac41bd4fac906baf046f0b28173557b57fbfe464b786c4,fd71480389,unbookmarked,,,,,complete,IN,en,orchestra
ca2f64a5-0397-4b75-87d9-c346a49b4d9c,fd,22e4fb1b-5749-5202-985f-f8070f479b27,44ad326e56ce7029a4e204c6dab0f400c68a5fba8fc8aa027affed5f396c87c2,fd05792422,unbookmarked,,,,,complete,IN,en,orchestra
ca2f64a5-0397-4b75-87d9-c346a49b4d9c,fd,e8eee35e-eaf4-5b0b-862f-35ae8ecd527b,d064832fbd9d6f7c79c247e575ee4b6b026bbd39479a56e4c182200d08009cd4,fd35732917,unbookmarked,,,,,complete,IN,en,orchestra
ca2f64a5-0397-4b75-87d9-c346a49b4d9c,fd,25f3a0ed-0360-5a7d-a5c0-a853eb5f905e,8a355d6154514f0bf01694458f25b6f181a5b6ec7dff40e08464a3ea71f5fb32,fd17515721,unbookmarked,,,,,complete,IN,en,orchestra
ca2f64a5-0397-4b75-87d9-c346a49b4d9c,fd,ebc60d53-a0bc-5d73-90a4-2b48c2e8b8ca,87e65df5361ab36abde2a6b926967793c88784756157838b70d00e393e81c569,fd48582628,unbookmarked,,,,,complete,IN,en,orchestra
ca2f64a5-0397-4b75-87d9-c346a49b4d9c,fd,72649f7d-83db-5f7b-b465-9b5a8141a05b,21e29cf9b56aee9619943aaa4b304d60ac3fd2b505341f40bcf6901955b91125,fd31207515,unbookmarked,,,,,complete,IN,en,orchestra
ca2f64a5-0397-4b75-87d9-c346a49b4d9c,fd,9334a2d1-a2ed-591b-bd12-ca96f34f99ef,149699b5f00fc040dd4fc1a3a3a8b59db56632adaccd0f217da4406bee7c86ec,fd72544054,unbookmarked,,,,,complete,IN,en,orchestra
ca2f64a5-0397-4b75-87d9-c346a49b4d9c,fd,163e6184-6cb4-576c-a1a5-7b2ddcbb7a0d,4de2c892ce45e1b6332f33c7ff90331b17bff338fb9b32f316905b97b158c95e,fd40939382,unbookmarked,,,,,complete,IN,en,orchestra
ca2f64a5-0397-4b75-87d9-c346a49b4d9c,fd,0de8cd47-cdac-5d63-897c-f7a30e7a504b,1285eb21eb436fae3fa8a01e78ae305fa9950fff481f0324fefaf996ce9db438,fd04522469,unbookmarked,,,,,complete,IN,en,orchestra
ca2f64a5-0397-4b75-87d9-c346a49b4d9c,fd,79636732-909f-5b81-9329-e2c10ee8b4f3,7202810c8046a08146e0050f66e55ef2829a4bc0299e8fdae12a67431d0bebdd,fd37596067,unbookmarked,,,,,complete,IN,en,orchestra
ca2f64a5-0397-4b75-87d9-c346a49b4d9c,fd,8fba3480-fc35-5063-9021-695b49919f17,86466dc47398b279359ea010dd85df440b208dc37abddbd48afb3508640859b5,fd89337834,unbookmarked,,,,,complete,IN,en,orchestra
ca2f64a5-0397-4b75-87d9-c346a49b4d9c,fd,c337e2c5-000e-5728-bbd2-fac6eaad1eb4,a502b5d1f2396b4068693189c5de728dc41dd4b2da6ef81e3c75c3acd5004d20,fd27196939,unbookmarked,,,,,complete,IN,en,orchestra
ca2f64a5-0397-4b75-87d9-c346a49b4d9c,fd,f477df0d-5939-5464-900f-89429091ed4c,acc145eb5dba28360042b451f67f90addea3c83cc09a5dcd8e6798ccee4cbc36,fd57874546,unbookmarked,,,,,complete,IN,en,orchestra
ca2f64a5-0397-4b75-87d9-c346a49b4d9c,fd,f54504e0-21e6-520b-9d53-388fe6bc38e2,5367557bf9db19cccc6fe83fbcce8b0d95e284366b9238efe40ac4256a43a839,fd57723028,unbookmarked,,,,,complete,IN,en,orchestra
ca2f64a5-0397-4b75-87d9-c346a49b4d9c,fd,d854a322-206a-54ab-9b72-f2ab0ba07146,da66e05458cac1aed9b768b6b5ffaa2393c816414a66bb1336b71622d4b647be,fd77150233,unbookmarked,,,,,complete,IN,en,orchestra
ca2f64a5-0397-4b75-87d9-c346a49b4d9c,fd,2511b7b0-b3f6-524c-8c1d-9d4c99ff28ac,4db13ef553e515dfa96cfe9e88de883cc4b55f3bee0cc479d4eb31864ffb9f19,fd45022363,unbookmarked,,,,,complete,IN,en,orchestra
ca2f64a5-0397-4b75-87d9-c346a49b4d9c,fd,5069cd53-1878-5e1b-9293-269d65c1f119,8daf03556cba27421ab3508f5287bb2cb2d5633eeed2d2afd1ff53a16c109ee1,fd20323443,unbookmarked,,,,,complete,IN,en,orchestra
f0d64968-839f-49c2-b60f-ed9f3293cd3c,prolific,664354c206e9591f86fa0c86,40810a4d15b9b5ce5cc5efef82b784dc92392ec3a7e84333c48770ff91f9712b,fd9296240939,unbookmarked,,,,,complete,GB,en,dashboard
5c52ff14-daf2-4114-8856-4c14de0fab8c,prolific,6640f931e6f6a80ec8194a74,610c3b6f06a64ed8f8ec167874886fe5a77a7a67ea068543700a84534229fa92,fd0591453842,unbookmarked,,,,,complete,GB,en,dashboard
871939c6-2c2e-420a-b2df-df86c4e35a4e,prolific,test,894366bef8e45238aeacd2d34e03098e403cf20c5735264049c0e464554cb2c3,fd9595834051,unbookmarked,,,,,complete,GB,en,dashboard
1f223b66-0629-49ea-9983-7ddb8a864c06,fd,69fb243f-bfcd-4399-a47f-2d5e3aaf8b85,79121098a42734b549b3bcdb3fb1cd096d8f8a8f400420d2a64e1a69f18bde53,fd5962937939,unbookmarked,,,,,complete,GB,en,dashboard
0a5269f6-bc51-4d87-9b70-8956261d65f1,prolific,664232ce6479e6d5003af687,1ca10c612f9b3864aab884776b378beb8eb8fd52bc3ff6e5f1f12a3af12ddd65,fd2488256869,unbookmarked,,,,,complete,GB,en,dashboard
ca2f64a5-0397-4b75-87d9-c346a49b4d9c,fd,05a317fa-0f63-562c-9d0d-7eec3a0fdcee,3ffdfcc723e45e028084efdbc38e370aa3627e98b91cc8502b3824ca8f9d3521,fd74148715,unbookmarked,,,,,complete,IN,en,orchestra
ca2f64a5-0397-4b75-87d9-c346a49b4d9c,fd,60181e6e-7faa-5f47-9b24-301d254907aa,5a867abb230a971bce4d744c1c34e090403a383a025b9866680118c8a98e2f6c,fd56780527,unbookmarked,,,,,complete,IN,en,orchestra
ca2f64a5-0397-4b75-87d9-c346a49b4d9c,fd,69a1c595-42d5-5f6e-899d-cf72d15f5076,09925cf87ad08ab94f431f7ba4474ca3fa9e433a6fb7c2df9ef26e1e000cb7b5,fd47507175,unbookmarked,,,,,complete,IN,en,orchestra
ca2f64a5-0397-4b75-87d9-c346a49b4d9c,fd,081f994e-a693-5c54-b2c8-864a786cb9ab,b6572bd549c5890f3e5d40dff37aa13e8ed171f5bda7f10493c0c5e21462c2a6,fd41764817,unbookmarked,,,,,complete,IN,en,orchestra
ca2f64a5-0397-4b75-87d9-c346a49b4d9c,fd,551088b4-8578-508c-a696-eb15bf4ca44c,7c6b8d18c21fc7fb50b14d6fefde2876e47fc3978718ad9442c1711807722695,fd52843746,unbookmarked,,,,,complete,IN,en,orchestra
ca2f64a5-0397-4b75-87d9-c346a49b4d9c,fd,89095b33-6adf-5320-9669-078dcb347748,4afb7e47bbb17d9b9b606968d68865749ea1db4175568dd44a9e3b16cebbf8ed,fd03527730,unbookmarked,,,,,complete,IN,en,orchestra
ca2f64a5-0397-4b75-87d9-c346a49b4d9c,fd,1734ff82-88a2-57d8-a068-3ed69c7a42cf,a9e696a34ace0900085be37c68bca28e7c891fa7fa6f971eca5be934fede7863,fd75160602,unbookmarked,,,,,complete,IN,en,orchestra
ca2f64a5-0397-4b75-87d9-c346a49b4d9c,fd,c4ba5914-fcfa-5069-bb47-b5dc1f6bc339,cfc9f31f05296363412798ff22bd7844758e5deee5fb2a9c175cb6a9e9bb5499,fd82500095,unbookmarked,,,,,complete,IN,en,orchestra
ca2f64a5-0397-4b75-87d9-c346a49b4d9c,fd,b5a9d93d-da56-58ee-ac5c-cd711c0a580a,2fdf684a6675b5ee30891e942b65132d58a8bf013f6a15259cc40d73ce77722b,fd75487311,unbookmarked,,,,,complete,IN,en,orchestra
ca2f64a5-0397-4b75-87d9-c346a49b4d9c,fd,e88bb497-3ece-56cf-a639-05bf7035f116,4679f379a7542d692591aa8fa5ef5d4c3f0970bdb444b085e22eb3088d738eba,fd22975756,unbookmarked,,,,,complete,IN,en,orchestra
ca2f64a5-0397-4b75-87d9-c346a49b4d9c,fd,ff332e11-ab68-57bd-ab4e-255ae4b165f8,18412147669fbfa5a4a7964b04750bac60878a6b3a5b71b9b451907fa012a68b,fd41787441,unbookmarked,,,,,complete,IN,en,orchestra
ca2f64a5-0397-4b75-87d9-c346a49b4d9c,fd,e3bf9a09-b859-5823-8475-73c02e5c0802,8496f5ece5a74c68c8a8a3298d4c82e8cc31d233cc0080190429091f4135355e,fd49607984,unbookmarked,,,,,complete,IN,en,orchestra
ca2f64a5-0397-4b75-87d9-c346a49b4d9c,fd,07fbc47d-b904-5a62-9c94-f17e9823e344,c45e0cbcbdad04979ad607338240bb4a170030cdc356615a23b626b115feef3f,fd38006471,unbookmarked,,,,,complete,IN,en,orchestra
ca2f64a5-0397-4b75-87d9-c346a49b4d9c,fd,63024a1e-394e-5776-a6cc-9593edf7173f,1fb795e70ce9349a22e7e0dcece365d04c7c53d778747904c27cff9b0ccc4a6b,fd08160710,unbookmarked,,,,,complete,IN,en,orchestra
ca2f64a5-0397-4b75-87d9-c346a49b4d9c,fd,4f203cec-3ed3-5dda-9da1-44f454529154,55928f926c72856d50586ac850b773e5dafd35d2c05e80b8c8cf252731f0181b,fd74648573,unbookmarked,,,,,complete,IN,en,orchestra
ca2f64a5-0397-4b75-87d9-c346a49b4d9c,fd,0882d37e-0587-59d7-abb5-c806807756f6,89ccc674a70ecb6f84cc029045981162e26af183eddd9e8dbc09bcab807273f9,fd50706256,unbookmarked,,,,,complete,IN,en,orchestra
ca2f64a5-0397-4b75-87d9-c346a49b4d9c,fd,37b6cb21-64db-555d-97c1-054feacd9349,c4b13bafcb9334fba77bda20b1124f4cb8cee41ca86ebf4217c1256378a7183e,fd30843279,unbookmarked,,,,,complete,IN,en,orchestra
230247e0-46e3-494b-82a7-78eea3e0819e,prolific,66420c91aa94f55b611a3767,956b753e79fc7ac17a491c2aa223bb0f67f33f1caeaaceeed6c416f096fbc1a0,fd5907311008,unbookmarked,,,,,complete,GB,en,dashboard
230247e0-46e3-494b-82a7-78eea3e0819e,prolific,66420b653ffebabebc7da2d0,a08623f944910406c4c77f6060f2419cdcab88c651cfcdd72c272f3d454eb22e,fd7888051758,unbookmarked,,,,,complete,GB,en,dashboard
ca2f64a5-0397-4b75-87d9-c346a49b4d9c,fd,426b446b-16d7-5f4e-9d9e-91b5ff250b89,bb7d194efd6f00b4daacbca4cf33c3366b97d6432daba01df0f35c091a1db95f,fd63448591,unbookmarked,,,,,complete,IN,en,orchestra
ca2f64a5-0397-4b75-87d9-c346a49b4d9c,fd,296f2f9c-939e-5a5b-b59f-853d0cf3c236,5e55c0a24e56077db0ebabf63497f415eb2d11e0fa3d5ed27a06d275c8b5f45a,fd07301435,unbookmarked,,,,,complete,IN,en,orchestra
ca2f64a5-0397-4b75-87d9-c346a49b4d9c,fd,ee5c6498-949c-5cc5-9f8b-3c52f688c14b,b2f69ed082d0ee7f8efa9e71234a8b94376124e22474f97ca8c3f5c406b5da96,fd01912445,unbookmarked,,,,,complete,IN,en,orchestra
ca2f64a5-0397-4b75-87d9-c346a49b4d9c,fd,2a49c026-3930-5d8f-acae-bded21899f05,6be4171909d0a54697c0d3f299602158fd58a4e381135aa2453a16a9cff8875f,fd47494963,unbookmarked,,,,,complete,IN,en,orchestra
ca2f64a5-0397-4b75-87d9-c346a49b4d9c,fd,f8afc4bb-3d81-51ce-9ae1-2468c02496a4,a5c82e571c86b2937ac5ac998b8489c040354b3335602e839710e720be0fac83,fd65147018,unbookmarked,,,,,complete,IN,en,orchestra
ca2f64a5-0397-4b75-87d9-c346a49b4d9c,fd,46e390fe-47a1-5832-89de-44bd9d48919a,3888c197eb4538256e2173f3d9ed1dcf52644be92883f74227b2314ee4bb249a,fd01145720,unbookmarked,,,,,complete,IN,en,orchestra
ca2f64a5-0397-4b75-87d9-c346a49b4d9c,fd,b2d02358-ad7f-5446-93de-e21b57f21397,6bac85ca24006a9f17c31cb923190c4a21b75caacb5f982589245560a29d99e2,fd89745733,unbookmarked,,,,,complete,IN,en,orchestra
ca2f64a5-0397-4b75-87d9-c346a49b4d9c,fd,96e65a5c-e085-514f-a8c3-29452462e75f,735c12e2ffbb06eee0983f16e17675c7fbc8e6033b8ba6cb5147d9291206a27e,fd46922455,unbookmarked,,,,,complete,IN,en,orchestra
ca2f64a5-0397-4b75-87d9-c346a49b4d9c,fd,f90bfd62-4fc8-5e63-a553-c550b2e8a090,5ef4c2f943a191a0df01cf7a91b962b43b2508055900430f360a3378ca814e86,fd77379934,unbookmarked,,,,,complete,IN,en,orchestra
ca2f64a5-0397-4b75-87d9-c346a49b4d9c,fd,df42848a-3eae-57bb-80b9-ace6d0e5950e,bc4bdf230716c5fd35b115a276d8adf05d62a83d2dceba3afebee42896a829b4,fd22187121,unbookmarked,,,,,complete,IN,en,orchestra
ca2f64a5-0397-4b75-87d9-c346a49b4d9c,fd,e4f68432-5f86-522b-83eb-d5f9bbbdc382,b9bb9b915733efbb2f1a478b4f3934497d8a83042ba72e5ee52a14d72fddbefc,fd78216290,unbookmarked,,,,,complete,IN,en,orchestra
ca2f64a5-0397-4b75-87d9-c346a49b4d9c,fd,5e2d6d18-e94d-57e3-889f-2b920ec03e3a,4a1276fc3fa4522ff4fc09db5844747f3a93485235df41c8aebaea957b5a5bc2,fd59221625,unbookmarked,,,,,complete,IN,en,orchestra
ca2f64a5-0397-4b75-87d9-c346a49b4d9c,fd,c6fb2d6d-d606-5184-b4d8-0fd4619494cd,4bdd6ef090bf333cad3b201086d134da6416b6b8072810c223a7da9d4dd9931f,fd47633539,unbookmarked,,,,,complete,IN,en,orchestra
ca2f64a5-0397-4b75-87d9-c346a49b4d9c,fd,4fbc315c-4b85-5504-923e-33f2e9f5c4ab,155aace3acba9773556cf6756763a8a8338445bb97fb1aae5efa65a92bca09fc,fd31847462,unbookmarked,,,,,complete,IN,en,orchestra
ca2f64a5-0397-4b75-87d9-c346a49b4d9c,fd,2b04d65d-1d60-5be7-a9bf-1671058b58db,4cedcdada019d32c95a1db9da6d989f0c120cde62c1d6ef1f1cce822fa9222b2,fd42929187,unbookmarked,,,,,complete,IN,en,orchestra
ca2f64a5-0397-4b75-87d9-c346a49b4d9c,fd,bc73d71d-6c11-5769-aae9-f96cbadd30cf,e3393516c6ef0ded5d635b280a2ffd1efef2f282fb4fa7ad07ad82eb4d494a8e,fd61320906,unbookmarked,,,,,complete,IN,en,orchestra
ca2f64a5-0397-4b75-87d9-c346a49b4d9c,fd,42cf255a-1235-5fa3-9524-ff9152bc9ac7,780aa9e5733bdfebbfa9bf2c1f5c74fdc1f1d889e688cac42dd9ab7d18708a05,fd23703821,unbookmarked,,,,,complete,IN,en,orchestra
ca2f64a5-0397-4b75-87d9-c346a49b4d9c,fd,c39b28c0-9210-589d-8c9c-e47deb44235c,5181c5f8b3ea0fbd998b2999269f513c34cc168e7aa514bc601147577fb2fdb0,fd71826786,unbookmarked,,,,,complete,IN,en,orchestra
ca2f64a5-0397-4b75-87d9-c346a49b4d9c,fd,a3da0ad3-552d-5069-81ef-7f7a0141d44a,d401cba90eb4695db165b65d6bd24e62a51ed30013bb34e2ba17a43bb5f00ea7,fd06738414,unbookmarked,,,,,complete,IN,en,orchestra
ca2f64a5-0397-4b75-87d9-c346a49b4d9c,fd,508e7a3c-24bb-5064-b6e7-068592286c30,a1964ed69bcc7ede75aa746540d02a128d7e96dd3c94154b60fbde5cb8fbf9e0,fd91302937,unbookmarked,,,,,complete,IN,en,orchestra
ca2f64a5-0397-4b75-87d9-c346a49b4d9c,fd,8b33c9df-b2cb-536e-a033-8f91fdde7d48,ac7169451fca78af0a2485e6d44afcbd6acd12e89440f24cfbd9197cf1a9d0ad,fd68696463,unbookmarked,,,,,complete,IN,en,orchestra
ca2f64a5-0397-4b75-87d9-c346a49b4d9c,fd,ad07bc86-d2c1-53de-b070-ae673da9b785,f8ae29573e1977dfd1e98e21b28e34c642752b8e7bc2ab6910747fe6826e1d5d,fd16058274,unbookmarked,,,,,complete,IN,en,orchestra
ca2f64a5-0397-4b75-87d9-c346a49b4d9c,fd,1f5b920c-bba5-5636-b50c-8ae4c61aed32,bf1ae78011dc2087241d7e9af9125c4f0ea8461cd6eccd7eacb1453cf8ffe662,fd25386329,unbookmarked,,,,,complete,IN,en,orchestra
ca2f64a5-0397-4b75-87d9-c346a49b4d9c,fd,e6ee1f6d-6884-5e92-8628-4f866e2c9dc9,9fc772cff24210bd6cdced34a9a04d1b503679377bb68db4b70e472ff3db4d35,fd94920302,unbookmarked,,,,,complete,IN,en,orchestra
ca2f64a5-0397-4b75-87d9-c346a49b4d9c,fd,266893a7-fddb-5341-8ada-63a8b6297f21,f0c06077825b8a71a6014dc75d4d933c0c4fb91562967fa42ab48be5bf63ddec,fd58205102,unbookmarked,,,,,complete,IN,en,orchestra
ca2f64a5-0397-4b75-87d9-c346a49b4d9c,fd,a571939d-460a-5fa5-9eaa-ac1f41075ca8,2f067fdcc1ba35c0eec89e503178c238adccc290fe8b3699e8e62f102b1e5ad5,fd74042368,unbookmarked,,,,,complete,IN,en,orchestra
ca2f64a5-0397-4b75-87d9-c346a49b4d9c,fd,03b8c229-d67a-559f-809d-5203508f658c,3efa62fa74fc39689fb7618346c7eea089199984a376a806b4be52533b6d0600,fd89636565,unbookmarked,,,,,complete,IN,en,orchestra
ca2f64a5-0397-4b75-87d9-c346a49b4d9c,fd,f5bd41d4-f6f4-598e-86ae-6f84a6d11f81,36e7391219c384a87ac010cd1a035f5c5e5d230d281df5b6c809138123f856bb,fd61609201,unbookmarked,,,,,complete,IN,en,orchestra
ca2f64a5-0397-4b75-87d9-c346a49b4d9c,fd,9c524cdb-ba0c-55f7-bbf5-b3b72bc6145e,04964d8b25d5f93f0910584c0b4ef395b2b5ade398dbcd591e534f6492118c38,fd86820992,unbookmarked,,,,,complete,IN,en,orchestra
ca2f64a5-0397-4b75-87d9-c346a49b4d9c,fd,15451d57-39a3-59c1-abdf-387f10528a0a,14eb4985cd408229383c72806a1ca8040c2d53a2f4d424a6c40145c9a5c74797,fd35462011,unbookmarked,,,,,complete,IN,en,orchestra
ca2f64a5-0397-4b75-87d9-c346a49b4d9c,fd,6e5eafb5-2506-51fe-a789-47f4bf617046,bea4a907ad25c17bc1798cff237c2fec333db1c754098dbf1e4decc2d7d1bdb3,fd10926708,unbookmarked,,,,,complete,IN,en,orchestra
ca2f64a5-0397-4b75-87d9-c346a49b4d9c,fd,c19419f8-0caf-5f02-b941-c80b30ac42e3,f9c8446d02bb3d787d20c10598a549a21d558196d3fc2291e0502944bbd33227,fd33981492,unbookmarked,,,,,complete,IN,en,orchestra
ca2f64a5-0397-4b75-87d9-c346a49b4d9c,fd,3766afe7-0276-5cab-a657-79969a616689,854974c90d0ffecf3e1449e682d1b95d40ede5b8c3cba77e8aa776650f461540,fd75034850,unbookmarked,,,,,complete,IN,en,orchestra
ca2f64a5-0397-4b75-87d9-c346a49b4d9c,fd,563122ba-fa14-587c-a844-59a5bc32fb55,e852ad40db903332f6acdff6e58c1eecc52ef93e6066879e3fe1ddc195d7b40b,fd44347285,unbookmarked,,,,,complete,IN,en,orchestra
14ca8c07-8e34-40b3-879c-6ae8fa360345,fd,7b994e2c-c0d4-4eb2-8375-acaccdd837d9,a503f1a8299d58288a1efe5b6750d1ff9c4e2129cc489879221647e9c84b70c8,fd6698417352,unbookmarked,,,,,complete,GB,en,dashboard
134c8958-234b-44ef-9b3b-ff8af07d3283,fd,2dae153d-1c9a-4f98-92c8-90081a9a159c,23ce4df17bd857d950fbaa7977cae28e4468e257a10c5e98b8ae232797cb32d1,fd9777202897,unbookmarked,,,,,complete,GB,en,dashboard
230247e0-46e3-494b-82a7-78eea3e0819e,prolific,66420bcac98cab3ebd98b44d,af096f01f819de9b87f1385437a4699982d40f46aef930e510bf2208489a7143,fd0563745091,unbookmarked,,,,,complete,GB,en,dashboard
5c52ff14-daf2-4114-8856-4c14de0fab8c,prolific,6640f72f62a847c71db41499,0cf8af0a6ddba5c607b07f309c236b04809476b096d3c9a3921e7713b8834546,fd6646033734,unbookmarked,,,,,complete,GB,en,dashboard
230247e0-46e3-494b-82a7-78eea3e0819e,prolific,66420a783be021d5fea3b0d8,253fb7509543053b9e1a768c52341b86cc6f924ea18030f688cb0c0b8da1e7f5,fd0333616117,unbookmarked,,,,,complete,GB,en,dashboard
ca2f64a5-0397-4b75-87d9-c346a49b4d9c,fd,2ec99859-2407-5317-a73b-90e866049b21,e5550ce6bde5a25813f9de559673597b5400baa6a3bf9167eab9c53e4b792067,fd24522576,unbookmarked,,,,,complete,IN,en,orchestra
ca2f64a5-0397-4b75-87d9-c346a49b4d9c,fd,804420ff-c13b-5945-9696-6517d077736a,f4dff9e192d47186f1e022b4e2aedc6fc7bd7922f37ecf9349cfdc8aac0561de,fd71435732,unbookmarked,,,,,complete,IN,en,orchestra
ca2f64a5-0397-4b75-87d9-c346a49b4d9c,fd,c8b8e339-79e0-5ca5-b986-76f1a18ff8a5,1c4d85706f74fb1db1bb36f0d6328231941370fdb55f12170c0c18ac30275804,fd23007749,unbookmarked,,,,,complete,IN,en,orchestra
ca2f64a5-0397-4b75-87d9-c346a49b4d9c,fd,4f790f40-160e-5df4-a490-c27d1a50ba83,49ad70464116576159d0f02d7dd71d31301e5ac1619efda7538fffd02de83a44,fd84832315,unbookmarked,,,,,complete,IN,en,orchestra
ca2f64a5-0397-4b75-87d9-c346a49b4d9c,fd,89165eff-0b66-525d-a3b7-071795dc3ef2,219ae43239e70a284e81541f5615b6f4cd5bd810dceb59d258dabe8d8035d314,fd84345607,unbookmarked,,,,,complete,IN,en,orchestra
ca2f64a5-0397-4b75-87d9-c346a49b4d9c,fd,59c260c8-8ffa-5aac-9028-f2152d7e19bf,f68bccd9ef3c212a4aeaf7781cef7c1b975a2a61d75bbe8c039f6c8e3cccec8e,fd09448448,unbookmarked,,,,,complete,IN,en,orchestra
ca2f64a5-0397-4b75-87d9-c346a49b4d9c,fd,b1cf0171-1a27-5e5b-8ea6-304f4b175bc8,f34e2dd003a7b1995184af0c6804fdf810ca888408282858714d5c02d677f490,fd91529237,unbookmarked,,,,,complete,IN,en,orchestra
ca2f64a5-0397-4b75-87d9-c346a49b4d9c,fd,03b4a314-f3af-597e-8c54-c510cac5eb71,2e6d64ee10fd0c12e689a0e5f34368aa7e0d06d54e59eca1660cbd12c4290f76,fd56021941,unbookmarked,,,,,complete,IN,en,orchestra
ca2f64a5-0397-4b75-87d9-c346a49b4d9c,fd,758770f2-78bc-57d9-8999-08ce56fd3367,7161ce1aaec37ac8d5955ed595282f073753e13ddd352c4d4c4f98e3702c762a,fd77131218,unbookmarked,,,,,complete,IN,en,orchestra
ca2f64a5-0397-4b75-87d9-c346a49b4d9c,fd,e16ba43a-0524-5ed2-bde0-21d2a77d8567,788a19b042467ad5c5170341887e8f9726d61f1a954c11332bb13e01fc5fc285,fd27332120,unbookmarked,,,,,complete,IN,en,orchestra
ca2f64a5-0397-4b75-87d9-c346a49b4d9c,fd,f3eff85e-5bf3-5769-a3ed-017350d9dd13,1d7246d7d911b16e7b114d888c011387c09ee6396181059095a1ab4f2dec9991,fd31577708,unbookmarked,,,,,complete,IN,en,orchestra
ca2f64a5-0397-4b75-87d9-c346a49b4d9c,fd,f7de6299-83ca-56e6-80e9-2067631f612a,7bcd5a17a3456eb51b3e013b4ea9656ddd384ddae3a5dc4087a051760d08f5ed,fd32682120,unbookmarked,,,,,complete,IN,en,orchestra
ca2f64a5-0397-4b75-87d9-c346a49b4d9c,fd,7d2b50fc-64ef-5d24-8ccd-d6d41219bf22,271c8095208d05dd72f55eb68ae40df5dae2828291650d7bb96a8f5f67ea3b0b,fd38061720,unbookmarked,,,,,complete,IN,en,orchestra
ca2f64a5-0397-4b75-87d9-c346a49b4d9c,fd,6813424f-a2e0-54ce-a94b-6d077025b16b,9f673e40407f6433f037ef27313e57f154f6a06f5c8666012557298fc911524a,fd41764721,unbookmarked,,,,,complete,IN,en,orchestra
ca2f64a5-0397-4b75-87d9-c346a49b4d9c,fd,0ac90138-a5e9-5a7c-974a-a30548993ad6,dbe8d58bd22e9266a12e4f1d4ae12d0ac3570430638853f2af4e9958b7405934,fd92710646,unbookmarked,,,,,complete,IN,en,orchestra
ca2f64a5-0397-4b75-87d9-c346a49b4d9c,fd,6162a1be-20bb-5cd4-90c0-6e4b4fd18bb3,5f25f6872ee3c6d0af4aea66d6aadd19214fe8ef4f9f2daeff34be76395f62f6,fd02558818,unbookmarked,,,,,complete,IN,en,orchestra
ff770173-78a7-417f-b42e-97ba1b642402,prolific,f5ee0e24-d846-51dd-b48e-893d1dc89114,3a4a83c58563c5c4672bc8cd93d699a512affe719fac641dbc33f18bde3edf9a,fd21204675,unbookmarked,52,United Kingdom,Male,"{""panel_metadata"":{""status"":""AWAITING REVIEW"",""started_at"":""2025-11-12T14:00:04.758000Z"",""time_taken"":1065,""archived_at"":""2025-11-12T14:17:49.535576Z"",""completed_at"":""2025-11-12T14:17:49.105000Z"",""participant_id"":""5d442839a8faa30001131e8a"",""completion_code"":""FDC0MPL3T3"",""total_approvals"":2164,""custom_study_tncs_accepted_at"":""Not Applicable""},""extra_profiling_fields"":[{""id"":""heart_issues"",""name"":""Heart issues"",""value"":""Yes, but I'm not being treated for it""},{""id"":""ethnicity"",""name"":""Ethnicity"",""value"":""White""},{""id"":""highest_education_level_completed"",""name"":""Highest education level completed"",""value"":""No formal qualifications""},{""id"":""gender"",""name"":""Gender"",""value"":""Man (including Trans Male/Trans Man)""},{""id"":""ethnicity_simplified"",""name"":""Ethnicity simplified"",""value"":""White""},{""id"":""country_of_birth"",""name"":""Country of birth"",""value"":""United Kingdom""},{""id"":""nationality"",""name"":""Nationality"",""value"":""United Kingdom""},{""id"":""language"",""name"":""Language"",""value"":""English""},{""id"":""student_status"",""name"":""Student status"",""value"":""No""},{""id"":""employment_status"",""name"":""Employment status"",""value"":""Not in paid work (e.g. homemaker', 'retired or disabled)""}]}",complete,GB,en,orchestra
ff770173-78a7-417f-b42e-97ba1b642402,prolific,edc62b17-9f36-5c28-babc-0d2772f8ae9e,16b073db57aef557215985b1823a64616c3f4a318f191d37f9ec1d245175ee35,fd70671046,unbookmarked,41,United Kingdom,Female,"{""panel_metadata"":{""status"":""AWAITING REVIEW"",""started_at"":""2025-11-18T08:12:08.817000Z"",""time_taken"":1265,""archived_at"":""2025-11-18T08:33:14.196108Z"",""completed_at"":""2025-11-18T08:33:13.768000Z"",""participant_id"":""5b4906a5369f84000112abdd"",""completion_code"":""FDC0MPL3T3"",""total_approvals"":1910,""custom_study_tncs_accepted_at"":""Not Applicable""},""extra_profiling_fields"":[{""id"":""ethnicity"",""name"":""Ethnicity"",""value"":""White""},{""id"":""highest_education_level_completed"",""name"":""Highest education level completed"",""value"":""High school diploma/A-levels""},{""id"":""coronary_artery_disease"",""name"":""Coronary artery disease"",""value"":""Yes, I had a heart attack, Yes, and I am taking risk-lowering medication (e.g. statin, aspirin, clopidogrel), Yes, and I had a medical procedure (e.g. stent or bypass surgery)""},{""id"":""gender"",""name"":""Gender"",""value"":""Woman (including Trans Female/Trans Woman)""},{""id"":""ethnicity_simplified"",""name"":""Ethnicity simplified"",""value"":""White""},{""id"":""country_of_birth"",""name"":""Country of birth"",""value"":""United Kingdom""},{""id"":""nationality"",""name"":""Nationality"",""value"":""United Kingdom""},{""id"":""language"",""name"":""Language"",""value"":""English""},{""id"":""student_status"",""name"":""Student status"",""value"":""No""},{""id"":""employment_status"",""name"":""Employment status"",""value"":""Full-Time""}]}",complete,GB,en,orchestra
ff770173-78a7-417f-b42e-97ba1b642402,prolific,d8dbc2c5-c3f0-5a12-af2b-83bbe173cde2,54665983ff88ad9d31bb06a1f4b55703b0be769809273c9906fb5edf03c85ca2,fd95448018,unbookmarked,68,United Kingdom,Male,"{""panel_metadata"":{""status"":""AWAITING REVIEW"",""started_at"":""2025-11-17T11:32:31.397000Z"",""time_taken"":3195,""archived_at"":""2025-11-17T12:25:46.632113Z"",""completed_at"":""2025-11-17T12:25:46.027000Z"",""participant_id"":""5ea04f7f43bc6507508c9aba"",""completion_code"":""FDC0MPL3T3"",""total_approvals"":2848,""custom_study_tncs_accepted_at"":""Not Applicable""},""extra_profiling_fields"":[{""id"":""ethnicity"",""name"":""Ethnicity"",""value"":""White""},{""id"":""highest_education_level_completed"",""name"":""Highest education level completed"",""value"":""High school diploma/A-levels""},{""id"":""coronary_artery_disease"",""name"":""Coronary artery disease"",""value"":""Yes, and I am taking risk-lowering medication (e.g. statin, aspirin, clopidogrel)""},{""id"":""gender"",""name"":""Gender"",""value"":""Man (including Trans Male/Trans Man)""},{""id"":""ethnicity_simplified"",""name"":""Ethnicity simplified"",""value"":""White""},{""id"":""country_of_birth"",""name"":""Country of birth"",""value"":""United Kingdom""},{""id"":""nationality"",""name"":""Nationality"",""value"":""United Kingdom""},{""id"":""language"",""name"":""Language"",""value"":""English""},{""id"":""student_status"",""name"":""Student status"",""value"":""No""},{""id"":""employment_status"",""name"":""Employment status"",""value"":""Full-Time""}]}",complete,GB,en,orchestra
ff770173-78a7-417f-b42e-97ba1b642402,prolific,3094dccc-55c2-525a-8f22-954757f55edc,c49cd2af79c727b6bc48a2b2720a898f40800111fc8d9c824db645c5f8f321b4,fd02342668,unbookmarked,65,United Kingdom,Male,"{""panel_metadata"":{""status"":""AWAITING REVIEW"",""started_at"":""2025-11-17T10:56:31.926000Z"",""time_taken"":3422,""archived_at"":""2025-11-17T11:53:33.970761Z"",""completed_at"":""2025-11-17T11:53:33.525000Z"",""participant_id"":""67765cb5eae26d06c3116c3a"",""completion_code"":""FDC0MPL3T3"",""total_approvals"":1467,""custom_study_tncs_accepted_at"":""Not Applicable""},""extra_profiling_fields"":[{""id"":""ethnicity"",""name"":""Ethnicity"",""value"":""White""},{""id"":""highest_education_level_completed"",""name"":""Highest education level completed"",""value"":""Graduate degree (MA/MSc/MPhil/other)""},{""id"":""coronary_artery_disease"",""name"":""Coronary artery disease"",""value"":""Yes, and I had a medical procedure (e.g. stent or bypass surgery)""},{""id"":""gender"",""name"":""Gender"",""value"":""Man (including Trans Male/Trans Man)""},{""id"":""ethnicity_simplified"",""name"":""Ethnicity simplified"",""value"":""White""},{""id"":""country_of_birth"",""name"":""Country of birth"",""value"":""United Kingdom""},{""id"":""nationality"",""name"":""Nationality"",""value"":""United Kingdom""},{""id"":""language"",""name"":""Language"",""value"":""English""},{""id"":""student_status"",""name"":""Student status"",""value"":""No""},{""id"":""employment_status"",""name"":""Employment status"",""value"":""Part-Time""}]}",complete,GB,en,orchestra
5c52ff14-daf2-4114-8856-4c14de0fab8c,prolific,6640f8d8c2d360209b14badf,18866d556e7466ac3e95cd24a4642ba6841311063fccbc2d07c760e7979d997c,fd7111937404,unbookmarked,,,,,complete,GB,en,dashboard
ff770173-78a7-417f-b42e-97ba1b642402,prolific,c1ee7887-4bde-59f5-a131-35b594b67c19,1c2f4fa72f615df099051e26b5e401c967657883212b6b1d07b7dd0386ccb580,fd34528895,unbookmarked,46,United Kingdom,Male,"{""panel_metadata"":{""status"":""AWAITING REVIEW"",""started_at"":""2025-11-17T20:05:47.477000Z"",""time_taken"":1922,""archived_at"":""2025-11-17T20:37:49.515150Z"",""completed_at"":""2025-11-17T20:37:49.067000Z"",""participant_id"":""5fba1c3bc7bb9a62797d57d0"",""completion_code"":""FDC0MPL3T3"",""total_approvals"":1544,""custom_study_tncs_accepted_at"":""Not Applicable""},""extra_profiling_fields"":[{""id"":""ethnicity"",""name"":""Ethnicity"",""value"":""White""},{""id"":""highest_education_level_completed"",""name"":""Highest education level completed"",""value"":""Technical/community college""},{""id"":""coronary_artery_disease"",""name"":""Coronary artery disease"",""value"":""Yes, and I had a medical procedure (e.g. stent or bypass surgery)""},{""id"":""gender"",""name"":""Gender"",""value"":""Man (including Trans Male/Trans Man)""},{""id"":""ethnicity_simplified"",""name"":""Ethnicity simplified"",""value"":""White""},{""id"":""country_of_birth"",""name"":""Country of birth"",""value"":""United Kingdom""},{""id"":""nationality"",""name"":""Nationality"",""value"":""United Kingdom""},{""id"":""language"",""name"":""Language"",""value"":""English""},{""id"":""student_status"",""name"":""Student status"",""value"":""No""},{""id"":""employment_status"",""name"":""Employment status"",""value"":""Full-Time""}]}",complete,GB,en,orchestra
8657f119-05d8-42cb-8523-ef9ef9e52d92,fd,ea757c1e-0cb3-4d29-a16f-7c269dd5d88f,ec9e134f0d21c10c1402c5ee6bab4c93bd09e70cb2cab4d0a5f5c60995ee0f3e,fd3047946046,unbookmarked,,,,,complete,GB,en,dashboard
ff770173-78a7-417f-b42e-97ba1b642402,prolific,cfbbbd37-effb-56af-b27d-bdf831de3bc0,a11fd0a4acfd411cf23b2492214e701e10baad33eaa587da27c0db7cb3afa24b,fd08335214,unbookmarked,30,United Kingdom,Male,"{""panel_metadata"":{""status"":""AWAITING REVIEW"",""started_at"":""2025-11-17T13:59:12.345000Z"",""time_taken"":2525,""archived_at"":""2025-11-17T14:41:17.452058Z"",""completed_at"":""2025-11-17T14:41:16.987000Z"",""participant_id"":""629e11c0d89e0c18f21e687a"",""completion_code"":""FDC0MPL3T3"",""total_approvals"":1070,""custom_study_tncs_accepted_at"":""Not Applicable""},""extra_profiling_fields"":[{""id"":""ethnicity"",""name"":""Ethnicity"",""value"":""White""},{""id"":""highest_education_level_completed"",""name"":""Highest education level completed"",""value"":""Graduate degree (MA/MSc/MPhil/other)""},{""id"":""coronary_artery_disease"",""name"":""Coronary artery disease"",""value"":""Yes, and I had a medical procedure (e.g. stent or bypass surgery)""},{""id"":""gender"",""name"":""Gender"",""value"":""Man (including Trans Male/Trans Man)""},{""id"":""ethnicity_simplified"",""name"":""Ethnicity simplified"",""value"":""White""},{""id"":""country_of_birth"",""name"":""Country of birth"",""value"":""United Kingdom""},{""id"":""nationality"",""name"":""Nationality"",""value"":""United Kingdom""},{""id"":""language"",""name"":""Language"",""value"":""English""},{""id"":""student_status"",""name"":""Student status"",""value"":""No""},{""id"":""employment_status"",""name"":""Employment status"",""value"":""Full-Time""}]}",complete,GB,en,orchestra
ff770173-78a7-417f-b42e-97ba1b642402,prolific,15cff90b-cc24-5161-a02e-fcd794ab42d1,bca4106ae4b3e35cd02bdfa67305768b3e7365bbd3b87b21c7f59db43fdc45d1,fd72378090,unbookmarked,72,United Kingdom,Female,"{""panel_metadata"":{""status"":""AWAITING REVIEW"",""started_at"":""2025-11-17T16:33:30.851000Z"",""time_taken"":3483,""archived_at"":""2025-11-17T17:31:33.457818Z"",""completed_at"":""2025-11-17T17:31:32.980000Z"",""participant_id"":""58b603d2211f4500013aa451"",""completion_code"":""FDC0MPL3T3"",""total_approvals"":337,""custom_study_tncs_accepted_at"":""Not Applicable""},""extra_profiling_fields"":[{""id"":""ethnicity"",""name"":""Ethnicity"",""value"":""White""},{""id"":""highest_education_level_completed"",""name"":""Highest education level completed"",""value"":""Undergraduate degree (BA/BSc/other)""},{""id"":""coronary_artery_disease"",""name"":""Coronary artery disease"",""value"":""Yes, and I am taking risk-lowering medication (e.g. statin, aspirin, clopidogrel)""},{""id"":""gender"",""name"":""Gender"",""value"":""Woman (including Trans Female/Trans Woman)""},{""id"":""ethnicity_simplified"",""name"":""Ethnicity simplified"",""value"":""White""},{""id"":""country_of_birth"",""name"":""Country of birth"",""value"":""United Kingdom""},{""id"":""nationality"",""name"":""Nationality"",""value"":""United Kingdom""},{""id"":""language"",""name"":""Language"",""value"":""English""},{""id"":""student_status"",""name"":""Student status"",""value"":""No""},{""id"":""employment_status"",""name"":""Employment status"",""value"":""Not in paid work (e.g. homemaker', 'retired or disabled)""}]}",complete,GB,en,orchestra
ff770173-78a7-417f-b42e-97ba1b642402,prolific,789a1d3a-1467-5f0d-bb9c-c7ceb6c9e816,4c355bec2327422c2675a5771463bf69af1936f155e7f644ad54ce664c9788ce,fd35315414,unbookmarked,55,United Kingdom,Male,"{""panel_metadata"":{""status"":""AWAITING REVIEW"",""started_at"":""2025-11-12T15:27:49.443000Z"",""time_taken"":2232,""archived_at"":""2025-11-12T16:05:01.430204Z"",""completed_at"":""2025-11-12T16:05:00.856000Z"",""participant_id"":""5c0a502a2bfc8b0001813992"",""completion_code"":""FDC0MPL3T3"",""total_approvals"":2632,""custom_study_tncs_accepted_at"":""Not Applicable""},""extra_profiling_fields"":[{""id"":""heart_issues"",""name"":""Heart issues"",""value"":""Yes, and I have an implantable device (e.g. implantable cardiac defibrillator or ventricular assist device)""},{""id"":""ethnicity"",""name"":""Ethnicity"",""value"":""White""},{""id"":""highest_education_level_completed"",""name"":""Highest education level completed"",""value"":""Undergraduate degree (BA/BSc/other)""},{""id"":""gender"",""name"":""Gender"",""value"":""Man (including Trans Male/Trans Man)""},{""id"":""ethnicity_simplified"",""name"":""Ethnicity simplified"",""value"":""White""},{""id"":""country_of_birth"",""name"":""Country of birth"",""value"":""United Kingdom""},{""id"":""nationality"",""name"":""Nationality"",""value"":""United Kingdom""},{""id"":""language"",""name"":""Language"",""value"":""English""},{""id"":""student_status"",""name"":""Student status"",""value"":""No""},{""id"":""employment_status"",""name"":""Employment status"",""value"":""Full-Time""}]}",complete,GB,en,orchestra
ff770173-78a7-417f-b42e-97ba1b642402,prolific,986fd39c-5232-5f7b-a65c-13f7fa84f160,84f61fede0063b209960e6c325c22d5790b78223a03c6a61af0704da7066356b,fd96685516,unbookmarked,60,United Kingdom,Female,"{""panel_metadata"":{""status"":""AWAITING REVIEW"",""started_at"":""2025-11-12T16:12:42.254000Z"",""time_taken"":2717,""archived_at"":""2025-11-12T16:57:59.660860Z"",""completed_at"":""2025-11-12T16:57:59.227000Z"",""participant_id"":""6489cb79dbe4b49f0e893588"",""completion_code"":""FDC0MPL3T3"",""total_approvals"":312,""custom_study_tncs_accepted_at"":""Not Applicable""},""extra_profiling_fields"":[{""id"":""heart_issues"",""name"":""Heart issues"",""value"":""Yes, and I'm taking medication""},{""id"":""ethnicity"",""name"":""Ethnicity"",""value"":""White""},{""id"":""highest_education_level_completed"",""name"":""Highest education level completed"",""value"":""Undergraduate degree (BA/BSc/other)""},{""id"":""gender"",""name"":""Gender"",""value"":""Woman (including Trans Female/Trans Woman)""},{""id"":""ethnicity_simplified"",""name"":""Ethnicity simplified"",""value"":""White""},{""id"":""country_of_birth"",""name"":""Country of birth"",""value"":""United Kingdom""},{""id"":""nationality"",""name"":""Nationality"",""value"":""United Kingdom""},{""id"":""language"",""name"":""Language"",""value"":""English""},{""id"":""student_status"",""name"":""Student status"",""value"":""No""},{""id"":""employment_status"",""name"":""Employment status"",""value"":""Part-Time""}]}",complete,GB,en,orchestra
230247e0-46e3-494b-82a7-78eea3e0819e,prolific,664209cf8e841a3ddda3dcc6,45cce030a86ef04fd3742bbfb4d83c65f2c425e6c70a693c05c65b0de2d12df0,fd2742620656,unbookmarked,,,,,complete,GB,en,dashboard
230247e0-46e3-494b-82a7-78eea3e0819e,prolific,66420dd610603826947fa372,11afe679e2d50bc2292e3cbdb7e0aae19492eecb8b3b30cb41cedac83ff9b3e9,fd7349734377,unbookmarked,,,,,complete,GB,en,dashboard
ff770173-78a7-417f-b42e-97ba1b642402,prolific,9180c975-c346-5562-a96e-bc2c03b81a58,00f92691aa960fd34471aa49d9f5f5d7e0089ca6b14c5e5e905b54894e02fa28,fd83614749,unbookmarked,53,United Kingdom,Male,"{""panel_metadata"":{""status"":""AWAITING REVIEW"",""started_at"":""2025-11-17T19:07:47.557000Z"",""time_taken"":2727,""archived_at"":""2025-11-17T19:53:14.128110Z"",""completed_at"":""2025-11-17T19:53:13.674000Z"",""participant_id"":""66227700b26cd7c01ca380af"",""completion_code"":""FDC0MPL3T3"",""total_approvals"":1068,""custom_study_tncs_accepted_at"":""Not Applicable""},""extra_profiling_fields"":[{""id"":""ethnicity"",""name"":""Ethnicity"",""value"":""White""},{""id"":""highest_education_level_completed"",""name"":""Highest education level completed"",""value"":""Secondary education (e.g. GED/GCSE)""},{""id"":""coronary_artery_disease"",""name"":""Coronary artery disease"",""value"":""Yes, and I am taking risk-lowering medication (e.g. statin, aspirin, clopidogrel)""},{""id"":""gender"",""name"":""Gender"",""value"":""Man (including Trans Male/Trans Man)""},{""id"":""ethnicity_simplified"",""name"":""Ethnicity simplified"",""value"":""White""},{""id"":""country_of_birth"",""name"":""Country of birth"",""value"":""United Kingdom""},{""id"":""nationality"",""name"":""Nationality"",""value"":""United Kingdom""},{""id"":""language"",""name"":""Language"",""value"":""English""},{""id"":""student_status"",""name"":""Student status"",""value"":""No""},{""id"":""employment_status"",""name"":""Employment status"",""value"":""Not in paid work (e.g. homemaker', 'retired or disabled)""}]}",complete,GB,en,orchestra
80baa22b-f317-5af8-b3db-49c1035398b1,fd,4ef73630-ffca-4cec-9f83-face994da0ef,1142e5f1495fb21550f1e66d5fcd95d4773d1dd0b29827f6f08be3cf28322f78,fd3010115448,unbookmarked,,,,,complete,GB,en,orchestra
839407cf-6c6f-4ca0-836e-55049736bb13,fd,cf9db5ce-66d5-426d-977a-d11bc0126599,917282e3e3f6569f595997d2c8c17a3d344f3b133d00f6e212a6ce701289d963,fd0783218019,unbookmarked,,,,,complete,GB,en,dashboard
ff770173-78a7-417f-b42e-97ba1b642402,prolific,5578bca7-eaf2-56a0-85da-6eaf05b827fc,870566299d61dd8c6f65fef179b43cc3d2f37ec4573cd537d0ccfb9b0a87ec62,fd75489059,unbookmarked,72,United Kingdom,Male,"{""panel_metadata"":{""status"":""AWAITING REVIEW"",""started_at"":""2025-11-17T11:05:26.126000Z"",""time_taken"":3187,""archived_at"":""2025-11-17T11:58:32.796011Z"",""completed_at"":""2025-11-17T11:58:32.332000Z"",""participant_id"":""67a36295836566498f2a9c4d"",""completion_code"":""FDC0MPL3T3"",""total_approvals"":1120,""custom_study_tncs_accepted_at"":""Not Applicable""},""extra_profiling_fields"":[{""id"":""ethnicity"",""name"":""Ethnicity"",""value"":""White""},{""id"":""highest_education_level_completed"",""name"":""Highest education level completed"",""value"":""Secondary education (e.g. GED/GCSE)""},{""id"":""coronary_artery_disease"",""name"":""Coronary artery disease"",""value"":""Yes, and I am taking risk-lowering medication (e.g. statin, aspirin, clopidogrel)""},{""id"":""gender"",""name"":""Gender"",""value"":""Man (including Trans Male/Trans Man)""},{""id"":""ethnicity_simplified"",""name"":""Ethnicity simplified"",""value"":""White""},{""id"":""country_of_birth"",""name"":""Country of birth"",""value"":""United Kingdom""},{""id"":""nationality"",""name"":""Nationality"",""value"":""United Kingdom""},{""id"":""language"",""name"":""Language"",""value"":""English""},{""id"":""student_status"",""name"":""Student status"",""value"":""No""},{""id"":""employment_status"",""name"":""Employment status"",""value"":""Not in paid work (e.g. homemaker', 'retired or disabled)""}]}",complete,GB,en,orchestra
ff770173-78a7-417f-b42e-97ba1b642402,prolific,3b2b50ea-51d6-58de-a677-6cc67dbb4133,8d149cd9b9a2c9bafd905cdaa6320a898846b68ecde99e82ae34160b56a1dfe6,fd15446941,unbookmarked,70,United Kingdom,Male,"{""panel_metadata"":{""status"":""AWAITING REVIEW"",""started_at"":""2025-11-17T11:32:12.491000Z"",""time_taken"":3729,""archived_at"":""2025-11-17T12:34:21.242966Z"",""completed_at"":""2025-11-17T12:34:20.697000Z"",""participant_id"":""5ef37e2ca184db0e6896d19b"",""completion_code"":""FDC0MPL3T3"",""total_approvals"":3014,""custom_study_tncs_accepted_at"":""Not Applicable""},""extra_profiling_fields"":[{""id"":""ethnicity"",""name"":""Ethnicity"",""value"":""White""},{""id"":""highest_education_level_completed"",""name"":""Highest education level completed"",""value"":""Undergraduate degree (BA/BSc/other)""},{""id"":""coronary_artery_disease"",""name"":""Coronary artery disease"",""value"":""Yes, I had a heart attack""},{""id"":""gender"",""name"":""Gender"",""value"":""Man (including Trans Male/Trans Man)""},{""id"":""ethnicity_simplified"",""name"":""Ethnicity simplified"",""value"":""White""},{""id"":""country_of_birth"",""name"":""Country of birth"",""value"":""United Kingdom""},{""id"":""nationality"",""name"":""Nationality"",""value"":""United Kingdom""},{""id"":""language"",""name"":""Language"",""value"":""English""},{""id"":""student_status"",""name"":""Student status"",""value"":""No""},{""id"":""employment_status"",""name"":""Employment status"",""value"":""Not in paid work (e.g. homemaker', 'retired or disabled)""}]}",complete,GB,en,orchestra
ff770173-78a7-417f-b42e-97ba1b642402,prolific,e74d78e8-6a99-5894-a66b-b5094a486730,cffe9ff92806d67ca8a26973bd061133afef629c67ab71a73bbe782da97a0d10,fd28811321,unbookmarked,61,United Kingdom,Male,"{""panel_metadata"":{""status"":""AWAITING REVIEW"",""started_at"":""2025-11-12T12:42:52.510000Z"",""time_taken"":2646,""archived_at"":""2025-11-12T13:26:58.263451Z"",""completed_at"":""2025-11-12T13:26:57.796000Z"",""participant_id"":""66d31a1b0515fe747830bab9"",""completion_code"":""FDC0MPL3T3"",""total_approvals"":3605,""custom_study_tncs_accepted_at"":""Not Applicable""},""extra_profiling_fields"":[{""id"":""heart_issues"",""name"":""Heart issues"",""value"":""Yes, and I'm taking medication""},{""id"":""ethnicity"",""name"":""Ethnicity"",""value"":""White""},{""id"":""highest_education_level_completed"",""name"":""Highest education level completed"",""value"":""Technical/community college""},{""id"":""gender"",""name"":""Gender"",""value"":""Man (including Trans Male/Trans Man)""},{""id"":""ethnicity_simplified"",""name"":""Ethnicity simplified"",""value"":""White""},{""id"":""country_of_birth"",""name"":""Country of birth"",""value"":""United Kingdom""},{""id"":""nationality"",""name"":""Nationality"",""value"":""United Kingdom""},{""id"":""language"",""name"":""Language"",""value"":""English""},{""id"":""student_status"",""name"":""Student status"",""value"":""No""},{""id"":""employment_status"",""name"":""Employment status"",""value"":""Full-Time""}]}",complete,GB,en,orchestra
ff770173-78a7-417f-b42e-97ba1b642402,prolific,762ac46c-aabb-5168-8aa9-29e0d374cae9,c7bf362d13a88efd01ce6b391a6706b67604bd0101adf89a49bfde0e3b74f768,fd39543560,unbookmarked,49,United Kingdom,Female,"{""panel_metadata"":{""status"":""AWAITING REVIEW"",""started_at"":""2025-11-12T17:10:29.464000Z"",""time_taken"":3853,""archived_at"":""2025-11-12T18:14:42.775593Z"",""completed_at"":""2025-11-12T18:14:42.293000Z"",""participant_id"":""5e35373e1ddb124e6c306747"",""completion_code"":""FDC0MPL3T3"",""total_approvals"":3594,""custom_study_tncs_accepted_at"":""Not Applicable""},""extra_profiling_fields"":[{""id"":""heart_issues"",""name"":""Heart issues"",""value"":""Yes, but I'm not being treated for it""},{""id"":""ethnicity"",""name"":""Ethnicity"",""value"":""White""},{""id"":""highest_education_level_completed"",""name"":""Highest education level completed"",""value"":""Undergraduate degree (BA/BSc/other)""},{""id"":""gender"",""name"":""Gender"",""value"":""Woman (including Trans Female/Trans Woman)""},{""id"":""ethnicity_simplified"",""name"":""Ethnicity simplified"",""value"":""White""},{""id"":""country_of_birth"",""name"":""Country of birth"",""value"":""United Kingdom""},{""id"":""nationality"",""name"":""Nationality"",""value"":""United Kingdom""},{""id"":""language"",""name"":""Language"",""value"":""English""},{""id"":""student_status"",""name"":""Student status"",""value"":""Yes""},{""id"":""employment_status"",""name"":""Employment status"",""value"":""Full-Time""}]}",complete,GB,en,orchestra
230247e0-46e3-494b-82a7-78eea3e0819e,prolific,664205c5aafa9c3a9c416d06,13445be3383228660ce9c0e979c7af6f1e3fbb0a5490ada221b1e685f7f753f9,fd2451580921,unbookmarked,,,,,complete,GB,en,dashboard
230247e0-46e3-494b-82a7-78eea3e0819e,prolific,6642089cb0aca0e44c4ad86f,b59449210269f46672f6341f469b18040264055e24f3718b202b619288604a5f,fd1560650335,unbookmarked,,,,,complete,GB,en,dashboard
0a5269f6-bc51-4d87-9b70-8956261d65f1,prolific,6641ee79efe222b6e850bddd,ba185ee52d67c600e977e4f06592d3a1bb581f026f8ef77d166d7af5971f96b4,fd6994858676,unbookmarked,,,,,complete,GB,en,dashboard
230247e0-46e3-494b-82a7-78eea3e0819e,prolific,66420aad782e750a70ce3fa7,729b61ddca630611d235200f0824d3a906367fad8b7712e742b9fe0d22e59271,fd4656679537,unbookmarked,,,,,complete,GB,en,dashboard
5c52ff14-daf2-4114-8856-4c14de0fab8c,prolific,6640f8c7dc706d4622dbbca8,0d08432061e68f7c0a14f031a9d99a696aee2d47dd58444cbc47956bfe5ebc32,fd3434683442,unbookmarked,,,,,complete,GB,en,dashboard
5c52ff14-daf2-4114-8856-4c14de0fab8c,prolific,6640fa9a8c40da65fc194b43,58b3288fe776a566a185aad3284b53b0d51b4c9774122cb0fb9709c8cfa4921d,fd5608564253,unbookmarked,,,,,complete,GB,en,dashboard
230247e0-46e3-494b-82a7-78eea3e0819e,prolific,66420a54f5a49b05943a62de,09541483b676f648865689ed53a02a9dcf5bcd9467418ecc6fe7c3ef1e216629,fd6519120425,unbookmarked,,,,,complete,GB,en,dashboard
80baa22b-f317-5af8-b3db-49c1035398b1,fd,74657eda-2d91-4bee-9720-7a9b1f709c9b,e9143cad8b61aff9ab9406e8cca9034fff1d40347878ca759702f24f1ca398b2,fd0985365682,unbookmarked,,,,,complete,GB,en,orchestra
839407cf-6c6f-4ca0-836e-55049736bb13,fd,f220104b-9516-487f-8989-0d623a842a4a,db908d15fded7fb9c02d8177d96548fd88b30cd039d3cdb1be982bcea307ddaf,fd2706247087,unbookmarked,,,,,complete,GB,en,dashboard
ff770173-78a7-417f-b42e-97ba1b642402,prolific,d3db56a4-c093-50b8-b3cd-696cc68abb0f,3ad71e717ffa61baed596638fc91069c54066ec76cb3e6637b8d5349bef780f2,fd83103904,unbookmarked,70,United Kingdom,Female,"{""panel_metadata"":{""status"":""AWAITING REVIEW"",""started_at"":""2025-11-17T11:13:49.288000Z"",""time_taken"":1634,""archived_at"":""2025-11-17T11:41:03.537369Z"",""completed_at"":""2025-11-17T11:41:03.061000Z"",""participant_id"":""5b70758cf3dd6600010aa9eb"",""completion_code"":""FDC0MPL3T3"",""total_approvals"":2969,""custom_study_tncs_accepted_at"":""Not Applicable""},""extra_profiling_fields"":[{""id"":""ethnicity"",""name"":""Ethnicity"",""value"":""White""},{""id"":""highest_education_level_completed"",""name"":""Highest education level completed"",""value"":""High school diploma/A-levels""},{""id"":""coronary_artery_disease"",""name"":""Coronary artery disease"",""value"":""Yes, and I am taking risk-lowering medication (e.g. statin, aspirin, clopidogrel), Yes, and I had a medical procedure (e.g. stent or bypass surgery)""},{""id"":""gender"",""name"":""Gender"",""value"":""Woman (including Trans Female/Trans Woman)""},{""id"":""ethnicity_simplified"",""name"":""Ethnicity simplified"",""value"":""White""},{""id"":""country_of_birth"",""name"":""Country of birth"",""value"":""United Kingdom""},{""id"":""nationality"",""name"":""Nationality"",""value"":""United Kingdom""},{""id"":""language"",""name"":""Language"",""value"":""English""},{""id"":""student_status"",""name"":""Student status"",""value"":""No""},{""id"":""employment_status"",""name"":""Employment status"",""value"":""Not in paid work (e.g. homemaker', 'retired or disabled)""}]}",complete,GB,en,orchestra
ff770173-78a7-417f-b42e-97ba1b642402,prolific,a61c7ea8-7fe7-5630-8e56-7e0d9684b2b1,8ea1780b1a74d8db99bb395c4d9abd8ad15ab9d5dd9c2b7eea0d85c44ab1c9d3,fd68462879,unbookmarked,61,United Kingdom,Male,"{""panel_metadata"":{""status"":""AWAITING REVIEW"",""started_at"":""2025-11-18T07:43:30.515000Z"",""time_taken"":4422,""archived_at"":""2025-11-18T08:57:14.268529Z"",""completed_at"":""2025-11-18T08:57:11.585000Z"",""participant_id"":""5f08cdf2f48b131393a5ba40"",""completion_code"":""FDC0MPL3T3"",""total_approvals"":629,""custom_study_tncs_accepted_at"":""Not Applicable""},""extra_profiling_fields"":[{""id"":""ethnicity"",""name"":""Ethnicity"",""value"":""White""},{""id"":""highest_education_level_completed"",""name"":""Highest education level completed"",""value"":""Technical/community college""},{""id"":""coronary_artery_disease"",""name"":""Coronary artery disease"",""value"":""Yes, and I am taking risk-lowering medication (e.g. statin, aspirin, clopidogrel)""},{""id"":""gender"",""name"":""Gender"",""value"":""Man (including Trans Male/Trans Man)""},{""id"":""ethnicity_simplified"",""name"":""Ethnicity simplified"",""value"":""White""},{""id"":""country_of_birth"",""name"":""Country of birth"",""value"":""United Kingdom""},{""id"":""nationality"",""name"":""Nationality"",""value"":""United Kingdom""},{""id"":""language"",""name"":""Language"",""value"":""English""},{""id"":""student_status"",""name"":""Student status"",""value"":""No""},{""id"":""employment_status"",""name"":""Employment status"",""value"":""Unemployed (and job seeking)""}]}",complete,GB,en,orchestra
ff770173-78a7-417f-b42e-97ba1b642402,prolific,11e0f9ec-c1e9-528a-b714-3793c645dafd,be693813f19aa33e59464a601d451a0eb5297f772341303f4da6dd283ef6c606,fd05115871,unbookmarked,71,United Kingdom,Female,"{""panel_metadata"":{""status"":""AWAITING REVIEW"",""started_at"":""2025-11-12T15:08:45.467000Z"",""time_taken"":1591,""archived_at"":""2025-11-12T15:35:16.694267Z"",""completed_at"":""2025-11-12T15:35:16.264000Z"",""participant_id"":""63bec89e4ab1098cfe7106f5"",""completion_code"":""FDC0MPL3T3"",""total_approvals"":637,""custom_study_tncs_accepted_at"":""Not Applicable""},""extra_profiling_fields"":[{""id"":""heart_issues"",""name"":""Heart issues"",""value"":""Yes, and I'm taking medication""},{""id"":""ethnicity"",""name"":""Ethnicity"",""value"":""White""},{""id"":""highest_education_level_completed"",""name"":""Highest education level completed"",""value"":""Undergraduate degree (BA/BSc/other)""},{""id"":""gender"",""name"":""Gender"",""value"":""Woman (including Trans Female/Trans Woman)""},{""id"":""ethnicity_simplified"",""name"":""Ethnicity simplified"",""value"":""White""},{""id"":""country_of_birth"",""name"":""Country of birth"",""value"":""United Kingdom""},{""id"":""nationality"",""name"":""Nationality"",""value"":""United Kingdom""},{""id"":""language"",""name"":""Language"",""value"":""English""},{""id"":""student_status"",""name"":""Student status"",""value"":""No""}]}",complete,GB,en,orchestra
ff770173-78a7-417f-b42e-97ba1b642402,prolific,d8a417ea-6796-51fe-8f60-b63e51c14976,8e032745f8e0ff35d0424df33e51ac9b52b7f2e0b86bbcb222312cb10078bf40,fd58634018,unbookmarked,63,United Kingdom,Male,"{""panel_metadata"":{""status"":""AWAITING REVIEW"",""started_at"":""2025-11-12T15:58:19.299000Z"",""time_taken"":2594,""archived_at"":""2025-11-12T16:41:32.974352Z"",""completed_at"":""2025-11-12T16:41:32.550000Z"",""participant_id"":""6503387ff2dcacab8d73961f"",""completion_code"":""FDC0MPL3T3"",""total_approvals"":7,""custom_study_tncs_accepted_at"":""Not Applicable""},""extra_profiling_fields"":[{""id"":""heart_issues"",""name"":""Heart issues"",""value"":""Yes, and I'm taking medication""},{""id"":""ethnicity"",""name"":""Ethnicity"",""value"":""White""},{""id"":""highest_education_level_completed"",""name"":""Highest education level completed"",""value"":""High school diploma/A-levels""},{""id"":""gender"",""name"":""Gender"",""value"":""Man (including Trans Male/Trans Man)""},{""id"":""ethnicity_simplified"",""name"":""Ethnicity simplified"",""value"":""White""},{""id"":""country_of_birth"",""name"":""Country of birth"",""value"":""United Kingdom""},{""id"":""nationality"",""name"":""Nationality"",""value"":""United Kingdom""},{""id"":""language"",""name"":""Language"",""value"":""English""},{""id"":""student_status"",""name"":""Student status"",""value"":""No""},{""id"":""employment_status"",""name"":""Employment status"",""value"":""Part-Time""}]}",complete,GB,en,orchestra
ff770173-78a7-417f-b42e-97ba1b642402,prolific,e9a2f143-d17f-5deb-b920-92688e7321d1,f5260f5f3be9fc5360fee8a319aa8ad09b085e4448b899641b4ba0c25315d857,fd50954174,unbookmarked,93,United Kingdom,Female,"{""panel_metadata"":{""status"":""AWAITING REVIEW"",""started_at"":""2025-11-18T00:09:17.899000Z"",""time_taken"":4195,""archived_at"":""2025-11-18T01:19:12.949005Z"",""completed_at"":""2025-11-18T01:19:12.486000Z"",""participant_id"":""58895fdb2597a90001667a19"",""completion_code"":""FDC0MPL3T3"",""total_approvals"":1444,""custom_study_tncs_accepted_at"":""Not Applicable""},""extra_profiling_fields"":[{""id"":""ethnicity"",""name"":""Ethnicity"",""value"":""White""},{""id"":""highest_education_level_completed"",""name"":""Highest education level completed"",""value"":""Secondary education (e.g. GED/GCSE)""},{""id"":""coronary_artery_disease"",""name"":""Coronary artery disease"",""value"":""Yes, and I am taking risk-lowering medication (e.g. statin, aspirin, clopidogrel)""},{""id"":""gender"",""name"":""Gender"",""value"":""Woman (including Trans Female/Trans Woman)""},{""id"":""ethnicity_simplified"",""name"":""Ethnicity simplified"",""value"":""White""},{""id"":""country_of_birth"",""name"":""Country of birth"",""value"":""United Kingdom""},{""id"":""nationality"",""name"":""Nationality"",""value"":""United Kingdom""},{""id"":""language"",""name"":""Language"",""value"":""English""},{""id"":""student_status"",""name"":""Student status"",""value"":""No""},{""id"":""employment_status"",""name"":""Employment status"",""value"":""Not in paid work (e.g. homemaker', 'retired or disabled)""}]}",complete,GB,en,orchestra
b73fe0b1-ac1b-5203-b3c1-44caded12f3c,fd,93a889fe-f196-4918-821d-63a8968c3a8b,7690bf5083dcab7d803caa7cfc8985461dbb5978e98ee41ad3791c71d9641632,fd8361879090,unbookmarked,,,,,complete,FR,fr,orchestra
b73fe0b1-ac1b-5203-b3c1-44caded12f3c,fd,c75d3695-50c1-4715-bd6e-5d4b384f006f,5ba623f1d604d3b78c47a404894c46fd8e9224f6f045b015aea81282b1c88a49,fd5708136009,unbookmarked,,,,,complete,FR,fr,orchestra
ff770173-78a7-417f-b42e-97ba1b642402,prolific,0138a091-d3d0-5bfc-9694-5c2e9606059f,22579d9eedf7794af997c6e5733ae4e7461c12985030efbcec3acf5089d38c40,fd72295421,unbookmarked,48,United Kingdom,Female,"{""panel_metadata"":{""status"":""AWAITING REVIEW"",""started_at"":""2025-11-12T13:35:13.855000Z"",""time_taken"":2713,""archived_at"":""2025-11-12T14:20:27.000518Z"",""completed_at"":""2025-11-12T14:20:26.559000Z"",""participant_id"":""65bcf5f4bb0e97c27027be33"",""completion_code"":""FDC0MPL3T3"",""total_approvals"":925,""custom_study_tncs_accepted_at"":""Not Applicable""},""extra_profiling_fields"":[{""id"":""heart_issues"",""name"":""Heart issues"",""value"":""Yes, and I'm taking medication""},{""id"":""ethnicity"",""name"":""Ethnicity"",""value"":""White""},{""id"":""highest_education_level_completed"",""name"":""Highest education level completed"",""value"":""Undergraduate degree (BA/BSc/other)""},{""id"":""gender"",""name"":""Gender"",""value"":""Woman (including Trans Female/Trans Woman)""},{""id"":""ethnicity_simplified"",""name"":""Ethnicity simplified"",""value"":""White""},{""id"":""country_of_birth"",""name"":""Country of birth"",""value"":""United Kingdom""},{""id"":""nationality"",""name"":""Nationality"",""value"":""United Kingdom""},{""id"":""language"",""name"":""Language"",""value"":""English""},{""id"":""student_status"",""name"":""Student status"",""value"":""No""},{""id"":""employment_status"",""name"":""Employment status"",""value"":""Not in paid work (e.g. homemaker', 'retired or disabled)""}]}",complete,GB,en,orchestra
ff770173-78a7-417f-b42e-97ba1b642402,prolific,f2d9868e-dcea-5cdf-8575-6b62bad443f8,6d9afedbad65b4bf91b489baf5d15af90fea8dc2a933abf36b4929ad9cc33511,fd99056149,unbookmarked,57,United Kingdom,Male,"{""panel_metadata"":{""status"":""AWAITING REVIEW"",""started_at"":""2025-11-12T18:27:34.794000Z"",""time_taken"":1913,""archived_at"":""2025-11-12T18:59:27.661275Z"",""completed_at"":""2025-11-12T18:59:27.123000Z"",""participant_id"":""680cd016b488c57ebb6a8451"",""completion_code"":""FDC0MPL3T3"",""total_approvals"":294,""custom_study_tncs_accepted_at"":""Not Applicable""},""extra_profiling_fields"":[{""id"":""heart_issues"",""name"":""Heart issues"",""value"":""Yes, and I have an implantable device (e.g. implantable cardiac defibrillator or ventricular assist device)""},{""id"":""ethnicity"",""name"":""Ethnicity"",""value"":""Mixed""},{""id"":""highest_education_level_completed"",""name"":""Highest education level completed"",""value"":""Undergraduate degree (BA/BSc/other)""},{""id"":""gender"",""name"":""Gender"",""value"":""Man (including Trans Male/Trans Man)""},{""id"":""ethnicity_simplified"",""name"":""Ethnicity simplified"",""value"":""Mixed""},{""id"":""country_of_birth"",""name"":""Country of birth"",""value"":""United Kingdom""},{""id"":""nationality"",""name"":""Nationality"",""value"":""United Kingdom""},{""id"":""language"",""name"":""Language"",""value"":""English""},{""id"":""student_status"",""name"":""Student status"",""value"":""No""},{""id"":""employment_status"",""name"":""Employment status"",""value"":""Full-Time""}]}",complete,GB,en,orchestra
ff770173-78a7-417f-b42e-97ba1b642402,prolific,3b1f3803-06d0-5f3f-ac56-3f3343341f35,8fcd066acfabbd38eaf7d385cb8528d0024d5c0b9cbb08d13ab1011199457350,fd05485406,unbookmarked,75,United Kingdom,Female,"{""panel_metadata"":{""status"":""AWAITING REVIEW"",""started_at"":""2025-11-17T16:10:38.656000Z"",""time_taken"":7542,""archived_at"":""2025-11-17T18:20:00.870091Z"",""completed_at"":""2025-11-17T18:16:20.175000Z"",""participant_id"":""660169930e9f68ed0be7959a"",""completion_code"":""FDC0MPL3T3"",""total_approvals"":30,""custom_study_tncs_accepted_at"":""Not Applicable""},""extra_profiling_fields"":[{""id"":""ethnicity"",""name"":""Ethnicity"",""value"":""White""},{""id"":""highest_education_level_completed"",""name"":""Highest education level completed"",""value"":""Secondary education (e.g. GED/GCSE)""},{""id"":""coronary_artery_disease"",""name"":""Coronary artery disease"",""value"":""Yes, I had a heart attack, Yes, and I am taking risk-lowering medication (e.g. statin, aspirin, clopidogrel)""},{""id"":""gender"",""name"":""Gender"",""value"":""Woman (including Trans Female/Trans Woman)""},{""id"":""ethnicity_simplified"",""name"":""Ethnicity simplified"",""value"":""White""},{""id"":""country_of_birth"",""name"":""Country of birth"",""value"":""United Kingdom""},{""id"":""nationality"",""name"":""Nationality"",""value"":""United Kingdom""},{""id"":""language"",""name"":""Language"",""value"":""English""}]}",complete,GB,en,orchestra
ff770173-78a7-417f-b42e-97ba1b642402,prolific,ef41cc66-b2de-5ad6-b3a9-e6120214574b,a637dad9957d0223deb1707a72b69b8357c82603d958b3c0ba93b37bc7974694,fd02521467,unbookmarked,54,United Kingdom,Female,"{""panel_metadata"":{""status"":""AWAITING REVIEW"",""started_at"":""2025-11-12T17:10:20.790000Z"",""time_taken"":1665,""archived_at"":""2025-11-12T17:39:26.781677Z"",""completed_at"":""2025-11-12T17:38:04.982000Z"",""participant_id"":""6701f65ca63a3fae9d2e820e"",""completion_code"":""FDC0MPL3T3"",""total_approvals"":520,""custom_study_tncs_accepted_at"":""Not Applicable""},""extra_profiling_fields"":[{""id"":""heart_issues"",""name"":""Heart issues"",""value"":""Yes, and I'm taking medication""},{""id"":""ethnicity"",""name"":""Ethnicity"",""value"":""White""},{""id"":""highest_education_level_completed"",""name"":""Highest education level completed"",""value"":""High school diploma/A-levels""},{""id"":""gender"",""name"":""Gender"",""value"":""Woman (including Trans Female/Trans Woman)""},{""id"":""ethnicity_simplified"",""name"":""Ethnicity simplified"",""value"":""White""},{""id"":""country_of_birth"",""name"":""Country of birth"",""value"":""United Kingdom""},{""id"":""nationality"",""name"":""Nationality"",""value"":""United Kingdom""},{""id"":""language"",""name"":""Language"",""value"":""English""},{""id"":""student_status"",""name"":""Student status"",""value"":""No""},{""id"":""employment_status"",""name"":""Employment status"",""value"":""Part-Time""}]}",complete,GB,en,orchestra
ff770173-78a7-417f-b42e-97ba1b642402,prolific,2cdfd32a-56f9-5659-9e99-624cb84cd12d,4a2c067b3f4704f34887cb5ceac5d875a577f312d8db9a749a5bc3310619136f,fd87590072,unbookmarked,48,United Kingdom,Female,"{""panel_metadata"":{""status"":""AWAITING REVIEW"",""started_at"":""2025-11-12T16:00:38.078000Z"",""time_taken"":2280,""archived_at"":""2025-11-12T16:38:38.162429Z"",""completed_at"":""2025-11-12T16:38:37.715000Z"",""participant_id"":""66d7fdc9589489b3bd289351"",""completion_code"":""FDC0MPL3T3"",""total_approvals"":50,""custom_study_tncs_accepted_at"":""Not Applicable""},""extra_profiling_fields"":[{""id"":""heart_issues"",""name"":""Heart issues"",""value"":""Yes, but I'm not being treated for it""},{""id"":""ethnicity"",""name"":""Ethnicity"",""value"":""White""},{""id"":""highest_education_level_completed"",""name"":""Highest education level completed"",""value"":""Graduate degree (MA/MSc/MPhil/other)""},{""id"":""gender"",""name"":""Gender"",""value"":""Woman (including Trans Female/Trans Woman)""},{""id"":""ethnicity_simplified"",""name"":""Ethnicity simplified"",""value"":""White""},{""id"":""country_of_birth"",""name"":""Country of birth"",""value"":""Andorra""},{""id"":""nationality"",""name"":""Nationality"",""value"":""United Kingdom""},{""id"":""language"",""name"":""Language"",""value"":""Catalan""},{""id"":""student_status"",""name"":""Student status"",""value"":""No""},{""id"":""employment_status"",""name"":""Employment status"",""value"":""Full-Time""}]}",complete,GB,en,orchestra
b73fe0b1-ac1b-5203-b3c1-44caded12f3c,fd,e717432a-3f10-4472-80bd-9dfc4923ac31,942deeb608745b8df71f53680ce434c158c5ddc300ff5ed3791959737e0a856a,fd3291553130,unbookmarked,,,,,complete,FR,fr,orchestra
ff770173-78a7-417f-b42e-97ba1b642402,prolific,2dd494d8-67a7-50dd-bbf7-5c669e4def7b,c5526a352a8e41aaeadc7fd4abca3c5e936a45fd273df8156bdf9680860f7893,fd86301207,unbookmarked,59,United Kingdom,Male,"{""panel_metadata"":{""status"":""AWAITING REVIEW"",""started_at"":""2025-11-12T17:58:09.645000Z"",""time_taken"":3375,""archived_at"":""2025-11-12T18:54:24.771906Z"",""completed_at"":""2025-11-12T18:54:24.290000Z"",""participant_id"":""5e54082eb6e7cd414d4eae0e"",""completion_code"":""FDC0MPL3T3"",""total_approvals"":1796,""custom_study_tncs_accepted_at"":""Not Applicable""},""extra_profiling_fields"":[{""id"":""heart_issues"",""name"":""Heart issues"",""value"":""Yes, and I'm taking medication""},{""id"":""ethnicity"",""name"":""Ethnicity"",""value"":""White""},{""id"":""highest_education_level_completed"",""name"":""Highest education level completed"",""value"":""Secondary education (e.g. GED/GCSE)""},{""id"":""gender"",""name"":""Gender"",""value"":""Man (including Trans Male/Trans Man)""},{""id"":""ethnicity_simplified"",""name"":""Ethnicity simplified"",""value"":""White""},{""id"":""country_of_birth"",""name"":""Country of birth"",""value"":""United Kingdom""},{""id"":""nationality"",""name"":""Nationality"",""value"":""United Kingdom""},{""id"":""language"",""name"":""Language"",""value"":""English""},{""id"":""student_status"",""name"":""Student status"",""value"":""No""},{""id"":""employment_status"",""name"":""Employment status"",""value"":""Not in paid work (e.g. homemaker', 'retired or disabled)""}]}",complete,GB,en,orchestra
ff770173-78a7-417f-b42e-97ba1b642402,prolific,f8903393-61ce-5ef3-a558-e33cd552eea8,8f4401a1cd5e8b9dcb60291e6f96c704d55b88aa096b2a7b8269df0ffcd12f11,fd36136035,unbookmarked,59,United Kingdom,Male,"{""panel_metadata"":{""status"":""AWAITING REVIEW"",""started_at"":""2025-11-12T17:44:11.904000Z"",""time_taken"":3913,""archived_at"":""2025-11-12T18:49:25.244739Z"",""completed_at"":""2025-11-12T18:49:24.825000Z"",""participant_id"":""678a70f433e6905acd989cfb"",""completion_code"":""FDC0MPL3T3"",""total_approvals"":19,""custom_study_tncs_accepted_at"":""Not Applicable""},""extra_profiling_fields"":[{""id"":""heart_issues"",""name"":""Heart issues"",""value"":""Yes, and I have an implantable device (e.g. implantable cardiac defibrillator or ventricular assist device)""},{""id"":""ethnicity"",""name"":""Ethnicity"",""value"":""White""},{""id"":""highest_education_level_completed"",""name"":""Highest education level completed"",""value"":""High school diploma/A-levels""},{""id"":""gender"",""name"":""Gender"",""value"":""Man (including Trans Male/Trans Man)""},{""id"":""ethnicity_simplified"",""name"":""Ethnicity simplified"",""value"":""White""},{""id"":""country_of_birth"",""name"":""Country of birth"",""value"":""United Kingdom""},{""id"":""nationality"",""name"":""Nationality"",""value"":""United Kingdom""},{""id"":""language"",""name"":""Language"",""value"":""English""}]}",complete,GB,en,orchestra
ff770173-78a7-417f-b42e-97ba1b642402,prolific,fc1ee3bf-03cf-5e74-b958-c171f662cffb,a627708a7dc090b1d7f12102bb8a10fdac0d03becf0b5d98f632b092736c38f0,fd25321985,unbookmarked,40,United Kingdom,Female,"{""panel_metadata"":{""status"":""AWAITING REVIEW"",""started_at"":""2025-11-17T15:16:48.560000Z"",""time_taken"":2841,""archived_at"":""2025-11-17T16:04:09.952930Z"",""completed_at"":""2025-11-17T16:04:09.420000Z"",""participant_id"":""5f5d51785a31085a80509958"",""completion_code"":""FDC0MPL3T3"",""total_approvals"":1496,""custom_study_tncs_accepted_at"":""Not Applicable""},""extra_profiling_fields"":[{""id"":""ethnicity"",""name"":""Ethnicity"",""value"":""Other (please feel free to let us know your ethnicity via email)""},{""id"":""highest_education_level_completed"",""name"":""Highest education level completed"",""value"":""Undergraduate degree (BA/BSc/other)""},{""id"":""coronary_artery_disease"",""name"":""Coronary artery disease"",""value"":""Yes, and I had a medical procedure (e.g. stent or bypass surgery)""},{""id"":""gender"",""name"":""Gender"",""value"":""Woman (including Trans Female/Trans Woman)""},{""id"":""ethnicity_simplified"",""name"":""Ethnicity simplified"",""value"":""White""},{""id"":""country_of_birth"",""name"":""Country of birth"",""value"":""Bosnia and Herzegovina""},{""id"":""nationality"",""name"":""Nationality"",""value"":""United Kingdom""},{""id"":""language"",""name"":""Language"",""value"":""Croatian""},{""id"":""student_status"",""name"":""Student status"",""value"":""No""},{""id"":""employment_status"",""name"":""Employment status"",""value"":""Part-Time""}]}",complete,GB,en,orchestra
ff770173-78a7-417f-b42e-97ba1b642402,prolific,87d50a9a-f532-5032-8299-496e4cd73c55,a3408aa4ddcdc11f37dd683a3cae28dfe7f0de815537feb611cc2a1d584dcf68,fd45507175,unbookmarked,68,United Kingdom,Male,"{""panel_metadata"":{""status"":""AWAITING REVIEW"",""started_at"":""2025-11-17T13:44:41.412000Z"",""time_taken"":3621,""archived_at"":""2025-11-17T14:45:01.873730Z"",""completed_at"":""2025-11-17T14:45:01.442000Z"",""participant_id"":""60ad6674ff744996afd1b531"",""completion_code"":""FDC0MPL3T3"",""total_approvals"":1355,""custom_study_tncs_accepted_at"":""Not Applicable""},""extra_profiling_fields"":[{""id"":""ethnicity"",""name"":""Ethnicity"",""value"":""White""},{""id"":""highest_education_level_completed"",""name"":""Highest education level completed"",""value"":""Undergraduate degree (BA/BSc/other)""},{""id"":""coronary_artery_disease"",""name"":""Coronary artery disease"",""value"":""Yes, and I had a medical procedure (e.g. stent or bypass surgery)""},{""id"":""gender"",""name"":""Gender"",""value"":""Man (including Trans Male/Trans Man)""},{""id"":""ethnicity_simplified"",""name"":""Ethnicity simplified"",""value"":""White""},{""id"":""country_of_birth"",""name"":""Country of birth"",""value"":""United Kingdom""},{""id"":""nationality"",""name"":""Nationality"",""value"":""United Kingdom""},{""id"":""language"",""name"":""Language"",""value"":""English""},{""id"":""student_status"",""name"":""Student status"",""value"":""No""}]}",complete,GB,en,orchestra
76e91840-4815-4e29-84ec-1eea4a7f9ea1,prolific,6640f2877e66a06af6ba89ef,f0d3143283c2433d04b9bf1142cf6946c233be85ecf4f593462390e5f48d0674,fd4550660724,unbookmarked,,,,,complete,GB,en,dashboard
76e91840-4815-4e29-84ec-1eea4a7f9ea1,prolific,6640f209532fbc1394f8cb,c2d8bceb6c8636da758bef3aefd7176873b3009787675e9ea087fecec2efb06f,fd9853742191,unbookmarked,,,,,complete,GB,en,dashboard
ff770173-78a7-417f-b42e-97ba1b642402,prolific,57466df4-58e4-5427-a5c8-917dbd7f55af,3af5f652c236ec6dcd80a0cd6327252c25a34c8d1182e5bc44c1c03da39f6fb0,fd41755544,unbookmarked,65,United Kingdom,Male,"{""panel_metadata"":{""status"":""AWAITING REVIEW"",""started_at"":""2025-11-17T14:25:17.130000Z"",""time_taken"":2313,""archived_at"":""2025-11-17T15:03:51.564411Z"",""completed_at"":""2025-11-17T15:03:49.821000Z"",""participant_id"":""63d3f951dd046a4bc2b9cea9"",""completion_code"":""FDC0MPL3T3"",""total_approvals"":781,""custom_study_tncs_accepted_at"":""Not Applicable""},""extra_profiling_fields"":[{""id"":""ethnicity"",""name"":""Ethnicity"",""value"":""White""},{""id"":""highest_education_level_completed"",""name"":""Highest education level completed"",""value"":""Undergraduate degree (BA/BSc/other)""},{""id"":""coronary_artery_disease"",""name"":""Coronary artery disease"",""value"":""Yes, I had a heart attack""},{""id"":""gender"",""name"":""Gender"",""value"":""Man (including Trans Male/Trans Man)""},{""id"":""ethnicity_simplified"",""name"":""Ethnicity simplified"",""value"":""White""},{""id"":""country_of_birth"",""name"":""Country of birth"",""value"":""United Kingdom""},{""id"":""nationality"",""name"":""Nationality"",""value"":""United Kingdom""},{""id"":""language"",""name"":""Language"",""value"":""English""},{""id"":""student_status"",""name"":""Student status"",""value"":""No""},{""id"":""employment_status"",""name"":""Employment status"",""value"":""Full-Time""}]}",complete,GB,en,orchestra
b73fe0b1-ac1b-5203-b3c1-44caded12f3c,fd,68acab45-dc91-46cb-96b7-ec253278ad8a,f7897d0cbccc9d1c214f608ca0bb403e6530a174467a090dd048c399b2a2ce49,fd5568644681,unbookmarked,,,,,complete,FR,fr,orchestra
ff770173-78a7-417f-b42e-97ba1b642402,prolific,35c097fd-fc02-53dd-acb7-be2e1463af48,5373d400c8361db87962f37752b76929b71d9d311502d393373c34b0b2399d55,fd10043765,unbookmarked,55,United Kingdom,Male,"{""panel_metadata"":{""status"":""ACTIVE"",""started_at"":""2025-11-12T19:14:15.798000Z"",""time_taken"":359,""archived_at"":""2025-11-12T19:20:14.284529Z"",""participant_id"":""67ab683a8ee407704d374875"",""total_approvals"":864,""custom_study_tncs_accepted_at"":""Not Applicable""},""extra_profiling_fields"":[{""id"":""heart_issues"",""name"":""Heart issues"",""value"":""Yes, and I'm taking medication""},{""id"":""ethnicity"",""name"":""Ethnicity"",""value"":""South Asian""},{""id"":""highest_education_level_completed"",""name"":""Highest education level completed"",""value"":""High school diploma/A-levels""},{""id"":""gender"",""name"":""Gender"",""value"":""Man (including Trans Male/Trans Man)""},{""id"":""ethnicity_simplified"",""name"":""Ethnicity simplified"",""value"":""Asian""},{""id"":""country_of_birth"",""name"":""Country of birth"",""value"":""Sri Lanka""},{""id"":""nationality"",""name"":""Nationality"",""value"":""United Kingdom""},{""id"":""language"",""name"":""Language"",""value"":""English""},{""id"":""student_status"",""name"":""Student status"",""value"":""No""},{""id"":""employment_status"",""name"":""Employment status"",""value"":""Other""}]}",complete,GB,en,orchestra
ff770173-78a7-417f-b42e-97ba1b642402,prolific,1e8f04b7-8c56-5495-b01e-8c23fb39dde9,9ede03b473bc234ea28aeee97cb9f69c34dfd81cc76b6b7bb6f7309481f65ec6,fd86902695,unbookmarked,52,United Kingdom,Male,"{""panel_metadata"":{""status"":""AWAITING REVIEW"",""started_at"":""2025-11-18T20:58:11.490000Z"",""time_taken"":1747,""archived_at"":""2025-11-18T21:27:18.521149Z"",""completed_at"":""2025-11-18T21:27:18.052000Z"",""participant_id"":""67fcdb3f9b7fa9fcfa64520b"",""completion_code"":""FDC0MPL3T3"",""total_approvals"":90,""custom_study_tncs_accepted_at"":""Not Applicable""},""extra_profiling_fields"":[{""id"":""ethnicity"",""name"":""Ethnicity"",""value"":""White""},{""id"":""highest_education_level_completed"",""name"":""Highest education level completed"",""value"":""Doctorate degree (PhD/other)""},{""id"":""coronary_artery_disease"",""name"":""Coronary artery disease"",""value"":""Yes, and I had a medical procedure (e.g. stent or bypass surgery)""},{""id"":""gender"",""name"":""Gender"",""value"":""Man (including Trans Male/Trans Man)""},{""id"":""ethnicity_simplified"",""name"":""Ethnicity simplified"",""value"":""White""},{""id"":""country_of_birth"",""name"":""Country of birth"",""value"":""United Kingdom""},{""id"":""nationality"",""name"":""Nationality"",""value"":""United Kingdom""},{""id"":""language"",""name"":""Language"",""value"":""English""}]}",complete,GB,en,orchestra
ff770173-78a7-417f-b42e-97ba1b642402,prolific,1b664312-5b74-5dd4-99db-a098acf1cec7,00d148971a7553865ff57e8ca7c6b12757ea4d3ee26a4775c8f86492809afde9,fd49640234,unbookmarked,67,United Kingdom,Male,"{""panel_metadata"":{""status"":""AWAITING REVIEW"",""started_at"":""2025-11-17T11:08:43.044000Z"",""time_taken"":2959,""archived_at"":""2025-11-17T11:58:01.744352Z"",""completed_at"":""2025-11-17T11:58:01.291000Z"",""participant_id"":""66e9aa9cfdc4417c21920443"",""completion_code"":""FDC0MPL3T3"",""total_approvals"":1073,""custom_study_tncs_accepted_at"":""Not Applicable""},""extra_profiling_fields"":[{""id"":""ethnicity"",""name"":""Ethnicity"",""value"":""White""},{""id"":""highest_education_level_completed"",""name"":""Highest education level completed"",""value"":""Undergraduate degree (BA/BSc/other)""},{""id"":""coronary_artery_disease"",""name"":""Coronary artery disease"",""value"":""Yes, I had a heart attack""},{""id"":""gender"",""name"":""Gender"",""value"":""Man (including Trans Male/Trans Man)""},{""id"":""ethnicity_simplified"",""name"":""Ethnicity simplified"",""value"":""White""},{""id"":""country_of_birth"",""name"":""Country of birth"",""value"":""United Kingdom""},{""id"":""nationality"",""name"":""Nationality"",""value"":""United Kingdom""},{""id"":""language"",""name"":""Language"",""value"":""English""},{""id"":""student_status"",""name"":""Student status"",""value"":""No""},{""id"":""employment_status"",""name"":""Employment status"",""value"":""Not in paid work (e.g. homemaker', 'retired or disabled)""}]}",complete,GB,en,orchestra
ff770173-78a7-417f-b42e-97ba1b642402,prolific,a8262b48-6b6d-5391-beae-e620dc4bf0da,f1936eb25cd0abd16d134fdd3ffa75e4d6562282547ec8d3e327a2fe3947d075,fd92384218,unbookmarked,78,United Kingdom,Female,"{""panel_metadata"":{""status"":""AWAITING REVIEW"",""started_at"":""2025-11-17T19:36:13.075000Z"",""time_taken"":2420,""archived_at"":""2025-11-17T20:16:33.568095Z"",""completed_at"":""2025-11-17T20:16:33.011000Z"",""participant_id"":""5eab13155a85f50c05f6e9f7"",""completion_code"":""FDC0MPL3T3"",""total_approvals"":1563,""custom_study_tncs_accepted_at"":""Not Applicable""},""extra_profiling_fields"":[{""id"":""ethnicity"",""name"":""Ethnicity"",""value"":""White""},{""id"":""highest_education_level_completed"",""name"":""Highest education level completed"",""value"":""Undergraduate degree (BA/BSc/other)""},{""id"":""coronary_artery_disease"",""name"":""Coronary artery disease"",""value"":""Yes, and I am taking risk-lowering medication (e.g. statin, aspirin, clopidogrel), Yes, and I had a medical procedure (e.g. stent or bypass surgery)""},{""id"":""gender"",""name"":""Gender"",""value"":""Woman (including Trans Female/Trans Woman)""},{""id"":""ethnicity_simplified"",""name"":""Ethnicity simplified"",""value"":""White""},{""id"":""country_of_birth"",""name"":""Country of birth"",""value"":""United Kingdom""},{""id"":""nationality"",""name"":""Nationality"",""value"":""United Kingdom""},{""id"":""language"",""name"":""Language"",""value"":""English""},{""id"":""student_status"",""name"":""Student status"",""value"":""No""},{""id"":""employment_status"",""name"":""Employment status"",""value"":""Not in paid work (e.g. homemaker', 'retired or disabled)""}]}",complete,GB,en,orchestra
ff770173-78a7-417f-b42e-97ba1b642402,prolific,17d5d057-fa9b-528d-be49-a874cccd06cf,39f049322e5455b8d68c8abfcb81d763499bf09b7a6c949d1b9901bc2159f67e,fd74611268,unbookmarked,61,United Kingdom,Male,"{""panel_metadata"":{""status"":""AWAITING REVIEW"",""started_at"":""2025-11-17T15:09:04.910000Z"",""time_taken"":4160,""archived_at"":""2025-11-17T16:18:25.201563Z"",""completed_at"":""2025-11-17T16:18:24.764000Z"",""participant_id"":""60f5df9db9380d875c320307"",""completion_code"":""FDC0MPL3T3"",""total_approvals"":5162,""custom_study_tncs_accepted_at"":""Not Applicable""},""extra_profiling_fields"":[{""id"":""ethnicity"",""name"":""Ethnicity"",""value"":""White""},{""id"":""highest_education_level_completed"",""name"":""Highest education level completed"",""value"":""Graduate degree (MA/MSc/MPhil/other)""},{""id"":""coronary_artery_disease"",""name"":""Coronary artery disease"",""value"":""Yes, and I had a medical procedure (e.g. stent or bypass surgery)""},{""id"":""gender"",""name"":""Gender"",""value"":""Man (including Trans Male/Trans Man)""},{""id"":""ethnicity_simplified"",""name"":""Ethnicity simplified"",""value"":""White""},{""id"":""country_of_birth"",""name"":""Country of birth"",""value"":""United Kingdom""},{""id"":""nationality"",""name"":""Nationality"",""value"":""United Kingdom""},{""id"":""language"",""name"":""Language"",""value"":""English""},{""id"":""student_status"",""name"":""Student status"",""value"":""No""},{""id"":""employment_status"",""name"":""Employment status"",""value"":""Full-Time""}]}",complete,GB,en,orchestra
37c240b1-7a04-5f75-974e-280b69b0e792,prolific,6977b03cb3355c73ec4abedc,0300c3cd30bef84db915a414d0bb896b63add879dd061e6dec13cb80c8f6eb92,fd0333667218,unbookmarked,,,,"{""panel_metadata"":{""int_type"":""Input should be a valid integer"",""string_type"":""Input should be a valid string""},""extra_profiling_fields"":[]}",complete,GB,en,orchestra
b73fe0b1-ac1b-5203-b3c1-44caded12f3c,fd,4c3f363d-ed2e-4d64-8840-329dac177ed0,ddc5dd1dae0e7d5ee1933d6c8c61c5669104272bbcd592a977320ee462618dc5,fd8256271813,unbookmarked,,,,,complete,FR,fr,orchestra
1b820b5b-eeff-47b0-b2e1-e5ca2c977058,fd,f7937275-8919-48ec-b1cf-0df4d68d557a,91e888136b42ce32379534a6ad1e1d4cccb6350aca5e3d023de2e238ed69a2a6,fd1285310118,unbookmarked,,,,,complete,GB,en,dashboard
ff770173-78a7-417f-b42e-97ba1b642402,prolific,193957fc-acba-5f33-a225-c0250764eac4,b53ac573b62fe63170bb777f436f6befe4e4eebecc3291c3b8d72d79e10b4c83,fd83903985,unbookmarked,41,United Kingdom,Female,"{""panel_metadata"":{""status"":""AWAITING REVIEW"",""started_at"":""2025-11-18T09:25:54.635000Z"",""time_taken"":3018,""archived_at"":""2025-11-18T10:16:12.564675Z"",""completed_at"":""2025-11-18T10:16:12.123000Z"",""participant_id"":""5cf6ee10d5478e0001da72bd"",""completion_code"":""FDC0MPL3T3"",""total_approvals"":3266,""custom_study_tncs_accepted_at"":""Not Applicable""},""extra_profiling_fields"":[{""id"":""ethnicity"",""name"":""Ethnicity"",""value"":""White""},{""id"":""highest_education_level_completed"",""name"":""Highest education level completed"",""value"":""Undergraduate degree (BA/BSc/other)""},{""id"":""coronary_artery_disease"",""name"":""Coronary artery disease"",""value"":""Yes, and I had a medical procedure (e.g. stent or bypass surgery), Yes, and I am taking risk-lowering medication (e.g. statin, aspirin, clopidogrel)""},{""id"":""gender"",""name"":""Gender"",""value"":""Woman (including Trans Female/Trans Woman)""},{""id"":""ethnicity_simplified"",""name"":""Ethnicity simplified"",""value"":""White""},{""id"":""country_of_birth"",""name"":""Country of birth"",""value"":""United Kingdom""},{""id"":""nationality"",""name"":""Nationality"",""value"":""United Kingdom""},{""id"":""language"",""name"":""Language"",""value"":""English""},{""id"":""student_status"",""name"":""Student status"",""value"":""No""},{""id"":""employment_status"",""name"":""Employment status"",""value"":""Full-Time""}]}",complete,GB,en,orchestra
0578f142-dd29-5728-877e-6a90243db1ed,fd,f6d8a7b0-5e96-413e-9bf3-efb385f5e093,529d0b0578e8b04966f12ea5a40d12e3e39cc07b7c0b5bfebeaa89dba3bc1023,fd6754157603,unbookmarked,,,,,complete,GB,en,orchestra
0a5269f6-bc51-4d87-9b70-8956261d65f1,prolific,664232caf911064229cd77a4,29f5eca572425707470df7ad720b9a73f6d276082a8323358d92e4d91d60715a,fd0517569882,unbookmarked,,,,,complete,GB,en,dashboard
80bb97a2-ad61-4759-b405-16edac47efa8,prolific,65f04b9e43190df545321625,f2ec564904905ffc38d8908cac35fd5dd3912977b165fec0ffa99fb3d9fb9f51,fd3507656529,unbookmarked,31,South Africa,Male,"{""panel_metadata"":{""Status"":""APPROVED"",""Started at"":""2024-03-12T12:33:45.749000Z"",""Time taken"":""981.0"",""Archived at"":""2024-03-12T12:50:06.768653Z"",""Reviewed at"":""2024-03-12T17:40:21.309000Z"",""Completed at"":""2024-03-12T12:50:06.262000Z"",""Participant id"":""6102db96d41a4bf54acd678b"",""Completion code"":""NOCODE"",""Total approvals"":""353"",""Custom study tncs accepted at"":""Not Applicable""},""extra_profiling_fields"":{""Language"":""English"",""Nationality"":""Zimbabwe"",""Car ownership"":""I own a car"",""Student status"":""Yes"",""Country of birth"":""Zimbabwe"",""Employment status"":""Full-Time"",""Ethnicity simplified"":""Black""}}",complete,GB,en,dashboard
5c52ff14-daf2-4114-8856-4c14de0fab8c,prolific,6640f98db805e91080e14aa1,d7d084a78fc2089e440022720035f528122038fc1d00ba61b43dfb0efbeb5b95,fd1579004821,unbookmarked,,,,,complete,GB,en,dashboard
230247e0-46e3-494b-82a7-78eea3e0819e,prolific,66420d175ab67f661627d707,dfd420e8ec8d9b81022b63098affb11c15c4abcafe9cb87a88eaafb5b72e3bc1,fd2321047489,unbookmarked,,,,,complete,GB,en,dashboard
76e91840-4815-4e29-84ec-1eea4a7f9ea1,prolific,6640f26bbaba3dae201a4116,7451225e9b70ddb0f302659b6929b30fcc56922f73eb32ff7ef7ed1560e65b0b,fd7448409867,unbookmarked,,,,,complete,GB,en,dashboard
0a5269f6-bc51-4d87-9b70-8956261d65f1,prolific,664232c0bc269536305fc551,e8f341d59b3708873f3313f4012df3aa0e4e861ec0f7b32ab4c30b266aa7594f,fd8863234383,unbookmarked,,,,,complete,GB,en,dashboard
230247e0-46e3-494b-82a7-78eea3e0819e,prolific,66420d7e7a3f633d16fc3119,6882380bd4effc8f8c78e27c42ec05dead0cd322a1128e17813bca2360593ba0,fd9778805664,unbookmarked,,,,,complete,GB,en,dashboard
5c52ff14-daf2-4114-8856-4c14de0fab8c,prolific,6640f9ab1cfe0c2d79a6be2d,2a3b1187dabd06329ff6a7c4c6a185a65bd2b7b06e94ff110dc9909134a64522,fd1832795426,unbookmarked,,,,,complete,GB,en,dashboard
c5d7f226-ddd7-4ed6-837f-6ddcc5951215,fd,8e69dc65-94ce-48f6-be4d-24ada29f753b,258811fb79a614990c52a8f77929cfdd4762db488a60bdc5317d3c4642465005,fd1757096965,unbookmarked,,,,,complete,GB,en,dashboard
230247e0-46e3-494b-82a7-78eea3e0819e,prolific,66420a84eec58e5003593c47,7c0f07d828d8c0408f445b930e9c6d4a7933a4da123f4b705190d84319a31cd8,fd1736896728,unbookmarked,,,,,complete,GB,en,dashboard
0a5269f6-bc51-4d87-9b70-8956261d65f1,prolific,664232cbfb59131e7696270f,7ec5d6b33db35be90e28ae33fbcc1dbfc0ec173b7d480991d0870d2d6add0a2f,fd1884466735,unbookmarked,,,,,complete,GB,en,dashboard
0a5269f6-bc51-4d87-9b70-8956261d65f1,prolific,664232c4424b08450a105dd9,8efdcca018bdab75e186678fc6485273c93b2bea2055dac26ccb34a90023846a,fd0349535338,unbookmarked,,,,,complete,GB,en,dashboard
5c52ff14-daf2-4114-8856-4c14de0fab8c,prolific,6640f8d66595c391c128b74f,c2d8bceb6c8636da758bef3aefd7176873b3009787675e9ea087fecec2efb06f,fd9853742191,unbookmarked,,,,,complete,GB,en,dashboard
5c52ff14-daf2-4114-8856-4c14de0fab8c,prolific,6640f728a7f7560d3590e2bc,a46824ad89f041145ce7ec4460212a7a22c282e3385badbd71414402b4b38b3e,fd5779169086,unbookmarked,,,,,complete,GB,en,dashboard
14ca8c07-8e34-40b3-879c-6ae8fa360345,fd,39326ae9-864f-4897-ac88-0421cee51c1a,53fdb14915c42778d8d981878a60b5230581d456162ff3a7c9b495f037ecfe6c,fd5785894508,unbookmarked,,,,,complete,GB,en,dashboard
14ca8c07-8e34-40b3-879c-6ae8fa360345,fd,de4378cd-659b-4149-9897-dc2d2bf62b76,77b3487bd78577285cf3a28ca2aa6589485d5c6cfa4f84cedf3127d9b1dc0f85,fd2728084357,unbookmarked,,,,,complete,GB,en,dashboard
06df8436-51c4-48c5-91ed-83579723fec3,fd,60b0fff8-2b1a-41f4-a861-4b9acdd1fb5d,86b6e720dc3b8ec4af8d77fb5bd07a2f2c2bdd3d0d32cb68a875d66e300be3aa,fd4055884714,unbookmarked,,,,,complete,GB,en,dashboard
f0d64968-839f-49c2-b60f-ed9f3293cd3c,prolific,6643562a4efae0492428c970,a495ee54151c467644577a2575e9d610176a78d61bef028cb6bea28d7121c1df,fd4020567519,unbookmarked,,,,,complete,GB,en,dashboard
80bb97a2-ad61-4759-b405-16edac47efa8,prolific,65f04ba61dc75091259ec48c,1830d81c394b38e2860d28cfde9484a6769224a1ab64f866b8519d892b3da2db,fd9919025883,unbookmarked,28,Poland,Female,"{""panel_metadata"":{""Status"":""APPROVED"",""Started at"":""2024-03-12T12:33:42.946000Z"",""Time taken"":""1124.0"",""Archived at"":""2024-03-12T12:52:27.523088Z"",""Reviewed at"":""2024-03-12T17:40:29.885000Z"",""Completed at"":""2024-03-12T12:52:26.927000Z"",""Participant id"":""5e7a5584718c83035a42519c"",""Completion code"":""C1E86DLB"",""Total approvals"":""452"",""Custom study tncs accepted at"":""Not Applicable""},""extra_profiling_fields"":{""Language"":""Polish"",""Nationality"":""Poland"",""Car ownership"":""I own a car"",""Student status"":""No"",""Country of birth"":""Poland"",""Employment status"":""Full-Time"",""Ethnicity simplified"":""White""}}",complete,GB,en,dashboard
7744596c-3422-4af5-8e92-ff8ca864a481,fd,7149f7e8-1cf7-43b2-b700-20db2389a475,11510d1d504fe26933f22f90a86e4c899e3a1e459ce707d2fe41cbab5d3e2470,fd5515307120,unbookmarked,,,,,complete,GB,en,dashboard
14a15b46-1011-44a4-a307-1bc84392886d,fd,dee7b0ea-5654-4707-ae46-bb32ae3f70b5,b6b356cdb24255a18dfeed93e8327c15b4fa614292d922262f980ce6b012c404,fd6408532996,unbookmarked,,,,,complete,GB,en,dashboard
c0b7fb4b-d832-4830-9379-c7d054c865f7,prolific,66423a54497679d28d0ec6f9,d93a5d174f70cd524873795bc935321cfd0b4db29bad6a691e7d9fb5f355d385,fd9737356165,unbookmarked,33,United Kingdom,Male,"{""panel_metadata"":{""Status"":""AWAITING REVIEW"",""Started at"":""2024-05-13T16:05:57.221000Z"",""Time taken"":""1872.0"",""Archived at"":""2024-05-13T16:37:09.651266Z"",""Reviewed at"":"""",""Completed at"":""2024-05-13T16:37:09.073000Z"",""Participant id"":""62dca9bf7e7ccd38b0cb492d"",""Completion code"":""C5W582JY"",""Total approvals"":""265"",""Custom study tncs accepted at"":""Not Applicable""},""extra_profiling_fields"":[{""id"":""highest_education_level_completed"",""name"":""Highest education level completed"",""value"":""Technical/community college""},{""id"":""household_income_(gbp)"",""name"":""Household income (gbp)"",""value"":""Rather not say""},{""id"":""current_uk_area_of_residence"",""name"":""Current uk area of residence"",""value"":""Northern Ireland""},{""id"":""home_internet_provider_u.k"",""name"":""Home internet provider u.k"",""value"":""BT Internet""},{""id"":""tv_streaming_services"",""name"":""Tv streaming services"",""value"":""Netflix, Disney+, NOW TV, Discovery+, BBC iPlayer""},{""id"":""ethnicity_simplified"",""name"":""Ethnicity simplified"",""value"":""White""},{""id"":""country_of_birth"",""name"":""Country of birth"",""value"":""United Kingdom""},{""id"":""nationality"",""name"":""Nationality"",""value"":""United Kingdom""},{""id"":""language"",""name"":""Language"",""value"":""English""},{""id"":""student_status"",""name"":""Student status"",""value"":""No""},{""id"":""employment_status"",""name"":""Employment status"",""value"":""Other""}]}",complete,GB,en,dashboard
8657f119-05d8-42cb-8523-ef9ef9e52d92,fd,7acebe46-3ab5-429e-b5ef-4303ff59b046,83daa0e18cc619853365da404d1cf166609c70621544ace0f71e147efe1da3df,fd2667751391,unbookmarked,,,,,complete,GB,en,dashboard
f0d64968-839f-49c2-b60f-ed9f3293cd3c,prolific,66435508d74270ad1e404f9b,f9a3644d1a58959bfea478fc9f4056d115802f02bef172812931f793393dc807,fd6888121351,unbookmarked,,,,,complete,GB,en,dashboard
4e7cc910-8af4-45ff-a423-7df00fa2d70a,fd,4e432629-7ecf-4803-8ddf-e99b7d9c381c,315bee9835f8b3242e0b7e1a4f15b40e01012186cb5b5c57afaf2b172be5afda,fd8620400602,unbookmarked,,,,,complete,GB,en,dashboard
230247e0-46e3-494b-82a7-78eea3e0819e,prolific,6642086a0ccf59e70857c71c,9764f9399dec3a20d6b5a2f9d257b67d7a780be0975ec74e8b32855d0e004847,fd9014179911,unbookmarked,,,,,complete,GB,en,dashboard
5c52ff14-daf2-4114-8856-4c14de0fab8c,prolific,6640f99394c829c8925a7a13,02563c6f0e5c67f96ea3491e0a5bd30d1db5ac3db976dfdb920f4b7a3afe4a89,fd3560486537,unbookmarked,,,,,complete,GB,en,dashboard
230247e0-46e3-494b-82a7-78eea3e0819e,prolific,6641ff56daa50259ac779ee4,fada3ff7a84b465b69b743252c7a2f6b8363a20e03cce0c7384196cbe0687a72,fd5432042098,unbookmarked,,,,,complete,GB,en,dashboard
230247e0-46e3-494b-82a7-78eea3e0819e,prolific,664205f6c8c35de097ee7887,ea3a01af70ad5436318fe17b34a68ea6d9de50d0fc1c991955bd52af6156df17,fd6745804567,unbookmarked,,,,,complete,GB,en,dashboard
14ca8c07-8e34-40b3-879c-6ae8fa360345,fd,dbdb2346-0500-4345-b59e-7ee342631e5f,e60b8b46b57bafe0291f5abc76968b94f5ec99729a7ea90f2d4dae5c6acf8794,fd2746084244,unbookmarked,,,,,complete,GB,en,dashboard
8657f119-05d8-42cb-8523-ef9ef9e52d92,fd,4537f6b8-3857-4e6f-897a-2408719dcd15,325502e3aeafdea49d777ab1832a22e37769146fb4c311f153936b70f8bdf61e,fd0997585438,unbookmarked,,,,,complete,GB,en,dashboard
f0d64968-839f-49c2-b60f-ed9f3293cd3c,prolific,664355fc1d3f3f09d9615141,39161f307b182dc89c1b61d7f1ec616354845a4cfc961f5895a48fdf9d903729,fd2097538857,unbookmarked,,,,,complete,GB,en,dashboard
0a5269f6-bc51-4d87-9b70-8956261d65f1,prolific,6641f3e6efe222b6e850bf63,a80c40342f97887d836bfc5313653884eb24c7c62556aef757b77b8d56f49ef7,fd3048860407,unbookmarked,,,,,complete,GB,en,dashboard
5c52ff14-daf2-4114-8856-4c14de0fab8c,prolific,6640f6feae2f08d135fb1db6,db813e5a5b9f519ef8f35028126941244f15aa492e8d0555de2b0a4d876c3460,fd6877003872,unbookmarked,,,,,complete,GB,en,dashboard
230247e0-46e3-494b-82a7-78eea3e0819e,prolific,664204e60653dc6622210186,92b3eacbcbac9b574b59b012475c1d3104b28bd3d58966a29411d327d46fd275,fd4919527029,unbookmarked,,,,,complete,GB,en,dashboard
5c52ff14-daf2-4114-8856-4c14de0fab8c,prolific,6640f92ffb73387b6b28b4c6,63d5ac70d4a5c58816261f39b93cca0835e25a0c1fe65e2417b94ee9c01c6e95,fd9419328149,unbookmarked,,,,,complete,GB,en,dashboard
0a5269f6-bc51-4d87-9b70-8956261d65f1,prolific,6641ef22bc22ab7995eaefe6,845f2051c94655a2f1d78da966cc3b0a5fbf5904dd676c7ebd11edf04ff195fe,fd5882294782,unbookmarked,,,,,complete,GB,en,dashboard
0a5269f6-bc51-4d87-9b70-8956261d65f1,prolific,6641ef1d65e8427fc725ad70,9ce3cfeab7ab9b1e9befecd71921e7154f9993ebb207a908f4b5336ae136e7af,fd7616945071,unbookmarked,,,,,complete,GB,en,dashboard
e49e0d1e-ede5-427f-96d8-ee0f0bf7d581,fd,8add2285-db93-4738-ac68-6613392875c5,83f21213669a15eb606c6f1bcd8e98fcffd6b69bbedad1df4e2dcedaeb151562,fd3447891298,unbookmarked,,,,,complete,GB,en,dashboard
5c52ff14-daf2-4114-8856-4c14de0fab8c,prolific,6640f6b153bae2b144bebf0a,420b4db062d7417ef584446660a6a10d68bd64d81b13c69246f875a9fc3a3049,fd1242493001,unbookmarked,,,,,complete,GB,en,dashboard
230247e0-46e3-494b-82a7-78eea3e0819e,prolific,66420d58ffca57fd2a5ac870,db24292d468eb687b6bb3bfc5da82efd12417837a7c536e43f5158ef84a0d216,fd5277486614,unbookmarked,,,,,complete,GB,en,dashboard
76e91840-4815-4e29-84ec-1eea4a7f9ea1,prolific,6640f3ad97913e8c5f654d02,ad376208b91fc42f5ef07095186791be4340e0f3b50df25bc0329a04d9dad96e,fd3050567022,unbookmarked,,,,,complete,GB,en,dashboard
76e91840-4815-4e29-84ec-1eea4a7f9ea1,prolific,664105a7ad936cfe4f1455ae,9927280a1186ac5e0caea4bea352c219317d416561324f85b1afd7c260c427ea,fd4973076458,unbookmarked,,,,,complete,GB,en,dashboard
b88a0f6b-6b62-4913-9be5-63a872faf34b,fd,3b4cde56-c6c5-49ea-9a96-bc8cc685cedd,33535415648a9e70a9ae33a26875ebfe325429dd1706263941558ad91b2bbdbf,fd1945000383,unbookmarked,,,,,complete,GB,en,dashboard
5c52ff14-daf2-4114-8856-4c14de0fab8c,prolific,6640fd78ad84716bb12905ac,c8287c3c2632a1db56d1a2993f996c989c9877f4e8c402a98ecb8b2a530ab283,fd4881415811,unbookmarked,,,,,complete,GB,en,dashboard
230247e0-46e3-494b-82a7-78eea3e0819e,prolific,66420aad3924056714ce2af2,fee9cd081f650d47d7c11ded41f1c3d403d850fd540830faae8001262f8e6e0c,fd6775610892,unbookmarked,,,,,complete,GB,en,dashboard
230247e0-46e3-494b-82a7-78eea3e0819e,prolific,6642071b32b7191d2d1990f4,1483f9a6e9461f0adc7080f9f8d9ed7fbe464c4088054db78b73a8a339079970,fd0956994928,unbookmarked,,,,,complete,GB,en,dashboard
5c52ff14-daf2-4114-8856-4c14de0fab8c,prolific,6640f88ac419e64ec9a51c63,18ee36af8ea19a1b9cfe8b34b11550887c78c7f4cee31cd20993f7a0858889a5,fd5740476837,unbookmarked,,,,,complete,GB,en,dashboard
5c52ff14-daf2-4114-8856-4c14de0fab8c,prolific,6640f741e6f6a80ec81949e0,800272223f93abec10aa7584af6ae6dcfee3d913cae8552b01d22c7fd7432314,fd1552859924,unbookmarked,,,,,complete,GB,en,dashboard
76e91840-4815-4e29-84ec-1eea4a7f9ea1,prolific,6640fe495c59851691b6a2d6,86c87d29b5a4ec25321c3625e54fe5a0214a13abe680b7111562ef26bae1ecc4,fd5067123908,unbookmarked,,,,,complete,GB,en,dashboard
230247e0-46e3-494b-82a7-78eea3e0819e,prolific,664207d44f366104fcfed123,c77017fff67669d35043bb332e9b5ff5401d11f273e23a2c3a3cb6cabee7d358,fd6986275672,unbookmarked,,,,,complete,GB,en,dashboard
80bb97a2-ad61-4759-b405-16edac47efa8,prolific,65f04ba36707026d84187d50,78caa570bec3284433475131d84285a31f785be24f3885d70a65a6b6f8607e0f,fd7751194127,unbookmarked,44,Portugal,Female,"{""panel_metadata"":{""Status"":""APPROVED"",""Started at"":""2024-03-12T12:33:39.267000Z"",""Time taken"":""1038.0"",""Archived at"":""2024-03-12T12:50:57.319209Z"",""Reviewed at"":""2024-03-12T17:40:17.708000Z"",""Completed at"":""2024-03-12T12:50:56.766000Z"",""Participant id"":""5abbc97de1099600016a286a"",""Completion code"":""NOCODE"",""Total approvals"":""471"",""Custom study tncs accepted at"":""Not Applicable""},""extra_profiling_fields"":{""Language"":""Portuguese"",""Nationality"":""Portugal"",""Car ownership"":""I own a car"",""Student status"":""No"",""Country of birth"":""Portugal"",""Employment status"":""Full-Time"",""Ethnicity simplified"":""White""}}",complete,GB,en,dashboard
230247e0-46e3-494b-82a7-78eea3e0819e,prolific,66420f16080c5af1a4114be6,7d5e1aef2a24ab6521a111ebea88d291340dfe95c78a50f3eba9a073a8aa460c,fd9220728332,unbookmarked,,,,,complete,GB,en,dashboard
80bb97a2-ad61-4759-b405-16edac47efa8,prolific,65f04ba71dc75091259ec48e,fee22f1ce26d3dc5cd75c49e5c534ac8e434aee20b9ec42d3a6544c920c23655,fd3755736661,unbookmarked,41,Portugal,Male,"{""panel_metadata"":{""Status"":""APPROVED"",""Started at"":""2024-03-12T12:33:43.370000Z"",""Time taken"":""1434.0"",""Archived at"":""2024-03-12T12:57:37.531729Z"",""Reviewed at"":""2024-03-12T17:40:19.247000Z"",""Completed at"":""2024-03-12T12:57:36.981000Z"",""Participant id"":""616b150c5150ade144c3da61"",""Completion code"":""NOCODE"",""Total approvals"":""475"",""Custom study tncs accepted at"":""Not Applicable""},""extra_profiling_fields"":{""Language"":""Portuguese"",""Nationality"":""Portugal"",""Car ownership"":""I own a car"",""Student status"":""No"",""Country of birth"":""Portugal"",""Employment status"":""Full-Time"",""Ethnicity simplified"":""White""}}",complete,GB,en,dashboard
80bb97a2-ad61-4759-b405-16edac47efa8,prolific,65f04ba82e3535ccb8ca8a4c,d3fc509652b83d090aadfb2cec03c755f90c56ef2528eaa8447ab88b48f9a3d1,fd0987624401,unbookmarked,26,Portugal,Male,"{""panel_metadata"":{""Status"":""APPROVED"",""Started at"":""2024-03-12T12:33:44.448000Z"",""Time taken"":""1391.0"",""Archived at"":""2024-03-12T12:56:55.964018Z"",""Reviewed at"":""2024-04-02T02:03:54.731000Z"",""Completed at"":""2024-03-12T12:56:55.423000Z"",""Participant id"":""60e39986cde70716e5aaeb9e"",""Completion code"":""C1E86DLB"",""Total approvals"":""32"",""Custom study tncs accepted at"":""Not Applicable""},""extra_profiling_fields"":{""Language"":""Portuguese"",""Nationality"":""Portugal"",""Car ownership"":""I own a car"",""Student status"":""Yes"",""Country of birth"":""Portugal"",""Employment status"":""Other"",""Ethnicity simplified"":""White""}}",complete,GB,en,dashboard
98fbfe05-ee07-479f-be8a-5c8d19c6db82,prolific,663d0833fcd854c5ac3d5d81,6b8dcc086dbcf58f2d4b1bb5e753d0f7fc4c48268e1a0a44a6001c0628da3e4d,fd6855318093,unbookmarked,,,,,complete,GB,en,dashboard
230247e0-46e3-494b-82a7-78eea3e0819e,prolific,66420e3a0b3cd4a7763094b7,ec8742f34a28f42a581cd7bddbbe48d5d1cae4c772efc875f5830937bd46903b,fd4035691579,unbookmarked,,,,,complete,GB,en,dashboard
230247e0-46e3-494b-82a7-78eea3e0819e,prolific,6641fdea5bc6d2dd558f9b91,61f66a18fd04b903aaf1a67a6757d334a6334b7999f873b17805f4031d2bea78,fd7768666744,unbookmarked,,,,,complete,GB,en,dashboard
230247e0-46e3-494b-82a7-78eea3e0819e,prolific,66420ce54cdb45bade59b081,46e7b3b79cc17039c87a450e3005064fb93e119eda0a7820d11fd6796c254a54,fd6602293844,unbookmarked,,,,,complete,GB,en,dashboard
76e91840-4815-4e29-84ec-1eea4a7f9ea1,prolific,6640f38394c829c8925a7889,c7a15a50396be213ca5ac00a2d1e307d2e315f7e33fc05f962cf55694c6356f0,fd8245092080,unbookmarked,,,,,complete,GB,en,dashboard
76e91840-4815-4e29-84ec-1eea4a7f9ea1,prolific,6640f2031cfe0c2d79a6bc45,c3d9604a68e60f077b9cde8eed614bdcbc8e4bfd150a184920b105da7809111d,fd2427901213,unbookmarked,,,,,complete,GB,en,dashboard
0a5269f6-bc51-4d87-9b70-8956261d65f1,prolific,6641ee865513e0438b07e0dc,998e94bac064a0890bdf315ce116078a5e9df5375c992f0f490444fceaca5848,fd5561734216,unbookmarked,,,,,complete,GB,en,dashboard
0a5269f6-bc51-4d87-9b70-8956261d65f1,prolific,6641ee62c09fe21366105edd,771e0c39b3f509b89f576cc0ab3bf90f10848d55762fa6779c30fde70df3f04c,fd5751472204,unbookmarked,,,,,complete,GB,en,dashboard
c0b7fb4b-d832-4830-9379-c7d054c865f7,prolific,66423a94105c59aafbcdcde7,b45b90ff7566ef0c2a72f66befc42b725ffc805bc6c943478c5e4d0869900d34,fd0023742772,unbookmarked,38,United Kingdom,Male,"{""panel_metadata"":{""Status"":""AWAITING REVIEW"",""Started at"":""2024-05-13T16:06:54.396000Z"",""Time taken"":""705.0"",""Archived at"":""2024-05-13T16:18:55.189306Z"",""Reviewed at"":"""",""Completed at"":""2024-05-13T16:18:39.158000Z"",""Participant id"":""5a4cee4553a4560001ba13d1"",""Completion code"":""C5W582JY"",""Total approvals"":""760"",""Custom study tncs accepted at"":""Not Applicable""},""extra_profiling_fields"":[{""id"":""highest_education_level_completed"",""name"":""Highest education level completed"",""value"":""Graduate degree (MA/MSc/MPhil/other)""},{""id"":""household_income_(gbp)"",""name"":""Household income (gbp)"",""value"":""£60,000 - £69,999""},{""id"":""current_uk_area_of_residence"",""name"":""Current uk area of residence"",""value"":""North West, England (Cumbria, Greater Manchester, Lancashire, Merseyside)""},{""id"":""home_internet_provider_u.k"",""name"":""Home internet provider u.k"",""value"":""Vodafone""},{""id"":""tv_streaming_services"",""name"":""Tv streaming services"",""value"":""Netflix, Amazon Prime Video, Disney+, NOW TV, BBC iPlayer""},{""id"":""ethnicity_simplified"",""name"":""Ethnicity simplified"",""value"":""White""},{""id"":""country_of_birth"",""name"":""Country of birth"",""value"":""United Kingdom""},{""id"":""nationality"",""name"":""Nationality"",""value"":""United Kingdom""},{""id"":""language"",""name"":""Language"",""value"":""English""},{""id"":""student_status"",""name"":""Student status"",""value"":""No""},{""id"":""employment_status"",""name"":""Employment status"",""value"":""Full-Time""}]}",complete,GB,en,dashboard
230247e0-46e3-494b-82a7-78eea3e0819e,prolific,66420d9eabd825850b06ad66,e451b1e4d50bbddced0575bc6930108a847d72675ee73102cc0b5e68f2575876,fd4058484854,unbookmarked,,,,,complete,GB,en,dashboard
0a5269f6-bc51-4d87-9b70-8956261d65f1,prolific,664232c6d69f6f0398069cd4,3ec7a3fabb061bd1723dacee5486837a3d355f0b4257bb8a192f20337eca74fa,fd6843980026,unbookmarked,,,,,complete,GB,en,dashboard
0a5269f6-bc51-4d87-9b70-8956261d65f1,prolific,664232c92cf53af64efcc099,aa8317c3f629909b5ab33cae6f98aad757f744f38e14542987e0d5073c3dfd4c,fd7896724812,unbookmarked,,,,,complete,GB,en,dashboard
0a5269f6-bc51-4d87-9b70-8956261d65f1,prolific,664232c5d51110c5e61a2eb1,c0d0e3c786c8e78e5571b0975677732529fe8222123fddaf50009c0d0f4327ea,fd3980265450,unbookmarked,,,,,complete,GB,en,dashboard
0a5269f6-bc51-4d87-9b70-8956261d65f1,prolific,6642330c954eb29d51aaef87,ab0184c8c730f1a2d33bb6b2d7630f47d7420826aba95629f6b4dac8e9f1a140,fd5548312896,unbookmarked,,,,,complete,GB,en,dashboard
230247e0-46e3-494b-82a7-78eea3e0819e,prolific,6642155c55ab786f22a87d79,25500474d02071a0883c0df89fe253978bd966272f44264d3422ae9ba62e7288,fd3451283080,unbookmarked,,,,,complete,GB,en,dashboard
0a5269f6-bc51-4d87-9b70-8956261d65f1,prolific,664232ccf5219e041f951844,ffc1552a3a852fe73394ff4e4fcee01843a71f216446fdb73d8a979d89033151,fd8315460945,unbookmarked,,,,,complete,GB,en,dashboard
0a5269f6-bc51-4d87-9b70-8956261d65f1,prolific,664249b98cb5bc281d45964d,61901e92fda7a111a25e53241d3451f96ade000872c748027acc3cfa959f6439,fd4678043705,unbookmarked,,,,,complete,GB,en,dashboard
0a5269f6-bc51-4d87-9b70-8956261d65f1,prolific,664232c51b97d5bbcd6e4645,101422b3d247e772870c66dc709ace86b2f8c7cb9af1494b3061fe2769b9dc7e,fd6375798910,unbookmarked,,,,,complete,GB,en,dashboard
0a5269f6-bc51-4d87-9b70-8956261d65f1,prolific,664232c8bdb17fdebb92465a,dd104786ec861d6343f4da20e2e1c28d370a6ded4910f9876dc2afb20bac6200,fd8772930048,unbookmarked,,,,,complete,GB,en,dashboard
f0d64968-839f-49c2-b60f-ed9f3293cd3c,prolific,664354836767e2bf3c0b2a26,cbe10e3de8f763c567128aa7932ddf3cd987ad05a1ba8066fed7a659cad89159,fd1528338777,unbookmarked,,,,,complete,GB,en,dashboard
230247e0-46e3-494b-82a7-78eea3e0819e,prolific,6642051f3d2244e215e77122,a2f14dc3716bf0501b1b960952271b822faeee252688cc6689a4a03267e8259e,fd6713365918,unbookmarked,,,,,complete,GB,en,dashboard
230247e0-46e3-494b-82a7-78eea3e0819e,prolific,6641fcc9b1250e36cd97294a,51bf551986d700424309e71cfc2c44b2519ea0d28772cb2dca6798b7fbb1992d,fd4792607021,unbookmarked,,,,,complete,GB,en,dashboard
bde50f52-2389-4096-9898-8f5f89f2e77a,fd,779c06ae-e987-4ff6-a4af-6632fcdebdd1,8029394b071e86636f5a40b19cec3bf6413fcbfee024f89183d8fdfc9a3caa66,fd4197011046,unbookmarked,,,,,complete,GB,en,dashboard
489c1a66-bfb9-5701-8424-1ed7349ec293,fd,FF76DD04-2106-48EA-AEFF-C36E530A7801,7d817b2711329d71c20b5521209855700f680a125f2e12924fd0584eb52e6db2,fd3696960946,unbookmarked,,GB,,"{""panel_metadata"":{""type"":""fdchat"",""collect"":""true"",""preview"":""false""},""extra_profiling_fields"":[]}",complete,GB,en,dashboard
c0b7fb4b-d832-4830-9379-c7d054c865f7,prolific,66423bd92fd99740d1742fd2,d3819fe0b3f736d5df206f876c4de609c8bcebe308283d78548c7ec35ad99a46,fd0297862726,unbookmarked,34,United Kingdom,Female,"{""panel_metadata"":{""Status"":""AWAITING REVIEW"",""Started at"":""2024-05-13T16:12:26.756000Z"",""Time taken"":""1812.0"",""Archived at"":""2024-05-13T16:42:57.273460Z"",""Reviewed at"":"""",""Completed at"":""2024-05-13T16:42:38.201000Z"",""Participant id"":""65363a57681caa471167aea6"",""Completion code"":""C5W582JY"",""Total approvals"":""181"",""Custom study tncs accepted at"":""Not Applicable""},""extra_profiling_fields"":[{""id"":""highest_education_level_completed"",""name"":""Highest education level completed"",""value"":""Undergraduate degree (BA/BSc/other)""},{""id"":""household_income_(gbp)"",""name"":""Household income (gbp)"",""value"":""£20,000 - £29,999""},{""id"":""current_uk_area_of_residence"",""name"":""Current uk area of residence"",""value"":""Scotland""},{""id"":""home_internet_provider_u.k"",""name"":""Home internet provider u.k"",""value"":""Plusnet Wireless""},{""id"":""tv_streaming_services"",""name"":""Tv streaming services"",""value"":""Netflix, Amazon Prime Video, Disney+""},{""id"":""ethnicity_simplified"",""name"":""Ethnicity simplified"",""value"":""Other""},{""id"":""country_of_birth"",""name"":""Country of birth"",""value"":""Turkey""},{""id"":""nationality"",""name"":""Nationality"",""value"":""Turkey""},{""id"":""language"",""name"":""Language"",""value"":""Turkish""},{""id"":""student_status"",""name"":""Student status"",""value"":""Yes""},{""id"":""employment_status"",""name"":""Employment status"",""value"":""Part-Time""}]}",complete,GB,en,dashboard
c0b7fb4b-d832-4830-9379-c7d054c865f7,prolific,66423af414956222e09b4091,6f4d00485bc6768468bc17cba7ea0fe16cf3b0a59782ca2bcd955639dce71bc9,fd6951775177,unbookmarked,36,United Kingdom,Female,"{""panel_metadata"":{""Status"":""AWAITING REVIEW"",""Started at"":""2024-05-13T16:08:47.698000Z"",""Time taken"":""1691.0"",""Archived at"":""2024-05-13T16:36:58.643569Z"",""Reviewed at"":"""",""Completed at"":""2024-05-13T16:36:58.083000Z"",""Participant id"":""5f04a14e8b6d1e748d0d9337"",""Completion code"":""C5W582JY"",""Total approvals"":""1057"",""Custom study tncs accepted at"":""Not Applicable""},""extra_profiling_fields"":[{""id"":""highest_education_level_completed"",""name"":""Highest education level completed"",""value"":""Undergraduate degree (BA/BSc/other)""},{""id"":""household_income_(gbp)"",""name"":""Household income (gbp)"",""value"":""£80,000 - £89,999""},{""id"":""current_uk_area_of_residence"",""name"":""Current uk area of residence"",""value"":""North West, England (Cumbria, Greater Manchester, Lancashire, Merseyside)""},{""id"":""home_internet_provider_u.k"",""name"":""Home internet provider u.k"",""value"":""Virgin""},{""id"":""tv_streaming_services"",""name"":""Tv streaming services"",""value"":""Netflix, Amazon Prime Video, Disney+, Apple TV+, BBC iPlayer""},{""id"":""ethnicity_simplified"",""name"":""Ethnicity simplified"",""value"":""White""},{""id"":""country_of_birth"",""name"":""Country of birth"",""value"":""United Kingdom""},{""id"":""nationality"",""name"":""Nationality"",""value"":""United Kingdom""},{""id"":""language"",""name"":""Language"",""value"":""English""},{""id"":""student_status"",""name"":""Student status"",""value"":""No""},{""id"":""employment_status"",""name"":""Employment status"",""value"":""Full-Time""}]}",complete,GB,en,dashboard
c0b7fb4b-d832-4830-9379-c7d054c865f7,prolific,66423af804af6b0c46ccedfe,ab0697c5bdcf84f2252bb35b74e4e8fefb5ddaae9d9e839db58d634286f49f35,fd5831926581,unbookmarked,35,United Kingdom,Male,"{""panel_metadata"":{""Status"":""AWAITING REVIEW"",""Started at"":""2024-05-13T16:08:27.229000Z"",""Time taken"":""1015.0"",""Archived at"":""2024-05-13T16:25:22.620146Z"",""Reviewed at"":"""",""Completed at"":""2024-05-13T16:25:21.442000Z"",""Participant id"":""5cc310bef457fc0013d42743"",""Completion code"":""C5W582JY"",""Total approvals"":""1626"",""Custom study tncs accepted at"":""Not Applicable""},""extra_profiling_fields"":[{""id"":""highest_education_level_completed"",""name"":""Highest education level completed"",""value"":""Undergraduate degree (BA/BSc/other)""},{""id"":""household_income_(gbp)"",""name"":""Household income (gbp)"",""value"":""£80,000 - £89,999""},{""id"":""current_uk_area_of_residence"",""name"":""Current uk area of residence"",""value"":""South West, England (Gloucestershire, Wiltshire and Bristol/Bath area, Dorset and Somerset, Cornwall and Isles of Scilly, Devon)""},{""id"":""home_internet_provider_u.k"",""name"":""Home internet provider u.k"",""value"":""Virgin""},{""id"":""tv_streaming_services"",""name"":""Tv streaming services"",""value"":""Netflix, HBO Max, Crunchyroll, Funimation""},{""id"":""ethnicity_simplified"",""name"":""Ethnicity simplified"",""value"":""White""},{""id"":""country_of_birth"",""name"":""Country of birth"",""value"":""United Kingdom""},{""id"":""nationality"",""name"":""Nationality"",""value"":""United Kingdom""},{""id"":""language"",""name"":""Language"",""value"":""English""},{""id"":""student_status"",""name"":""Student status"",""value"":""Yes""},{""id"":""employment_status"",""name"":""Employment status"",""value"":""Part-Time""}]}",complete,GB,en,dashboard
0a5269f6-bc51-4d87-9b70-8956261d65f1,prolific,664232c666261000c1f88282,d079b20b1da1baadf4c95d3ad6d484662cba867e1d6ff19b57f7f2a1f5bbecb0,fd2095458480,unbookmarked,,,,,complete,GB,en,dashboard
f0d64968-839f-49c2-b60f-ed9f3293cd3c,prolific,664352e330e7f4b06530f8db,d2ff08604e4f486dc3a31e8477ea9fb2803f54ca16cb02fd7ece2e2dbc40d520,fd6020494624,unbookmarked,,,,,complete,GB,en,dashboard
f68775e5-8d5c-4ef1-b7aa-91dd8e4e0fbd,prolific,664357acceeae52c5cd06d8e,f23ee0fc8944c51b1174d98b88229da78382c260c95510a91edebcd3ac240a8d,fd1679462029,unbookmarked,,,,,complete,GB,en,dashboard
0a5269f6-bc51-4d87-9b70-8956261d65f1,prolific,664232ca130c38434d535eef,f40141c76e0784df8aa3a63ae4671985575ab13c01bcdbccf5e8c59b21358b4c,fd2195086156,unbookmarked,,,,,complete,GB,en,dashboard
f68775e5-8d5c-4ef1-b7aa-91dd8e4e0fbd,prolific,664353628efedb371af979c9,6a815d543719fae4f76106d8f546a9eae5fc1cf17be6dd55bd96430614214449,fd6487315529,unbookmarked,,,,,complete,GB,en,dashboard
230247e0-46e3-494b-82a7-78eea3e0819e,prolific,6642029a2586cef6bae9bab3,ef7c687800b3ec6081eacfb996b3b80485d7f9bd23d91a03191ee5a8879b391e,fd5454172446,unbookmarked,,,,,complete,GB,en,dashboard
c0b7fb4b-d832-4830-9379-c7d054c865f7,prolific,66423974ed4ae02a7bd8e7e2,d45f2f72ca9f366179d080a669970b5d61be0fce55bd6a5c93165decf5201031,fd2654582833,unbookmarked,25,United Kingdom,Female,"{""panel_metadata"":{""Status"":""AWAITING REVIEW"",""Started at"":""2024-05-13T16:02:21.506000Z"",""Time taken"":""825.0"",""Archived at"":""2024-05-13T16:18:18.302181Z"",""Reviewed at"":"""",""Completed at"":""2024-05-13T16:16:06.231000Z"",""Participant id"":""5e57d38b533eec1818078f0b"",""Completion code"":""C5W582JY"",""Total approvals"":""1409"",""Custom study tncs accepted at"":""Not Applicable""},""extra_profiling_fields"":[{""id"":""highest_education_level_completed"",""name"":""Highest education level completed"",""value"":""Undergraduate degree (BA/BSc/other)""},{""id"":""household_income_(gbp)"",""name"":""Household income (gbp)"",""value"":""£30,000 - £39,999""},{""id"":""current_uk_area_of_residence"",""name"":""Current uk area of residence"",""value"":""East of England (East Anglia, Bedfordshire and Hertfordshire, Essex)""},{""id"":""home_internet_provider_u.k"",""name"":""Home internet provider u.k"",""value"":""Utility Warehouse""},{""id"":""tv_streaming_services"",""name"":""Tv streaming services"",""value"":""Netflix, Amazon Prime Video, Disney+, BBC iPlayer""},{""id"":""ethnicity_simplified"",""name"":""Ethnicity simplified"",""value"":""White""},{""id"":""country_of_birth"",""name"":""Country of birth"",""value"":""United Kingdom""},{""id"":""nationality"",""name"":""Nationality"",""value"":""United Kingdom""},{""id"":""language"",""name"":""Language"",""value"":""English""},{""id"":""student_status"",""name"":""Student status"",""value"":""No""},{""id"":""employment_status"",""name"":""Employment status"",""value"":""Part-Time""}]}",complete,GB,en,dashboard
14a15b46-1011-44a4-a307-1bc84392886d,fd,102a9db9-a0ea-4c8a-9285-318715ff6aef,98efdbc40339973fa3e833ff18caf53bf7409abbc8c3fa29de973b9a1a028c49,fd8109749321,unbookmarked,,,,,complete,GB,en,dashboard
c0b7fb4b-d832-4830-9379-c7d054c865f7,prolific,66423add62d8137ec2af1642,54442cd962df79cb4dd4654aa3455a54f6a907ffaa29e8a064246e844f48db2a,fd4620685098,unbookmarked,55,United Kingdom,Male,"{""panel_metadata"":{""Status"":""AWAITING REVIEW"",""Started at"":""2024-05-13T16:08:02.462000Z"",""Time taken"":""3612.0"",""Archived at"":""2024-05-13T17:10:34.340927Z"",""Reviewed at"":"""",""Completed at"":""2024-05-13T17:08:14.460000Z"",""Participant id"":""661bf2e32ca1bf92fec3daed"",""Completion code"":""NOCODE"",""Total approvals"":""53"",""Custom study tncs accepted at"":""Not Applicable""},""extra_profiling_fields"":[{""id"":""highest_education_level_completed"",""name"":""Highest education level completed"",""value"":""Undergraduate degree (BA/BSc/other)""},{""id"":""household_income_(gbp)"",""name"":""Household income (gbp)"",""value"":""£50,000 - £59,999""},{""id"":""current_uk_area_of_residence"",""name"":""Current uk area of residence"",""value"":""Yorkshire and the Humber, England (East Riding, North Lincolnshire and Yorkshire)""},{""id"":""home_internet_provider_u.k"",""name"":""Home internet provider u.k"",""value"":""EE""},{""id"":""tv_streaming_services"",""name"":""Tv streaming services"",""value"":""Netflix, Amazon Prime Video, Disney+, NOW TV, BBC iPlayer""},{""id"":""ethnicity_simplified"",""name"":""Ethnicity simplified"",""value"":""White""},{""id"":""country_of_birth"",""name"":""Country of birth"",""value"":""United Kingdom""},{""id"":""nationality"",""name"":""Nationality"",""value"":""United Kingdom""},{""id"":""language"",""name"":""Language"",""value"":""English""},{""id"":""student_status"",""name"":""Student status"",""value"":""No""},{""id"":""employment_status"",""name"":""Employment status"",""value"":""Full-Time""}]}",complete,GB,en,dashboard
a468c377-dfc2-43a8-9229-0ace141ed805,fd,FA55,428f2e8217a48281acc4ae70a10492cca6d8be8c46a290b6e48561421a94a4de,fd7347182814,unbookmarked,,,,,complete,GB,en,dashboard
c0b7fb4b-d832-4830-9379-c7d054c865f7,prolific,6642380438383030023dc2a7,871cdcd16988480a8702c3445c6004b3279e36014b3b03af2f182b8f7c361c19,fd1623047193,unbookmarked,49,United Kingdom,Male,"{""panel_metadata"":{""Status"":""AWAITING REVIEW"",""Started at"":""2024-05-13T15:56:04.685000Z"",""Time taken"":""830.0"",""Archived at"":""2024-05-13T16:09:54.991011Z"",""Reviewed at"":"""",""Completed at"":""2024-05-13T16:09:54.392000Z"",""Participant id"":""5fb9becbb981f78f5c3ea5ed"",""Completion code"":""C5W582JY"",""Total approvals"":""1073"",""Custom study tncs accepted at"":""Not Applicable""},""extra_profiling_fields"":[{""id"":""highest_education_level_completed"",""name"":""Highest education level completed"",""value"":""Undergraduate degree (BA/BSc/other)""},{""id"":""household_income_(gbp)"",""name"":""Household income (gbp)"",""value"":""£60,000 - £69,999""},{""id"":""current_uk_area_of_residence"",""name"":""Current uk area of residence"",""value"":""North West, England (Cumbria, Greater Manchester, Lancashire, Merseyside)""},{""id"":""home_internet_provider_u.k"",""name"":""Home internet provider u.k"",""value"":""Virgin""},{""id"":""tv_streaming_services"",""name"":""Tv streaming services"",""value"":""Netflix, Amazon Prime Video""},{""id"":""ethnicity_simplified"",""name"":""Ethnicity simplified"",""value"":""White""},{""id"":""country_of_birth"",""name"":""Country of birth"",""value"":""United Kingdom""},{""id"":""nationality"",""name"":""Nationality"",""value"":""United Kingdom""},{""id"":""language"",""name"":""Language"",""value"":""English""},{""id"":""student_status"",""name"":""Student status"",""value"":""No""},{""id"":""employment_status"",""name"":""Employment status"",""value"":""Full-Time""}]}",complete,GB,en,dashboard
76e91840-4815-4e29-84ec-1eea4a7f9ea1,prolific,6640f2d7b805e91080e148c6,c948ef52bc563db36bc37cb2d81886baee500ab64aa846ee03895227229b5472,fd1811603570,unbookmarked,,,,,complete,GB,en,dashboard
76e91840-4815-4e29-84ec-1eea4a7f9ea1,prolific,6640f2774b466fa149725f2c,79972f885010624ba84ef37e5eb530bd3fbae3b3dc88f4c76d6ff3a57cb6e353,fd6166976339,unbookmarked,,,,,complete,GB,en,dashboard
8657f119-05d8-42cb-8523-ef9ef9e52d92,fd,2c34ee30-2018-4031-a603-31693f1156d4,8eb2f1564fabed8c1be5e18ed121a970b17d6b103f3949fe726f2f106de242e1,fd6073760481,unbookmarked,,,,,complete,GB,en,dashboard
06df8436-51c4-48c5-91ed-83579723fec3,fd,ae48170b-8909-4910-8839-e97de857234e,54c657ce133e911eb4833c11b75505b28660d6db106e31582177d7b344760439,fd5549089849,unbookmarked,,,,,complete,GB,en,dashboard
f68775e5-8d5c-4ef1-b7aa-91dd8e4e0fbd,prolific,664357cfe64d44628b9c8d1a,5f9ebd1fc870bbd47835c8e4e7784994b24caee8793ab7ce008ea8a9551e117c,fd4252764540,unbookmarked,,,,,complete,GB,en,dashboard
230247e0-46e3-494b-82a7-78eea3e0819e,prolific,66420dfb8d740267dc777787,a19b77ab3bce5c7e8ff3cd8c16bb45d4a1763a96e00d957feae6e916d18fb00e,fd9215153166,unbookmarked,,,,,complete,GB,en,dashboard
5c52ff14-daf2-4114-8856-4c14de0fab8c,prolific,6640f891acecfece08ed09eb,e1d8e886a68ef70e8638f969f3030e42c6fb4f7d05ba2c8a388641085dd8614e,fd1449769294,unbookmarked,,,,,complete,GB,en,dashboard
44ea90be-e54d-5179-aa70-d338b95f8ec6,prolific,fc0e2c69-520d-5a33-89fa-83978cac80ba,864894688db9ce345411a284f6a7f9d875588efb13164b30320da51da8a5e73e,fd86217298,unbookmarked,34,United Kingdom,Female,"{""panel_metadata"":{""status"":""AWAITING REVIEW"",""started_at"":""2026-01-12T13:32:26.955000Z"",""time_taken"":6259,""archived_at"":""2026-01-12T15:16:45.868712Z"",""completed_at"":""2026-01-12T15:16:45.512000Z"",""participant_id"":""6634e03793fb35bb701cb8ea"",""completion_code"":""FDC0MPL3T3"",""total_approvals"":678,""custom_study_tncs_accepted_at"":""Not Applicable""},""extra_profiling_fields"":[{""id"":""llm_detection_result"",""name"":""Llm detection result"",""value"":""Passed""},{""id"":""ethnicity_simplified"",""name"":""Ethnicity simplified"",""value"":""Black""},{""id"":""country_of_birth"",""name"":""Country of birth"",""value"":""United Kingdom""},{""id"":""nationality"",""name"":""Nationality"",""value"":""United Kingdom""},{""id"":""language"",""name"":""Language"",""value"":""English""},{""id"":""student_status"",""name"":""Student status"",""value"":""No""},{""id"":""employment_status"",""name"":""Employment status"",""value"":""Not in paid work (e.g. homemaker', 'retired or disabled)""}]}",complete,GB,en,dashboard
c0b7fb4b-d832-4830-9379-c7d054c865f7,prolific,66423a206f8f8487dbaf160e,a527ad5c7546839133883c5ec4e7af63caadcdb632ccbe52ae058cd2684d5021,fd8279887905,unbookmarked,29,United Kingdom,Female,"{""panel_metadata"":{""Status"":""AWAITING REVIEW"",""Started at"":""2024-05-13T16:04:53.274000Z"",""Time taken"":""842.0"",""Archived at"":""2024-05-13T16:18:59.530727Z"",""Reviewed at"":"""",""Completed at"":""2024-05-13T16:18:54.995000Z"",""Participant id"":""66339019591ed054b2a083cf"",""Completion code"":""C5W582JY"",""Total approvals"":""6"",""Custom study tncs accepted at"":""Not Applicable""},""extra_profiling_fields"":[{""id"":""highest_education_level_completed"",""name"":""Highest education level completed"",""value"":""Secondary education (e.g. GED/GCSE)""},{""id"":""household_income_(gbp)"",""name"":""Household income (gbp)"",""value"":""£80,000 - £89,999""},{""id"":""current_uk_area_of_residence"",""name"":""Current uk area of residence"",""value"":""East of England (East Anglia, Bedfordshire and Hertfordshire, Essex)""},{""id"":""home_internet_provider_u.k"",""name"":""Home internet provider u.k"",""value"":""Vodafone""},{""id"":""tv_streaming_services"",""name"":""Tv streaming services"",""value"":""Netflix, Amazon Prime Video, Disney+, BBC iPlayer""},{""id"":""ethnicity_simplified"",""name"":""Ethnicity simplified"",""value"":""White""},{""id"":""country_of_birth"",""name"":""Country of birth"",""value"":""United Kingdom""},{""id"":""nationality"",""name"":""Nationality"",""value"":""United Kingdom""},{""id"":""language"",""name"":""Language"",""value"":""English""},{""id"":""student_status"",""name"":""Student status"",""value"":""No""},{""id"":""employment_status"",""name"":""Employment status"",""value"":""Full-Time""}]}",complete,GB,en,dashboard
6fc1d5c5-027d-4043-a2d1-b1c4896fadd0,fd,21c04b7e-a617-4251-aa59-1539ad06252b,d0fd86fa12c2a8c05aa334089ab9261d43d151d665a152b425149e1f30c876ac,fd1930966700,unbookmarked,,,,,complete,ES,es,dashboard
6fc1d5c5-027d-4043-a2d1-b1c4896fadd0,fd,c42a54de-45e2-444d-b6d2-0e0a6828f8c9,8962d99390b9bbe4c88fb80e794a6317fe6c327afbd314ef18535d1715c56562,fd4615442786,unbookmarked,,,,,complete,ES,es,dashboard
6fc1d5c5-027d-4043-a2d1-b1c4896fadd0,fd,71e74532-cfea-41f5-8732-f301fa416776,8bfa03b5aa21d9f31e7d8246ca72857df1de8de097ab386a28c7f5505e6a0226,fd7530582566,unbookmarked,,,,,complete,ES,es,dashboard
6fc1d5c5-027d-4043-a2d1-b1c4896fadd0,fd,ac36a14f-6c02-424c-9e5b-a34b4994e55b,7603ed92199d58159c8ca477d9a4a3429c59fb4acc153bed653a99fdb9eb85ee,fd4600323566,unbookmarked,,,,,complete,ES,es,dashboard
5a6bdc36-4781-4258-b57a-3d6b888f40c6,fd,b7c55e53-ab1d-4e38-885d-893ac852b3b1,a79df089a9dc372601b60d261525b648809b81a3fd2327b4ff6977bdd794ce3e,fd9562439230,unbookmarked,,,,,complete,GB,en,dashboard
bde50f52-2389-4096-9898-8f5f89f2e77a,fd,670ac76c-11b2-43cc-9a52-15fd9d5d9922,a58c84d26106b307477cd6ed640fef9124b45e26d4443397de3ec8d0183e1136,fd8425385270,unbookmarked,,,,,complete,GB,en,dashboard
489c1a66-bfb9-5701-8424-1ed7349ec293,fd,7D64A9C1-F154-4779-906A-9B98E5F93E13,cbf4c191ea325588a934ab527049176e6982250f60e6e0f0949076dc130c5a58,fd9547491928,unbookmarked,,GB,,"{""panel_metadata"":{""type"":""fdchat"",""collect"":""true"",""preview"":""false""},""extra_profiling_fields"":[]}",complete,GB,en,orchestra
c0b7fb4b-d832-4830-9379-c7d054c865f7,prolific,66423a7b7e37e3a7b4c926f4,4326dd7849551d73fd898bce72f88f17cb61569f3a94fc1904883cac28f11796,fd6149533590,unbookmarked,38,United Kingdom,Female,"{""panel_metadata"":{""Status"":""AWAITING REVIEW"",""Started at"":""2024-05-13T16:06:19.267000Z"",""Time taken"":""809.0"",""Archived at"":""2024-05-13T16:19:48.356050Z"",""Reviewed at"":"""",""Completed at"":""2024-05-13T16:19:47.672000Z"",""Participant id"":""5a4cc0ecac413f0001e60aa3"",""Completion code"":""NOCODE"",""Total approvals"":""369"",""Custom study tncs accepted at"":""Not Applicable""},""extra_profiling_fields"":[{""id"":""highest_education_level_completed"",""name"":""Highest education level completed"",""value"":""Graduate degree (MA/MSc/MPhil/other)""},{""id"":""household_income_(gbp)"",""name"":""Household income (gbp)"",""value"":""£40,000 - £49,999""},{""id"":""current_uk_area_of_residence"",""name"":""Current uk area of residence"",""value"":""East of England (East Anglia, Bedfordshire and Hertfordshire, Essex)""},{""id"":""home_internet_provider_u.k"",""name"":""Home internet provider u.k"",""value"":""Sky""},{""id"":""tv_streaming_services"",""name"":""Tv streaming services"",""value"":""Netflix, Amazon Prime Video, Disney+, BBC iPlayer, NOW TV""},{""id"":""ethnicity_simplified"",""name"":""Ethnicity simplified"",""value"":""Mixed""},{""id"":""country_of_birth"",""name"":""Country of birth"",""value"":""United Kingdom""},{""id"":""nationality"",""name"":""Nationality"",""value"":""United Kingdom""},{""id"":""language"",""name"":""Language"",""value"":""English""},{""id"":""student_status"",""name"":""Student status"",""value"":""No""},{""id"":""employment_status"",""name"":""Employment status"",""value"":""Full-Time""}]}",complete,GB,en,dashboard
b88a0f6b-6b62-4913-9be5-63a872faf34b,fd,0e5b9975-4e2f-4084-b28d-bd79c1c5228b,1cefc98c6a05d2f52b3bde438f01261d7d97055b7e533362b0e818c0ced0dde0,fd2311876064,unbookmarked,,,,,complete,GB,en,dashboard
0a5269f6-bc51-4d87-9b70-8956261d65f1,prolific,664232c7767615d97820e29a,bb6cf974d3f246c4b882747ad2004eb9441e0efa6b5e202d888ac17be0e5b4cc,fd2698980556,unbookmarked,,,,,complete,GB,en,dashboard
f0d64968-839f-49c2-b60f-ed9f3293cd3c,prolific,66435539fde8f9ed192405d7,bcf5ab1b4f5d2d090573b335234d0efdd230bffb260882a4270dc813caf063c2,fd5690474434,unbookmarked,,,,,complete,GB,en,dashboard
f0d64968-839f-49c2-b60f-ed9f3293cd3c,prolific,6643551a5c5b5aceb2195694,9a29a402c1fc7b3dbc6904fd428f865000f6c6ae5bacc7c1f0b3f749b411f34c,fd5632377676,unbookmarked,,,,,complete,GB,en,dashboard
5c52ff14-daf2-4114-8856-4c14de0fab8c,prolific,6640f5e2362e289ab1612029,b84db17b838738fffa4b4b8095b7996dfa59b0038f9e5c7be0f6ef240e9b62c5,fd0722100933,unbookmarked,,,,,complete,GB,en,dashboard
5c52ff14-daf2-4114-8856-4c14de0fab8c,prolific,6640fa1f886ae733c3e15f3d,a9b051a91c83df809980162d6d5869647dda9ec8c55eb9280e91c24fbb701295,fd0563493525,unbookmarked,,,,,complete,GB,en,dashboard
230247e0-46e3-494b-82a7-78eea3e0819e,prolific,66420c851457e5dab39a039d,cf62ace8393a9f9a8fabc86977a986da2e63c24cf1c79a920cd08d4d0f84a202,fd0791899650,unbookmarked,,,,,complete,GB,en,dashboard
5c52ff14-daf2-4114-8856-4c14de0fab8c,prolific,6640f74a4b466fa149726078,1ba637c87138198a8c4b0554bc4736c88106a3755451f1093e9f24155fde5885,fd8355241093,unbookmarked,,,,,complete,GB,en,dashboard
76e91840-4815-4e29-84ec-1eea4a7f9ea1,prolific,6640f288c304dc7b28316425,a6f5f238f23ee2c32bff6f24431fc94952a49600140667046957baa231161c1d,fd0364765213,unbookmarked,,,,,complete,GB,en,dashboard
a468c377-dfc2-43a8-9229-0ace141ed805,fd,FA59,77dc278fb04ecf2e72f005e014f3459aadf91fd40324c30cad3a4dc1e4b3bea0,fd5767220896,unbookmarked,,,,,complete,GB,en,dashboard
44ea90be-e54d-5179-aa70-d338b95f8ec6,prolific,2e68c1d2-777b-501e-b0f3-8d7ead46f29e,92e85124af3d3113e16e8624f7ff267520ff98324fb90fbb5b59c1a446a0350d,fd65550708,unbookmarked,28,United Kingdom,Female,"{""panel_metadata"":{""status"":""AWAITING REVIEW"",""started_at"":""2026-01-16T21:16:56.406000Z"",""time_taken"":2646,""archived_at"":""2026-01-16T22:01:04.228133Z"",""completed_at"":""2026-01-16T22:01:01.984000Z"",""participant_id"":""6724deeb487c5353a074ab20"",""completion_code"":""FDC0MPL3T3"",""total_approvals"":222,""custom_study_tncs_accepted_at"":""Not Applicable""},""extra_profiling_fields"":[{""id"":""llm_detection_result"",""name"":""Llm detection result"",""value"":""Passed""},{""id"":""ethnicity_simplified"",""name"":""Ethnicity simplified"",""value"":""Black""},{""id"":""country_of_birth"",""name"":""Country of birth"",""value"":""United Kingdom""},{""id"":""nationality"",""name"":""Nationality"",""value"":""United Kingdom""},{""id"":""language"",""name"":""Language"",""value"":""English""}]}",complete,GB,en,orchestra
c0b7fb4b-d832-4830-9379-c7d054c865f7,prolific,66423b1df62e062e27d394df,9eae13cd6702b1b62ff8d0650bd12edd7adf3cea62f7ba942ce97f70c2bed006,fd4668767238,unbookmarked,34,United Kingdom,Male,"{""panel_metadata"":{""Status"":""AWAITING REVIEW"",""Started at"":""2024-05-13T16:09:14.781000Z"",""Time taken"":""1763.0"",""Archived at"":""2024-05-13T16:38:43.691270Z"",""Reviewed at"":"""",""Completed at"":""2024-05-13T16:38:37.212000Z"",""Participant id"":""5d13d6a2d4888600182efdd6"",""Completion code"":""C5W582JY"",""Total approvals"":""994"",""Custom study tncs accepted at"":""Not Applicable""},""extra_profiling_fields"":[{""id"":""highest_education_level_completed"",""name"":""Highest education level completed"",""value"":""Undergraduate degree (BA/BSc/other)""},{""id"":""household_income_(gbp)"",""name"":""Household income (gbp)"",""value"":""£40,000 - £49,999""},{""id"":""current_uk_area_of_residence"",""name"":""Current uk area of residence"",""value"":""Scotland""},{""id"":""home_internet_provider_u.k"",""name"":""Home internet provider u.k"",""value"":""John Lewis Broadband""},{""id"":""tv_streaming_services"",""name"":""Tv streaming services"",""value"":""Netflix, Amazon Prime Video, Disney+""},{""id"":""ethnicity_simplified"",""name"":""Ethnicity simplified"",""value"":""White""},{""id"":""country_of_birth"",""name"":""Country of birth"",""value"":""United Kingdom""},{""id"":""nationality"",""name"":""Nationality"",""value"":""United Kingdom""},{""id"":""language"",""name"":""Language"",""value"":""English""},{""id"":""student_status"",""name"":""Student status"",""value"":""Yes""},{""id"":""employment_status"",""name"":""Employment status"",""value"":""Full-Time""}]}",complete,GB,en,dashboard
230247e0-46e3-494b-82a7-78eea3e0819e,prolific,66420e2c98a19e918c4d045a,9d30e9cd1d9db4a11988f13ff13ee7b8f107ffbe1cedc9f6d04cf35f8c4b6f20,fd1246615328,unbookmarked,,,,,complete,GB,en,dashboard
5c52ff14-daf2-4114-8856-4c14de0fab8c,prolific,6640f4f4dc706d4622dbbbda,c31796e26176def8b083246c231adb98359aa7900240658f1a50c16b58ad72d0,fd5219882704,unbookmarked,,,,,complete,GB,en,dashboard
76e91840-4815-4e29-84ec-1eea4a7f9ea1,prolific,6640f3747d66f58accbe8bbd,5619a46daea3264d62b388b2d1f45f13cf99d63307db860db330b1fc55fa205a,fd2416921690,unbookmarked,,,,,complete,GB,en,dashboard
76e91840-4815-4e29-84ec-1eea4a7f9ea1,prolific,6640f1dc97a2157547c3e9a3,4a667bab27c8e2c4287606dd8b46c408ca6f3ed756d03efe6968d8f33de88812,fd0843472914,unbookmarked,,,,,complete,GB,en,dashboard
76e91840-4815-4e29-84ec-1eea4a7f9ea1,prolific,6640f2cd97a2157547c3e9e8,b9930b9b5fd0ee6dcd789a66bbc0863d4f3f0a645959e19f8e12b7eb51b2964e,fd4212058702,unbookmarked,,,,,complete,GB,en,dashboard
8657f119-05d8-42cb-8523-ef9ef9e52d92,fd,52c9e8cc-3196-4d56-8c0f-73401a9fe8f7,4a69d123eb3db5231cfbe3c44d9b162f472e863c0d8e25f7470dd92d3397b0d3,fd3274038483,unbookmarked,,,,,complete,GB,en,dashboard
c0b7fb4b-d832-4830-9379-c7d054c865f7,prolific,66423b72eed6896058bec1e0,464667fbcb37736db22cc56d5b13220157939a6d8fe76d127361d489a15d0f39,fd0780095289,unbookmarked,56,United Kingdom,Female,"{""panel_metadata"":{""Status"":""AWAITING REVIEW"",""Started at"":""2024-05-13T16:10:26.659000Z"",""Time taken"":""1437.0"",""Archived at"":""2024-05-13T16:34:24.420957Z"",""Reviewed at"":"""",""Completed at"":""2024-05-13T16:34:23.647000Z"",""Participant id"":""63874670685f244f8d4e93ff"",""Completion code"":""NOCODE"",""Total approvals"":""994"",""Custom study tncs accepted at"":""Not Applicable""},""extra_profiling_fields"":[{""id"":""highest_education_level_completed"",""name"":""Highest education level completed"",""value"":""Doctorate degree (PhD/other)""},{""id"":""household_income_(gbp)"",""name"":""Household income (gbp)"",""value"":""£50,000 - £59,999""},{""id"":""current_uk_area_of_residence"",""name"":""Current uk area of residence"",""value"":""London, England ""},{""id"":""home_internet_provider_u.k"",""name"":""Home internet provider u.k"",""value"":""Virgin""},{""id"":""tv_streaming_services"",""name"":""Tv streaming services"",""value"":""Netflix, Amazon Prime Video, Disney+, Apple TV+, BBC iPlayer""},{""id"":""ethnicity_simplified"",""name"":""Ethnicity simplified"",""value"":""White""},{""id"":""country_of_birth"",""name"":""Country of birth"",""value"":""United Kingdom""},{""id"":""nationality"",""name"":""Nationality"",""value"":""United Kingdom""},{""id"":""language"",""name"":""Language"",""value"":""English""},{""id"":""student_status"",""name"":""Student status"",""value"":""No""},{""id"":""employment_status"",""name"":""Employment status"",""value"":""Full-Time""}]}",complete,GB,en,dashboard
c0b7fb4b-d832-4830-9379-c7d054c865f7,prolific,664238930623841a7aa935fe,e005bcb4a85e3017abdb9649ecee75a11fa25fc65ef65b9af8ecf45f935d064c,fd5965181516,unbookmarked,27,United Kingdom,Female,"{""panel_metadata"":{""Status"":""AWAITING REVIEW"",""Started at"":""2024-05-13T15:58:31Z"",""Time taken"":""742.0"",""Archived at"":""2024-05-13T16:10:52.997719Z"",""Reviewed at"":"""",""Completed at"":""2024-05-13T16:10:52.089000Z"",""Participant id"":""5efcf31ebc3f2011d263bddb"",""Completion code"":""C5W582JY"",""Total approvals"":""581"",""Custom study tncs accepted at"":""Not Applicable""},""extra_profiling_fields"":[{""id"":""highest_education_level_completed"",""name"":""Highest education level completed"",""value"":""Undergraduate degree (BA/BSc/other)""},{""id"":""household_income_(gbp)"",""name"":""Household income (gbp)"",""value"":""£100,000 - £149,999""},{""id"":""current_uk_area_of_residence"",""name"":""Current uk area of residence"",""value"":""London, England ""},{""id"":""home_internet_provider_u.k"",""name"":""Home internet provider u.k"",""value"":""Virgin""},{""id"":""tv_streaming_services"",""name"":""Tv streaming services"",""value"":""Netflix""},{""id"":""ethnicity_simplified"",""name"":""Ethnicity simplified"",""value"":""White""},{""id"":""country_of_birth"",""name"":""Country of birth"",""value"":""United Kingdom""},{""id"":""nationality"",""name"":""Nationality"",""value"":""United Kingdom""},{""id"":""language"",""name"":""Language"",""value"":""English""},{""id"":""student_status"",""name"":""Student status"",""value"":""No""},{""id"":""employment_status"",""name"":""Employment status"",""value"":""Full-Time""}]}",complete,GB,en,dashboard
c0b7fb4b-d832-4830-9379-c7d054c865f7,prolific,66423ac9b0c1cfc69d518ea2,b85c3746c2232fc7bf0d23dd7eae4faa0d450d5bfb606820176ca16119f4ecca,fd3058424010,unbookmarked,35,United Kingdom,Female,"{""panel_metadata"":{""Status"":""AWAITING REVIEW"",""Started at"":""2024-05-13T16:07:52.683000Z"",""Time taken"":""1084.0"",""Archived at"":""2024-05-13T16:25:56.804039Z"",""Reviewed at"":"""",""Completed at"":""2024-05-13T16:25:55.746000Z"",""Participant id"":""5bc36079c9dbcd0001a842ed"",""Completion code"":""NOCODE"",""Total approvals"":""761"",""Custom study tncs accepted at"":""Not Applicable""},""extra_profiling_fields"":[{""id"":""highest_education_level_completed"",""name"":""Highest education level completed"",""value"":""Undergraduate degree (BA/BSc/other)""},{""id"":""household_income_(gbp)"",""name"":""Household income (gbp)"",""value"":""£40,000 - £49,999""},{""id"":""current_uk_area_of_residence"",""name"":""Current uk area of residence"",""value"":""East Midlands, England (Derbyshire and Nottinghamshire, Leicestershire, Rutland and Northamptonshire, Lincolnshire)""},{""id"":""home_internet_provider_u.k"",""name"":""Home internet provider u.k"",""value"":""Virgin""},{""id"":""tv_streaming_services"",""name"":""Tv streaming services"",""value"":""Netflix, Amazon Prime Video, Paramount+""},{""id"":""ethnicity_simplified"",""name"":""Ethnicity simplified"",""value"":""White""},{""id"":""country_of_birth"",""name"":""Country of birth"",""value"":""United Kingdom""},{""id"":""nationality"",""name"":""Nationality"",""value"":""United Kingdom""},{""id"":""language"",""name"":""Language"",""value"":""English""},{""id"":""student_status"",""name"":""Student status"",""value"":""No""},{""id"":""employment_status"",""name"":""Employment status"",""value"":""Full-Time""}]}",complete,GB,en,dashboard
5c52ff14-daf2-4114-8856-4c14de0fab8c,prolific,6640f691db25d6b7d1ff9c2d,3841c776e48c7a9e7402fe30fd4044595d18c45484f0955b032c562d17041499,fd2592707737,unbookmarked,,,,,complete,GB,en,dashboard
76e91840-4815-4e29-84ec-1eea4a7f9ea1,prolific,6640f397031ea8eb2bd5ec40,38fa57fc8d5780807875fc7137828f6d7d8f259d0a2cda035d55b30bb1109c86,fd4780859526,unbookmarked,,,,,complete,GB,en,dashboard
c0b7fb4b-d832-4830-9379-c7d054c865f7,prolific,66423b73c659158223395939,7cf5078fb61557b29c59e1e863c7123941de5e7b3670ed0aa52058abcf3f05f1,fd4650768881,unbookmarked,25,United Kingdom,Female,"{""panel_metadata"":{""Status"":""AWAITING REVIEW"",""Started at"":""2024-05-13T16:11:02.766000Z"",""Time taken"":""819.0"",""Archived at"":""2024-05-13T16:24:42.442902Z"",""Reviewed at"":"""",""Completed at"":""2024-05-13T16:24:40.789000Z"",""Participant id"":""5dadad93a9cb1100103973cd"",""Completion code"":""C5W582JY"",""Total approvals"":""290"",""Custom study tncs accepted at"":""Not Applicable""},""extra_profiling_fields"":[{""id"":""highest_education_level_completed"",""name"":""Highest education level completed"",""value"":""Graduate degree (MA/MSc/MPhil/other)""},{""id"":""household_income_(gbp)"",""name"":""Household income (gbp)"",""value"":""Less than £10,000""},{""id"":""current_uk_area_of_residence"",""name"":""Current uk area of residence"",""value"":""London, England ""},{""id"":""home_internet_provider_u.k"",""name"":""Home internet provider u.k"",""value"":""Virgin""},{""id"":""tv_streaming_services"",""name"":""Tv streaming services"",""value"":""Netflix, Amazon Prime Video, Disney+, Paramount+, Hulu, Apple TV+, BBC iPlayer""},{""id"":""ethnicity_simplified"",""name"":""Ethnicity simplified"",""value"":""White""},{""id"":""country_of_birth"",""name"":""Country of birth"",""value"":""United Kingdom""},{""id"":""nationality"",""name"":""Nationality"",""value"":""United Kingdom""},{""id"":""language"",""name"":""Language"",""value"":""English""},{""id"":""student_status"",""name"":""Student status"",""value"":""No""},{""id"":""employment_status"",""name"":""Employment status"",""value"":""Full-Time""}]}",complete,GB,en,dashboard
14ca8c07-8e34-40b3-879c-6ae8fa360345,fd,62583c29-a7d8-425d-934f-f250655aad3f,0554340e4e512a9bfc6f51ee6413094f366223117e1813a8d6d0af344d3694fe,fd9625847038,unbookmarked,,,,,complete,GB,en,dashboard
0fd85581-7ce2-4b26-b1ed-b4e0c6134629,fd,191977d1-bba6-4cac-abc9-d55e3134731b,b5d77711c99fac3b7c76d4a4f91c34b3c182eb078dcd6d732d03c09ae2b7dc57,fd6474094679,unbookmarked,,,,,complete,GB,en,dashboard
f68775e5-8d5c-4ef1-b7aa-91dd8e4e0fbd,prolific,664358e058099751278c1f39,9538ff83592b3b963918ef85408fe91adc624336f77f8d47cacd11ad85e62fbc,fd6839537596,unbookmarked,,,,,complete,GB,en,dashboard
c0b7fb4b-d832-4830-9379-c7d054c865f7,prolific,6642376e6d9c422324e5c114,9f8a4c219f2d375063096741605c7a70eec7cd4c7efdc798789b86a1d617f944,fd3895505220,unbookmarked,46,United Kingdom,Female,"{""panel_metadata"":{""Status"":""AWAITING REVIEW"",""Started at"":""2024-05-13T15:53:25.414000Z"",""Time taken"":""767.0"",""Archived at"":""2024-05-13T16:06:12.670759Z"",""Reviewed at"":"""",""Completed at"":""2024-05-13T16:06:12.087000Z"",""Participant id"":""612788fcd66a1abe029901d3"",""Completion code"":""C5W582JY"",""Total approvals"":""403"",""Custom study tncs accepted at"":""Not Applicable""},""extra_profiling_fields"":[{""id"":""highest_education_level_completed"",""name"":""Highest education level completed"",""value"":""Technical/community college""},{""id"":""household_income_(gbp)"",""name"":""Household income (gbp)"",""value"":""£80,000 - £89,999""},{""id"":""current_uk_area_of_residence"",""name"":""Current uk area of residence"",""value"":""Scotland""},{""id"":""home_internet_provider_u.k"",""name"":""Home internet provider u.k"",""value"":""Sky""},{""id"":""tv_streaming_services"",""name"":""Tv streaming services"",""value"":""Netflix, Amazon Prime Video, Disney+, BBC iPlayer""},{""id"":""ethnicity_simplified"",""name"":""Ethnicity simplified"",""value"":""White""},{""id"":""country_of_birth"",""name"":""Country of birth"",""value"":""United Kingdom""},{""id"":""nationality"",""name"":""Nationality"",""value"":""United Kingdom""},{""id"":""language"",""name"":""Language"",""value"":""English""},{""id"":""student_status"",""name"":""Student status"",""value"":""No""},{""id"":""employment_status"",""name"":""Employment status"",""value"":""Part-Time""}]}",complete,GB,en,dashboard
bde50f52-2389-4096-9898-8f5f89f2e77a,fd,4b7e65c6-a7bc-4e24-9cdd-6a0ba98ca505,a74650f8920c8c7a46f2c326fbb9d6f1b07480ca3135cafaafca2552c63b94ac,fd0217684140,unbookmarked,,,,,complete,GB,en,dashboard
489c1a66-bfb9-5701-8424-1ed7349ec293,fd,4D1AC9DA-626C-466D-B7C6-50FAF392E2D8,b1a6169a6fd5380ab23b76b03e99c10243b06aa4b6a38351558c616d13cd6e08,fd3647956488,unbookmarked,,GB,,"{""panel_metadata"":{""type"":""fdchat"",""collect"":""true"",""preview"":""false""},""extra_profiling_fields"":[]}",complete,GB,en,dashboard
c0b7fb4b-d832-4830-9379-c7d054c865f7,prolific,6642387134a8e3fd80b6ca9e,8cab89065293db00c672f4b58c90f635ba1f77546f544866d31ffc1bea69b11a,fd2517415194,unbookmarked,31,United Kingdom,Female,"{""panel_metadata"":{""Status"":""AWAITING REVIEW"",""Started at"":""2024-05-13T15:57:37.645000Z"",""Time taken"":""1250.0"",""Archived at"":""2024-05-13T16:18:51.126920Z"",""Reviewed at"":"""",""Completed at"":""2024-05-13T16:18:27.389000Z"",""Participant id"":""61673b692a55fba0f6b8abf1"",""Completion code"":""C5W582JY"",""Total approvals"":""1026"",""Custom study tncs accepted at"":""Not Applicable""},""extra_profiling_fields"":[{""id"":""highest_education_level_completed"",""name"":""Highest education level completed"",""value"":""Undergraduate degree (BA/BSc/other)""},{""id"":""household_income_(gbp)"",""name"":""Household income (gbp)"",""value"":""£50,000 - £59,999""},{""id"":""current_uk_area_of_residence"",""name"":""Current uk area of residence"",""value"":""West Midlands, England (Herefordshire, Worcestershire and Warwickshire, Shropshire and Staffordshire, West Midlands)""},{""id"":""home_internet_provider_u.k"",""name"":""Home internet provider u.k"",""value"":""Virgin""},{""id"":""tv_streaming_services"",""name"":""Tv streaming services"",""value"":""Netflix, Amazon Prime Video, Disney+, BBC iPlayer""},{""id"":""ethnicity_simplified"",""name"":""Ethnicity simplified"",""value"":""White""},{""id"":""country_of_birth"",""name"":""Country of birth"",""value"":""Bulgaria""},{""id"":""nationality"",""name"":""Nationality"",""value"":""Bulgaria""},{""id"":""language"",""name"":""Language"",""value"":""Bulgarian""},{""id"":""student_status"",""name"":""Student status"",""value"":""No""},{""id"":""employment_status"",""name"":""Employment status"",""value"":""Full-Time""}]}",complete,GB,en,dashboard
5c52ff14-daf2-4114-8856-4c14de0fab8c,prolific,6640f93a68ced0f9d3d9608b,64b42212278965642d1c472f4d480de19307c3ca85ff647d4f19a0abb9d25d2f,fd7870282031,unbookmarked,,,,,complete,GB,en,dashboard
230247e0-46e3-494b-82a7-78eea3e0819e,prolific,6641febb466c41c5d9b87ae7,1e9b9f7f90324dbf0444964bf99b7115006c9c57c95b487dac64d6cf522f9d50,fd9456879952,unbookmarked,,,,,complete,GB,en,dashboard
230247e0-46e3-494b-82a7-78eea3e0819e,prolific,6642056387c1b4116bce02d3,afebff117a0111362859ee61510796b8e02fbd361dc95cfe3a106dbad6b1a8fd,fd2642048253,unbookmarked,,,,,complete,GB,en,dashboard
230247e0-46e3-494b-82a7-78eea3e0819e,prolific,66420eded3b2462fb296835d,e4305f8002a4a91d24cc4a02e8f36581d97c975be7914553746653710d3e006d,fd8116982893,unbookmarked,,,,,complete,GB,en,dashboard
76e91840-4815-4e29-84ec-1eea4a7f9ea1,prolific,6640f28f8aa1357e68f91602,f5dcaa6b9163c161a4e9f767f60b3ab61761ed6c0509dfa66f9fa3f9e82bac34,fd8741363764,unbookmarked,,,,,complete,GB,en,dashboard
14ca8c07-8e34-40b3-879c-6ae8fa360345,fd,fa7b4cc1-25bd-4ec7-9716-5912687fb648,4f0b2c2bfe5110cff6c956571e33f2cb9e4d1b6fc420caa972a7964a4af97420,fd2527127584,unbookmarked,,,,,complete,GB,en,dashboard
8657f119-05d8-42cb-8523-ef9ef9e52d92,fd,c223d180-2db5-4333-b511-c2b819db2fe3,7484e85a66db3aab580ab492bf65e7dec9cc5ac9a6549315f995c9c0975eaf06,fd6318356230,unbookmarked,,,,,complete,GB,en,dashboard
58402887-9dfd-4cdb-beec-dcbdfeab0bd5,fd,7c87e586-5c8e-4970-89f9-9cbdc88ddc6c,36d378f89971765da4fb605fee3a4faa74b692ad14346ee8bf6d502dcf49660a,fd9276680714,unbookmarked,,,,,complete,GB,en,dashboard
5c52ff14-daf2-4114-8856-4c14de0fab8c,prolific,6640f91b9cd7a5a1f2da6cd0,82385a85889dcf4b6e820b13c44d46c5a78e64ee872c458c1e076184d669b053,fd7342069843,unbookmarked,,,,,complete,GB,en,dashboard
230247e0-46e3-494b-82a7-78eea3e0819e,prolific,66420b245c7ec187a5ec83ea,975be21f36331961459f4993eb80d154f1594f61d392832230c0883b5c8f0e37,fd4107167287,unbookmarked,,,,,complete,GB,en,dashboard
5c52ff14-daf2-4114-8856-4c14de0fab8c,prolific,6640f8787e2f1e87fa34f8a6,e5c08062c80a225782dfeaec7d79b235b0887e074ca4ac016be9df2486bde5be,fd9388241342,unbookmarked,,,,,complete,GB,en,dashboard
5c52ff14-daf2-4114-8856-4c14de0fab8c,prolific,6640f653ec5357ed95aca29d,c7a96af1f68aac6db4f1db97a04188ac9e10d64c120b2b1a9fc413a1dfcd028d,fd3794786957,unbookmarked,,,,,complete,GB,en,dashboard
5c52ff14-daf2-4114-8856-4c14de0fab8c,prolific,6640f9aa97913e8c5f654e7f,a400cb1c38984bd83876fdfce0ceb01127ca121e3e41971c3d88b76eda3ffaa1,fd8701758113,unbookmarked,,,,,complete,GB,en,dashboard
c0b7fb4b-d832-4830-9379-c7d054c865f7,prolific,66423b3a9f8e9f50a01771a5,fc70d5936ba41a6cf861027ff536479546b0474c8aeda34cd8cf0926ef3748a6,fd0672752806,unbookmarked,57,United Kingdom,Male,"{""panel_metadata"":{""Status"":""AWAITING REVIEW"",""Started at"":""2024-05-13T16:09:30.807000Z"",""Time taken"":""1243.0"",""Archived at"":""2024-05-13T16:30:14.381189Z"",""Reviewed at"":"""",""Completed at"":""2024-05-13T16:30:13.755000Z"",""Participant id"":""6540fa1d1e4eb891d5eeeb19"",""Completion code"":""C5W582JY"",""Total approvals"":""372"",""Custom study tncs accepted at"":""Not Applicable""},""extra_profiling_fields"":[{""id"":""highest_education_level_completed"",""name"":""Highest education level completed"",""value"":""Undergraduate degree (BA/BSc/other)""},{""id"":""household_income_(gbp)"",""name"":""Household income (gbp)"",""value"":""Less than £10,000""},{""id"":""current_uk_area_of_residence"",""name"":""Current uk area of residence"",""value"":""West Midlands, England (Herefordshire, Worcestershire and Warwickshire, Shropshire and Staffordshire, West Midlands)""},{""id"":""home_internet_provider_u.k"",""name"":""Home internet provider u.k"",""value"":""Sky""},{""id"":""tv_streaming_services"",""name"":""Tv streaming services"",""value"":""BBC iPlayer""},{""id"":""ethnicity_simplified"",""name"":""Ethnicity simplified"",""value"":""White""},{""id"":""country_of_birth"",""name"":""Country of birth"",""value"":""United Kingdom""},{""id"":""nationality"",""name"":""Nationality"",""value"":""United Kingdom""},{""id"":""language"",""name"":""Language"",""value"":""English""},{""id"":""student_status"",""name"":""Student status"",""value"":""No""},{""id"":""employment_status"",""name"":""Employment status"",""value"":""Not in paid work (e.g. homemaker', 'retired or disabled)""}]}",complete,GB,en,dashboard
c0b7fb4b-d832-4830-9379-c7d054c865f7,prolific,66423a01a9088f418404d419,bd7ded388f8737e300540323a32ac96ab5c2bf46b5f8216ab7057f07171fd03b,fd5739510843,unbookmarked,38,United Kingdom,Female,"{""panel_metadata"":{""Status"":""AWAITING REVIEW"",""Started at"":""2024-05-13T16:04:22.449000Z"",""Time taken"":""2812.0"",""Archived at"":""2024-05-13T16:51:14.707581Z"",""Reviewed at"":"""",""Completed at"":""2024-05-13T16:51:14.211000Z"",""Participant id"":""59de66cac0d35a0001294c46"",""Completion code"":""C5W582JY"",""Total approvals"":""1306"",""Custom study tncs accepted at"":""Not Applicable""},""extra_profiling_fields"":[{""id"":""highest_education_level_completed"",""name"":""Highest education level completed"",""value"":""Undergraduate degree (BA/BSc/other)""},{""id"":""household_income_(gbp)"",""name"":""Household income (gbp)"",""value"":""£30,000 - £39,999""},{""id"":""current_uk_area_of_residence"",""name"":""Current uk area of residence"",""value"":""North West, England (Cumbria, Greater Manchester, Lancashire, Merseyside)""},{""id"":""home_internet_provider_u.k"",""name"":""Home internet provider u.k"",""value"":""Sky""},{""id"":""tv_streaming_services"",""name"":""Tv streaming services"",""value"":""Netflix""},{""id"":""ethnicity_simplified"",""name"":""Ethnicity simplified"",""value"":""White""},{""id"":""country_of_birth"",""name"":""Country of birth"",""value"":""United Kingdom""},{""id"":""nationality"",""name"":""Nationality"",""value"":""United Kingdom""},{""id"":""language"",""name"":""Language"",""value"":""English""},{""id"":""student_status"",""name"":""Student status"",""value"":""No""},{""id"":""employment_status"",""name"":""Employment status"",""value"":""Full-Time""}]}",complete,GB,en,dashboard
bde50f52-2389-4096-9898-8f5f89f2e77a,fd,2685eded-9a21-48ba-a56b-650ae9f55108,ecab2f145ccee0d1d6b4f5a4fadf6175ee7020e64d6d920479e086dd1a2ce356,fd6194092886,unbookmarked,,,,,complete,GB,en,dashboard
c0b7fb4b-d832-4830-9379-c7d054c865f7,prolific,66423abc04af6b0c46ccedea,d6a2930f84ffd41ed3a767d62b98c57abfbfb2067d424d8f4b13949775453d54,fd3699239252,unbookmarked,33,United Kingdom,Female,"{""panel_metadata"":{""Status"":""AWAITING REVIEW"",""Started at"":""2024-05-13T16:07:31.792000Z"",""Time taken"":""484.0"",""Archived at"":""2024-05-13T16:18:06.091342Z"",""Reviewed at"":"""",""Completed at"":""2024-05-13T16:15:35.583000Z"",""Participant id"":""5dd2ccf12e6c772de06f525b"",""Completion code"":""C5W582JY"",""Total approvals"":""726"",""Custom study tncs accepted at"":""Not Applicable""},""extra_profiling_fields"":[{""id"":""highest_education_level_completed"",""name"":""Highest education level completed"",""value"":""Undergraduate degree (BA/BSc/other)""},{""id"":""household_income_(gbp)"",""name"":""Household income (gbp)"",""value"":""£30,000 - £39,999""},{""id"":""current_uk_area_of_residence"",""name"":""Current uk area of residence"",""value"":""Scotland""},{""id"":""home_internet_provider_u.k"",""name"":""Home internet provider u.k"",""value"":""Virgin""},{""id"":""tv_streaming_services"",""name"":""Tv streaming services"",""value"":""Netflix, Amazon Prime Video, Disney+""},{""id"":""ethnicity_simplified"",""name"":""Ethnicity simplified"",""value"":""White""},{""id"":""country_of_birth"",""name"":""Country of birth"",""value"":""United Kingdom""},{""id"":""nationality"",""name"":""Nationality"",""value"":""United Kingdom""},{""id"":""language"",""name"":""Language"",""value"":""English""},{""id"":""student_status"",""name"":""Student status"",""value"":""No""},{""id"":""employment_status"",""name"":""Employment status"",""value"":""Full-Time""}]}",complete,GB,en,dashboard
5c52ff14-daf2-4114-8856-4c14de0fab8c,prolific,6640f8ff69410ab901a6da5a,8777aa67d3dc98f1488f3ca0f475b640c83ae0c046d99ee67a2428c5ee0b5632,fd9295621682,unbookmarked,,,,,complete,GB,en,dashboard
230247e0-46e3-494b-82a7-78eea3e0819e,prolific,6641fba921091acf24d5bf17,92c998ade3634e1cd39e9a13f3340a67f7998cf060f9f31f9f7213b761fcc5dc,fd3665410524,unbookmarked,,,,,complete,GB,en,dashboard
14ca8c07-8e34-40b3-879c-6ae8fa360345,fd,cdd2e55f-8bc8-41f7-84f0-240afe7a3707,240b9984a3a2fe0737c31025991516bc1dec497de252d12bec86feec84d52995,fd3027821973,unbookmarked,,,,,complete,GB,en,dashboard
c0b7fb4b-d832-4830-9379-c7d054c865f7,prolific,66423a936271aa7d92379adc,32702aa74a73e6fb03350e139a10f60493ad9156492f53355736ceac6ef36dea,fd3202532842,unbookmarked,45,United Kingdom,Female,"{""panel_metadata"":{""Status"":""AWAITING REVIEW"",""Started at"":""2024-05-13T16:06:50.714000Z"",""Time taken"":""1096.0"",""Archived at"":""2024-05-13T16:25:07.434704Z"",""Reviewed at"":"""",""Completed at"":""2024-05-13T16:25:05.802000Z"",""Participant id"":""5772ecb90e49300001ba90d4"",""Completion code"":""NOCODE"",""Total approvals"":""450"",""Custom study tncs accepted at"":""Not Applicable""},""extra_profiling_fields"":[{""id"":""highest_education_level_completed"",""name"":""Highest education level completed"",""value"":""Graduate degree (MA/MSc/MPhil/other)""},{""id"":""household_income_(gbp)"",""name"":""Household income (gbp)"",""value"":""£20,000 - £29,999""},{""id"":""current_uk_area_of_residence"",""name"":""Current uk area of residence"",""value"":""Scotland""},{""id"":""home_internet_provider_u.k"",""name"":""Home internet provider u.k"",""value"":""Sky""},{""id"":""tv_streaming_services"",""name"":""Tv streaming services"",""value"":""Netflix, Disney+, Amazon Prime Video, Apple TV+, NOW TV, BBC iPlayer""},{""id"":""ethnicity_simplified"",""name"":""Ethnicity simplified"",""value"":""White""},{""id"":""country_of_birth"",""name"":""Country of birth"",""value"":""United Kingdom""},{""id"":""nationality"",""name"":""Nationality"",""value"":""United Kingdom""},{""id"":""language"",""name"":""Language"",""value"":""English""},{""id"":""student_status"",""name"":""Student status"",""value"":""No""},{""id"":""employment_status"",""name"":""Employment status"",""value"":""Full-Time""}]}",complete,GB,en,dashboard
c0b7fb4b-d832-4830-9379-c7d054c865f7,prolific,66423b0042c402beb5a17d15,3e5891f8bf77c9cafee5af34efe3a8668fb6e3d94f66d36251dfd03000827395,fd1382699925,unbookmarked,32,United Kingdom,Male,"{""panel_metadata"":{""Status"":""AWAITING REVIEW"",""Started at"":""2024-05-13T16:08:32.618000Z"",""Time taken"":""958.0"",""Archived at"":""2024-05-13T16:24:31.077845Z"",""Reviewed at"":"""",""Completed at"":""2024-05-13T16:24:30.477000Z"",""Participant id"":""5ba0c90d2ff2f900019396b7"",""Completion code"":""C5W582JY"",""Total approvals"":""402"",""Custom study tncs accepted at"":""Not Applicable""},""extra_profiling_fields"":[{""id"":""highest_education_level_completed"",""name"":""Highest education level completed"",""value"":""Graduate degree (MA/MSc/MPhil/other)""},{""id"":""household_income_(gbp)"",""name"":""Household income (gbp)"",""value"":""£30,000 - £39,999""},{""id"":""current_uk_area_of_residence"",""name"":""Current uk area of residence"",""value"":""West Midlands, England (Herefordshire, Worcestershire and Warwickshire, Shropshire and Staffordshire, West Midlands)""},{""id"":""home_internet_provider_u.k"",""name"":""Home internet provider u.k"",""value"":""TalkTalk""},{""id"":""tv_streaming_services"",""name"":""Tv streaming services"",""value"":""Netflix, Amazon Prime Video, Disney+, Paramount+, NOW TV""},{""id"":""ethnicity_simplified"",""name"":""Ethnicity simplified"",""value"":""White""},{""id"":""country_of_birth"",""name"":""Country of birth"",""value"":""United Kingdom""},{""id"":""nationality"",""name"":""Nationality"",""value"":""United Kingdom""},{""id"":""language"",""name"":""Language"",""value"":""English""},{""id"":""student_status"",""name"":""Student status"",""value"":""Yes""},{""id"":""employment_status"",""name"":""Employment status"",""value"":""Unemployed (and job seeking)""}]}",complete,GB,en,dashboard
230247e0-46e3-494b-82a7-78eea3e0819e,prolific,66420db60b3cd4a776309499,a9587d650fa4bd71bd4f30ab9d5fe554a48aaced83e99208b6d05c821a10908e,fd5119070350,unbookmarked,,,,,complete,GB,en,dashboard
230247e0-46e3-494b-82a7-78eea3e0819e,prolific,66420d2942515c5fc10e2e13,077e8632ff7516fc4033ee67b71621d8638ac51d2bb6684886faae38d28aa379,fd1101795193,unbookmarked,,,,,complete,GB,en,dashboard
5c52ff14-daf2-4114-8856-4c14de0fab8c,prolific,6640f90c9a13afd1208ca4e0,ac4102d7020f69d4c60bc4d37be3072986032f85313df32268797bd146efe1bb,fd1692108219,unbookmarked,,,,,complete,GB,en,dashboard
c5d7f226-ddd7-4ed6-837f-6ddcc5951215,fd,f7b2d476-cc3a-47d8-8af4-ff0e36a16158,3ac03f6ebb07a4f62346ab5e005dbcf3530dee7b4b46507b5cf65aca20c3d622,fd3644186146,unbookmarked,,,,,complete,GB,en,dashboard
14ca8c07-8e34-40b3-879c-6ae8fa360345,fd,9c0696b5-89fc-4b0e-b672-6eb08ffb553e,c341b5566f67bf6718c80804f3ed95b20c30b6e822d5027d69e1bec6c7465f3d,fd2789125949,unbookmarked,,,,,complete,GB,en,dashboard
f68775e5-8d5c-4ef1-b7aa-91dd8e4e0fbd,prolific,66435772ece2ae154bc78a33,1847f89c0f512e21e0ff9922c1f969213fc17161fd1518f65f2fc17bd403e3a3,fd0619001763,unbookmarked,,,,,complete,GB,en,dashboard
f68775e5-8d5c-4ef1-b7aa-91dd8e4e0fbd,prolific,6643577b60572a7ae0d2a86d,017fa5eabcff62630e71a94ff4e721d91020d63f3e92189c65cb6e053b0424f1,fd5296068849,unbookmarked,,,,,complete,GB,en,dashboard
230247e0-46e3-494b-82a7-78eea3e0819e,prolific,6642096a1fc194f22dfed158,b645cf361c9369092c3a314573728eca4ac828d0a60b677e8300e8889eec35d2,fd8606718418,unbookmarked,,,,,complete,GB,en,dashboard
230247e0-46e3-494b-82a7-78eea3e0819e,prolific,6642066e9af530b90a99931e,83f665d81426e1289001c0b81debfedcfd9f195e7501f6f236f1fcbdcb8cda1f,fd6266094111,unbookmarked,,,,,complete,GB,en,dashboard
230247e0-46e3-494b-82a7-78eea3e0819e,prolific,6642065bd7fcbc43274769fa,2a2331c205087f2568b0bcf6886dce4b6d3316e267a702cff80894300a3c3f2e,fd1280911150,unbookmarked,,,,,complete,GB,en,dashboard
5c52ff14-daf2-4114-8856-4c14de0fab8c,prolific,6640f95702fdcf7d7d814100,509b517e7a386357a1883990325dfcabfa31cfcca44674a7a1c02e2c74ac417e,fd9784861054,unbookmarked,,,,,complete,GB,en,dashboard
5c52ff14-daf2-4114-8856-4c14de0fab8c,prolific,6640f8e09a13afd1208ca4db,3301166bed6815c1671f80b58bb6aa51618d1cbae923dd63c72467603062a189,fd1959679369,unbookmarked,,,,,complete,GB,en,dashboard
c0b7fb4b-d832-4830-9379-c7d054c865f7,prolific,664238fe34db0800e43dc2b7,c5da9d57d5fbbb08479ee47a9be9a46d75920c79308b184bcab06105511cfaed,fd1856812781,unbookmarked,32,United Kingdom,Female,"{""panel_metadata"":{""Status"":""AWAITING REVIEW"",""Started at"":""2024-05-13T15:59:58.234000Z"",""Time taken"":""3793.0"",""Archived at"":""2024-05-13T17:03:11.013137Z"",""Reviewed at"":"""",""Completed at"":""2024-05-13T17:03:10.485000Z"",""Participant id"":""60723c224e9193e5d5fe5712"",""Completion code"":""C5W582JY"",""Total approvals"":""1633"",""Custom study tncs accepted at"":""Not Applicable""},""extra_profiling_fields"":[{""id"":""highest_education_level_completed"",""name"":""Highest education level completed"",""value"":""High school diploma/A-levels""},{""id"":""household_income_(gbp)"",""name"":""Household income (gbp)"",""value"":""Rather not say""},{""id"":""current_uk_area_of_residence"",""name"":""Current uk area of residence"",""value"":""North West, England (Cumbria, Greater Manchester, Lancashire, Merseyside)""},{""id"":""home_internet_provider_u.k"",""name"":""Home internet provider u.k"",""value"":""Sky""},{""id"":""tv_streaming_services"",""name"":""Tv streaming services"",""value"":""Netflix, Amazon Prime Video, BBC iPlayer""},{""id"":""ethnicity_simplified"",""name"":""Ethnicity simplified"",""value"":""White""},{""id"":""country_of_birth"",""name"":""Country of birth"",""value"":""Italy""},{""id"":""nationality"",""name"":""Nationality"",""value"":""Italy""},{""id"":""language"",""name"":""Language"",""value"":""Italian""},{""id"":""student_status"",""name"":""Student status"",""value"":""No""},{""id"":""employment_status"",""name"":""Employment status"",""value"":""Full-Time""}]}",complete,GB,en,dashboard
c0b7fb4b-d832-4830-9379-c7d054c865f7,prolific,6642392979e5a7ce5fef9513,7a66bfda512edd8160319c834b1b60206996bc43b1bd7ad4693d478af7659a73,fd4708458099,unbookmarked,27,United Kingdom,Male,"{""panel_metadata"":{""Status"":""AWAITING REVIEW"",""Started at"":""2024-05-13T16:00:50.876000Z"",""Time taken"":""949.0"",""Archived at"":""2024-05-13T16:18:23.989117Z"",""Reviewed at"":"""",""Completed at"":""2024-05-13T16:16:39.056000Z"",""Participant id"":""62029c8fef1cb18a1337ca27"",""Completion code"":""C5W582JY"",""Total approvals"":""538"",""Custom study tncs accepted at"":""Not Applicable""},""extra_profiling_fields"":[{""id"":""highest_education_level_completed"",""name"":""Highest education level completed"",""value"":""Secondary education (e.g. GED/GCSE)""},{""id"":""household_income_(gbp)"",""name"":""Household income (gbp)"",""value"":""Rather not say""},{""id"":""current_uk_area_of_residence"",""name"":""Current uk area of residence"",""value"":""South East, England (Berkshire, Buckinghamshire, and Oxfordshire, Surrey, Sussex, Kent, Hampshire and Isle of Wight)""},{""id"":""home_internet_provider_u.k"",""name"":""Home internet provider u.k"",""value"":""TalkTalk""},{""id"":""tv_streaming_services"",""name"":""Tv streaming services"",""value"":""Netflix, Amazon Prime Video, Disney+, Crunchyroll, BBC iPlayer""},{""id"":""ethnicity_simplified"",""name"":""Ethnicity simplified"",""value"":""Mixed""},{""id"":""country_of_birth"",""name"":""Country of birth"",""value"":""United Kingdom""},{""id"":""nationality"",""name"":""Nationality"",""value"":""United Kingdom""},{""id"":""language"",""name"":""Language"",""value"":""English""},{""id"":""student_status"",""name"":""Student status"",""value"":""No""},{""id"":""employment_status"",""name"":""Employment status"",""value"":""Full-Time""}]}",complete,GB,en,dashboard
0a5269f6-bc51-4d87-9b70-8956261d65f1,prolific,6641eed8f51814e2c5b682f6,c725ff2971ff2d88783950e47ad21155799d4eb168abdbfc97e44153094e4b28,fd2181044008,unbookmarked,,,,,complete,GB,en,dashboard
230247e0-46e3-494b-82a7-78eea3e0819e,prolific,66420d27357af59d343ab126,cb229b1e8870d392cec17b2d1478368dc26afaa4da811a4c3f9142c46b7a1117,fd7883001111,unbookmarked,,,,,complete,GB,en,dashboard
230247e0-46e3-494b-82a7-78eea3e0819e,prolific,66420e8f2ff46396ef8c90ef,580348edbee7753e40d2440ee65699de5f6f3f5871935a91692a3b1510129d26,fd9084732710,unbookmarked,,,,,complete,GB,en,dashboard
5c52ff14-daf2-4114-8856-4c14de0fab8c,prolific,6640fa954193c77a18d631db,cbe0242364b921a8d28e8b38925003f4af2dd6c349cfbedad205f57441eb1b8d,fd1293916045,unbookmarked,,,,,complete,GB,en,dashboard
5c52ff14-daf2-4114-8856-4c14de0fab8c,prolific,6640f908ad936cfe4f145278,2e114d29cba24a026e1b078896a21c71907a16b4d091dcf1ef5b448e9f23c17a,fd1779187066,unbookmarked,,,,,complete,GB,en,dashboard
76e91840-4815-4e29-84ec-1eea4a7f9ea1,prolific,6640f3afacecfece08ed08aa,3fc11559f15b75a2483b036fae805df25454fad2bb7dc306a50a18f487063414,fd4459247636,unbookmarked,,,,,complete,GB,en,dashboard
230247e0-46e3-494b-82a7-78eea3e0819e,prolific,664206d8c98cab3ebd98b36d,a219a62ac3b87ee46b82ffce493873d7f01f854fb16193447df341c02c25e5b8,fd3325403576,unbookmarked,,,,,complete,GB,en,dashboard
5c52ff14-daf2-4114-8856-4c14de0fab8c,prolific,6640f899b9c7b61d0577b1fa,8ce4f7ff03a155aebfc7c96589132dc449c1d94534b8de093fbc69d2700c9e81,fd2990790273,unbookmarked,,,,,complete,GB,en,dashboard
c0b7fb4b-d832-4830-9379-c7d054c865f7,prolific,6642384be3b35a5ce5dd9caa,40bdff7ee9b1e33f65316a8d49a30faf4af298075e902a9ede3374a8c905951c,fd1361468700,unbookmarked,32,United Kingdom,Female,"{""panel_metadata"":{""Status"":""AWAITING REVIEW"",""Started at"":""2024-05-13T15:57:04.639000Z"",""Time taken"":""1195.0"",""Archived at"":""2024-05-13T16:18:27.384077Z"",""Reviewed at"":"""",""Completed at"":""2024-05-13T16:16:59.627000Z"",""Participant id"":""66421a683ec1aada2f687975"",""Completion code"":""C5W582JY"",""Total approvals"":""1"",""Custom study tncs accepted at"":""Not Applicable""},""extra_profiling_fields"":[{""id"":""highest_education_level_completed"",""name"":""Highest education level completed"",""value"":""Undergraduate degree (BA/BSc/other)""},{""id"":""household_income_(gbp)"",""name"":""Household income (gbp)"",""value"":""Rather not say""},{""id"":""current_uk_area_of_residence"",""name"":""Current uk area of residence"",""value"":""London, England ""},{""id"":""home_internet_provider_u.k"",""name"":""Home internet provider u.k"",""value"":""Virgin""},{""id"":""tv_streaming_services"",""name"":""Tv streaming services"",""value"":""Netflix, Disney+""},{""id"":""ethnicity_simplified"",""name"":""Ethnicity simplified"",""value"":""Black""},{""id"":""country_of_birth"",""name"":""Country of birth"",""value"":""United Kingdom""},{""id"":""nationality"",""name"":""Nationality"",""value"":""United Kingdom""},{""id"":""language"",""name"":""Language"",""value"":""English""},{""id"":""student_status"",""name"":""Student status"",""value"":""No""},{""id"":""employment_status"",""name"":""Employment status"",""value"":""Other""}]}",complete,GB,en,dashboard
14ca8c07-8e34-40b3-879c-6ae8fa360345,fd,37e3a9e1-0c1a-4dbb-85b2-c32f26e32d0b,4092e343a4f08d48129a7eea3db6e9e10995506ae653651b70480ea2449b9250,fd8225197648,unbookmarked,,,,,complete,GB,en,dashboard
f68775e5-8d5c-4ef1-b7aa-91dd8e4e0fbd,prolific,6643531e2e7d16e2e64ce406,32af0a7042e01766e169ed79bfb7abc2627629afdf80ed35638316de0d75592d,fd3754318125,unbookmarked,,,,,complete,GB,en,dashboard
f0d64968-839f-49c2-b60f-ed9f3293cd3c,prolific,664355d76a147d04f319b4f1,f9c13983090c0a86f9c2b90793798d75c5015cb9b425c28cbac8e56539c89521,fd2042943777,unbookmarked,,,,,complete,GB,en,dashboard
230247e0-46e3-494b-82a7-78eea3e0819e,prolific,664201a0b8951691de889f91,4b25bab857f415cd537f2ee7f800a61d624cc5c8ddbb826d4debb3012f7258e8,fd7025487080,unbookmarked,,,,,complete,GB,en,dashboard
5c52ff14-daf2-4114-8856-4c14de0fab8c,prolific,6640f8ab238b186112d3afe6,5bf5b54721a4d8ad1d37bf56645e62e255694cd3f8bf76d24ec23eb0a421c843,fd8385153091,unbookmarked,,,,,complete,GB,en,dashboard
bde50f52-2389-4096-9898-8f5f89f2e77a,fd,454847e1-f7d1-41e8-bb75-a1dbbeb57765,a444f4b60576426c5b640e11130efa5a7d7d0c9f3b000687bba7a9f3a97e4560,fd5330493792,unbookmarked,,,,,complete,GB,en,dashboard
c0b7fb4b-d832-4830-9379-c7d054c865f7,prolific,664239f262d8137ec2af15f9,918dc16bb6c24698b3164594e45e72ff02f85b1d12ffa5132d01b3527c49b851,fd3740715089,unbookmarked,35,United Kingdom,Female,"{""panel_metadata"":{""Status"":""AWAITING REVIEW"",""Started at"":""2024-05-13T16:04:43.627000Z"",""Time taken"":""1115.0"",""Archived at"":""2024-05-13T16:23:19.967732Z"",""Reviewed at"":"""",""Completed at"":""2024-05-13T16:23:18.171000Z"",""Participant id"":""5b119f161e55760001b9daac"",""Completion code"":""C5W582JY"",""Total approvals"":""1505"",""Custom study tncs accepted at"":""Not Applicable""},""extra_profiling_fields"":[{""id"":""highest_education_level_completed"",""name"":""Highest education level completed"",""value"":""High school diploma/A-levels""},{""id"":""household_income_(gbp)"",""name"":""Household income (gbp)"",""value"":""£20,000 - £29,999""},{""id"":""current_uk_area_of_residence"",""name"":""Current uk area of residence"",""value"":""North East, England    (Tees Valley, Durham, Northumberland and Tyne and Wear)""},{""id"":""home_internet_provider_u.k"",""name"":""Home internet provider u.k"",""value"":""Post Office""},{""id"":""tv_streaming_services"",""name"":""Tv streaming services"",""value"":""Netflix, Amazon Prime Video, NOW TV""},{""id"":""ethnicity_simplified"",""name"":""Ethnicity simplified"",""value"":""White""},{""id"":""country_of_birth"",""name"":""Country of birth"",""value"":""United Kingdom""},{""id"":""nationality"",""name"":""Nationality"",""value"":""United Kingdom""},{""id"":""language"",""name"":""Language"",""value"":""English""},{""id"":""student_status"",""name"":""Student status"",""value"":""No""},{""id"":""employment_status"",""name"":""Employment status"",""value"":""Full-Time""}]}",complete,GB,en,dashboard
c0b7fb4b-d832-4830-9379-c7d054c865f7,prolific,66423a19fddf785835522edc,6a51556668b2b8bd6bb452f53a33b38be85783d6dbd33f983f06e03e56c71505,fd6981459205,unbookmarked,25,United Kingdom,Female,"{""panel_metadata"":{""Status"":""AWAITING REVIEW"",""Started at"":""2024-05-13T16:04:48.797000Z"",""Time taken"":""978.0"",""Archived at"":""2024-05-13T16:21:06.956120Z"",""Reviewed at"":"""",""Completed at"":""2024-05-13T16:21:06.491000Z"",""Participant id"":""6640bdfe02e53e598b28c8a8"",""Completion code"":""NOCODE"",""Total approvals"":""6"",""Custom study tncs accepted at"":""Not Applicable""},""extra_profiling_fields"":[{""id"":""highest_education_level_completed"",""name"":""Highest education level completed"",""value"":""Undergraduate degree (BA/BSc/other)""},{""id"":""household_income_(gbp)"",""name"":""Household income (gbp)"",""value"":""£30,000 - £39,999""},{""id"":""current_uk_area_of_residence"",""name"":""Current uk area of residence"",""value"":""London, England ""},{""id"":""home_internet_provider_u.k"",""name"":""Home internet provider u.k"",""value"":""Hyperoptic""},{""id"":""tv_streaming_services"",""name"":""Tv streaming services"",""value"":""Netflix, Amazon Prime Video, Disney+, BBC iPlayer""},{""id"":""ethnicity_simplified"",""name"":""Ethnicity simplified"",""value"":""Mixed""},{""id"":""country_of_birth"",""name"":""Country of birth"",""value"":""United Kingdom""},{""id"":""nationality"",""name"":""Nationality"",""value"":""United Kingdom""},{""id"":""language"",""name"":""Language"",""value"":""English""},{""id"":""student_status"",""name"":""Student status"",""value"":""No""},{""id"":""employment_status"",""name"":""Employment status"",""value"":""Full-Time""}]}",complete,GB,en,dashboard
44ea90be-e54d-5179-aa70-d338b95f8ec6,prolific,c27b5e07-fbc5-55d5-b6cc-7f2b2cf420b5,7478d72d0a80377a8e42637e50a14c2571dad2925121bd98cf64a9c3396f7ddb,fd02330219,unbookmarked,36,United Kingdom,Male,"{""panel_metadata"":{""status"":""AWAITING REVIEW"",""started_at"":""2026-01-12T13:33:14.643000Z"",""time_taken"":6352,""archived_at"":""2026-01-12T15:19:06.505314Z"",""completed_at"":""2026-01-12T15:19:06.143000Z"",""participant_id"":""68a5eefd236f1c08d08ffce6"",""completion_code"":""FDC0MPL3T3"",""total_approvals"":1359,""custom_study_tncs_accepted_at"":""Not Applicable""},""extra_profiling_fields"":[{""id"":""llm_detection_result"",""name"":""Llm detection result"",""value"":""Passed""},{""id"":""ethnicity_simplified"",""name"":""Ethnicity simplified"",""value"":""White""},{""id"":""country_of_birth"",""name"":""Country of birth"",""value"":""Spain""},{""id"":""nationality"",""name"":""Nationality"",""value"":""Spain""},{""id"":""language"",""name"":""Language"",""value"":""English""},{""id"":""student_status"",""name"":""Student status"",""value"":""Yes""},{""id"":""employment_status"",""name"":""Employment status"",""value"":""Full-Time""}]}",complete,GB,en,dashboard
c0b7fb4b-d832-4830-9379-c7d054c865f7,prolific,664239b52a893af5a2cced43,5a41eeb7ccde9b2d3581136c1bcfa3e4a310884f77764c93abedcf0433638e80,fd6520168064,unbookmarked,37,United Kingdom,Female,"{""panel_metadata"":{""Status"":""AWAITING REVIEW"",""Started at"":""2024-05-13T16:07:10.011000Z"",""Time taken"":""1363.0"",""Archived at"":""2024-05-13T16:29:54.285163Z"",""Reviewed at"":"""",""Completed at"":""2024-05-13T16:29:52.951000Z"",""Participant id"":""63f77dc98bfabd95812edc2c"",""Completion code"":""C5W582JY"",""Total approvals"":""697"",""Custom study tncs accepted at"":""Not Applicable""},""extra_profiling_fields"":[{""id"":""highest_education_level_completed"",""name"":""Highest education level completed"",""value"":""High school diploma/A-levels""},{""id"":""household_income_(gbp)"",""name"":""Household income (gbp)"",""value"":""£40,000 - £49,999""},{""id"":""current_uk_area_of_residence"",""name"":""Current uk area of residence"",""value"":""Wales""},{""id"":""home_internet_provider_u.k"",""name"":""Home internet provider u.k"",""value"":""BT Internet""},{""id"":""tv_streaming_services"",""name"":""Tv streaming services"",""value"":""Netflix, Amazon Prime Video, Disney+, Paramount+, Apple TV+, BBC iPlayer""},{""id"":""ethnicity_simplified"",""name"":""Ethnicity simplified"",""value"":""White""},{""id"":""country_of_birth"",""name"":""Country of birth"",""value"":""United Kingdom""},{""id"":""nationality"",""name"":""Nationality"",""value"":""United Kingdom""},{""id"":""language"",""name"":""Language"",""value"":""English""},{""id"":""student_status"",""name"":""Student status"",""value"":""No""},{""id"":""employment_status"",""name"":""Employment status"",""value"":""Not in paid work (e.g. homemaker', 'retired or disabled)""}]}",complete,GB,en,dashboard
f68775e5-8d5c-4ef1-b7aa-91dd8e4e0fbd,prolific,664351f64a1e514743b3a98f,76b3e8d824eda0d553f73a1cd97cdc325d2f8833ee4bb3fb0dc557c224836e50,fd9166163536,unbookmarked,,,,,complete,GB,en,dashboard
4e7cc910-8af4-45ff-a423-7df00fa2d70a,fd,1329a57e-43bf-406a-82be-cc555bcd952f,a98cc2c49a29a5156afd4902263b0a7ded9ecc33cd5aa7043f0bd9efa33057b2,fd5228123058,unbookmarked,,,,,complete,GB,en,dashboard
f68775e5-8d5c-4ef1-b7aa-91dd8e4e0fbd,prolific,664356ddcf23a9901bc2f720,4b85b468c97e588d37d332a86d9c1256f00ef8f43762c8b01eb8b31520adc89a,fd2726082714,unbookmarked,,,,,complete,GB,en,dashboard
0a5269f6-bc51-4d87-9b70-8956261d65f1,prolific,6641edbd5f9c09acd948d91b,bd3f41612928a1565a3311abb09285de285eef07e4239588855241015de54af7,fd6438732535,unbookmarked,,,,,complete,GB,en,dashboard
5c52ff14-daf2-4114-8856-4c14de0fab8c,prolific,6640f97e76c2142b3fb69686,4ee0c3aaf73832e1e7a766ba5a2af54a7224d3e881e1c71b8ba0ab3022c9c146,fd7860710726,unbookmarked,,,,,complete,GB,en,dashboard
5c52ff14-daf2-4114-8856-4c14de0fab8c,prolific,6640f8897e66a06af6ba8b58,7cb9dd23fdb116b197d84a771d1a7d23386c8ee6e36c28fc5e45a0de4d6e4ae7,fd9206102759,unbookmarked,,,,,complete,GB,en,dashboard
230247e0-46e3-494b-82a7-78eea3e0819e,prolific,6641fb35bbbce31d92f37507,c2dcddb084a20f8e89824284029d1814449f5e5ec548670406fee0fa3c98352a,fd1795011882,unbookmarked,,,,,complete,GB,en,dashboard
5c52ff14-daf2-4114-8856-4c14de0fab8c,prolific,6640f93dae2f08d135fb1e2f,d717bb0af95beafc92722d6ba36a5aef4073a3a9433844bb9c372212c6f7f696,fd6029848214,unbookmarked,,,,,complete,GB,en,dashboard
4e7cc910-8af4-45ff-a423-7df00fa2d70a,fd,98ecf417-e25c-4394-b148-026023ed8af3,f2e2f91602e5558f119ebbd4cb5811b2b66947e6604a1425edee9a7144ae6d77,fd3069425015,unbookmarked,,,,,complete,GB,en,dashboard
5c52ff14-daf2-4114-8856-4c14de0fab8c,prolific,6640f7a9d0b9e3f217df642e,628094f6c58ebd8c5ec512a79c962d4bf42739864f5997e56c166aa2163c08c8,fd6996188360,unbookmarked,,,,,complete,GB,en,dashboard
c0b7fb4b-d832-4830-9379-c7d054c865f7,prolific,66423ad74d9c1cb315f97689,1c813b7a1930cb9aa5e75eed01bf2409383d5b1218a05a8a02ef0a630da3ef3a,fd0457803578,unbookmarked,36,United Kingdom,Female,"{""panel_metadata"":{""Status"":""AWAITING REVIEW"",""Started at"":""2024-05-13T16:07:56.674000Z"",""Time taken"":""869.0"",""Archived at"":""2024-05-13T16:22:25.558711Z"",""Reviewed at"":"""",""Completed at"":""2024-05-13T16:22:24.862000Z"",""Participant id"":""5dcfdf449b61040e3b923621"",""Completion code"":""C5W582JY"",""Total approvals"":""1074"",""Custom study tncs accepted at"":""Not Applicable""},""extra_profiling_fields"":[{""id"":""highest_education_level_completed"",""name"":""Highest education level completed"",""value"":""High school diploma/A-levels""},{""id"":""household_income_(gbp)"",""name"":""Household income (gbp)"",""value"":""£20,000 - £29,999""},{""id"":""current_uk_area_of_residence"",""name"":""Current uk area of residence"",""value"":""East Midlands, England (Derbyshire and Nottinghamshire, Leicestershire, Rutland and Northamptonshire, Lincolnshire)""},{""id"":""home_internet_provider_u.k"",""name"":""Home internet provider u.k"",""value"":""Sky""},{""id"":""tv_streaming_services"",""name"":""Tv streaming services"",""value"":""Netflix, Amazon Prime Video, Disney+, Peacock, BBC iPlayer, Discovery+, NOW TV""},{""id"":""ethnicity_simplified"",""name"":""Ethnicity simplified"",""value"":""White""},{""id"":""country_of_birth"",""name"":""Country of birth"",""value"":""United Kingdom""},{""id"":""nationality"",""name"":""Nationality"",""value"":""United Kingdom""},{""id"":""language"",""name"":""Language"",""value"":""English""},{""id"":""student_status"",""name"":""Student status"",""value"":""No""},{""id"":""employment_status"",""name"":""Employment status"",""value"":""Not in paid work (e.g. homemaker', 'retired or disabled)""}]}",complete,GB,en,dashboard
f68775e5-8d5c-4ef1-b7aa-91dd8e4e0fbd,prolific,6643568a6b413b2708533d76,82ee4865b0a41d33925960f0766883e4c292daec0051ed2549e885474f4acebf,fd2595673791,unbookmarked,,,,,complete,GB,en,dashboard
c0b7fb4b-d832-4830-9379-c7d054c865f7,prolific,66423b05dc04e9f90806c60f,f56a62b410b28c01f7432f0b6cc4de1f4f338a2c72c6047a38a32c483126a3d5,fd0367535061,unbookmarked,43,United Kingdom,Female,"{""panel_metadata"":{""Status"":""AWAITING REVIEW"",""Started at"":""2024-05-13T16:08:44.077000Z"",""Time taken"":""3526.0"",""Archived at"":""2024-05-13T17:07:30.223557Z"",""Reviewed at"":"""",""Completed at"":""2024-05-13T17:07:29.080000Z"",""Participant id"":""5a1fdfc8844c7a00015e699d"",""Completion code"":""C5W582JY"",""Total approvals"":""865"",""Custom study tncs accepted at"":""Not Applicable""},""extra_profiling_fields"":[{""id"":""highest_education_level_completed"",""name"":""Highest education level completed"",""value"":""Graduate degree (MA/MSc/MPhil/other)""},{""id"":""household_income_(gbp)"",""name"":""Household income (gbp)"",""value"":""£20,000 - £29,999""},{""id"":""current_uk_area_of_residence"",""name"":""Current uk area of residence"",""value"":""South East, England (Berkshire, Buckinghamshire, and Oxfordshire, Surrey, Sussex, Kent, Hampshire and Isle of Wight)""},{""id"":""home_internet_provider_u.k"",""name"":""Home internet provider u.k"",""value"":""BT Internet""},{""id"":""tv_streaming_services"",""name"":""Tv streaming services"",""value"":""Netflix, Amazon Prime Video, Disney+, Paramount+, BBC iPlayer""},{""id"":""ethnicity_simplified"",""name"":""Ethnicity simplified"",""value"":""White""},{""id"":""country_of_birth"",""name"":""Country of birth"",""value"":""United Kingdom""},{""id"":""nationality"",""name"":""Nationality"",""value"":""United Kingdom""},{""id"":""language"",""name"":""Language"",""value"":""English""},{""id"":""student_status"",""name"":""Student status"",""value"":""No""},{""id"":""employment_status"",""name"":""Employment status"",""value"":""Full-Time""}]}",complete,GB,en,dashboard
c0b7fb4b-d832-4830-9379-c7d054c865f7,prolific,66423b2287fd9f8fa7265a82,e4edc0cb13f00308c18542729cd11251cca18e283799c234cd48844bf4df26d3,fd1997775571,unbookmarked,50,United Kingdom,Male,"{""panel_metadata"":{""Status"":""AWAITING REVIEW"",""Started at"":""2024-05-13T16:09:25.465000Z"",""Time taken"":""980.0"",""Archived at"":""2024-05-13T16:25:49.615187Z"",""Reviewed at"":"""",""Completed at"":""2024-05-13T16:25:44.769000Z"",""Participant id"":""613f1a905c611a282adbe933"",""Completion code"":""NOCODE"",""Total approvals"":""1558"",""Custom study tncs accepted at"":""Not Applicable""},""extra_profiling_fields"":[{""id"":""highest_education_level_completed"",""name"":""Highest education level completed"",""value"":""Undergraduate degree (BA/BSc/other)""},{""id"":""household_income_(gbp)"",""name"":""Household income (gbp)"",""value"":""£100,000 - £149,999""},{""id"":""current_uk_area_of_residence"",""name"":""Current uk area of residence"",""value"":""London, England ""},{""id"":""home_internet_provider_u.k"",""name"":""Home internet provider u.k"",""value"":""BT Internet""},{""id"":""tv_streaming_services"",""name"":""Tv streaming services"",""value"":""Netflix, Amazon Prime Video, Disney+, Apple TV+, BBC iPlayer""},{""id"":""ethnicity_simplified"",""name"":""Ethnicity simplified"",""value"":""Asian""},{""id"":""country_of_birth"",""name"":""Country of birth"",""value"":""United Kingdom""},{""id"":""nationality"",""name"":""Nationality"",""value"":""United Kingdom""},{""id"":""language"",""name"":""Language"",""value"":""English""},{""id"":""student_status"",""name"":""Student status"",""value"":""No""},{""id"":""employment_status"",""name"":""Employment status"",""value"":""Full-Time""}]}",complete,GB,en,dashboard
c0b7fb4b-d832-4830-9379-c7d054c865f7,prolific,66423b01ff8042a9dbcaa232,1beb6dbe631a4b98a000fb8c59a93d0063eb4bbec45c64635dc1c001395022ed,fd6095343341,unbookmarked,34,United Kingdom,Female,"{""panel_metadata"":{""Status"":""AWAITING REVIEW"",""Started at"":""2024-05-13T16:08:36.987000Z"",""Time taken"":""1255.0"",""Archived at"":""2024-05-13T16:29:32.563814Z"",""Reviewed at"":"""",""Completed at"":""2024-05-13T16:29:31.451000Z"",""Participant id"":""5a2f05f5be6db60001368928"",""Completion code"":""C5W582JY"",""Total approvals"":""510"",""Custom study tncs accepted at"":""Not Applicable""},""extra_profiling_fields"":[{""id"":""highest_education_level_completed"",""name"":""Highest education level completed"",""value"":""Technical/community college""},{""id"":""household_income_(gbp)"",""name"":""Household income (gbp)"",""value"":""£20,000 - £29,999""},{""id"":""current_uk_area_of_residence"",""name"":""Current uk area of residence"",""value"":""East Midlands, England (Derbyshire and Nottinghamshire, Leicestershire, Rutland and Northamptonshire, Lincolnshire)""},{""id"":""home_internet_provider_u.k"",""name"":""Home internet provider u.k"",""value"":""TalkTalk""},{""id"":""tv_streaming_services"",""name"":""Tv streaming services"",""value"":""Netflix, Disney+""},{""id"":""ethnicity_simplified"",""name"":""Ethnicity simplified"",""value"":""White""},{""id"":""country_of_birth"",""name"":""Country of birth"",""value"":""United Kingdom""},{""id"":""nationality"",""name"":""Nationality"",""value"":""United Kingdom""},{""id"":""language"",""name"":""Language"",""value"":""English""},{""id"":""student_status"",""name"":""Student status"",""value"":""No""},{""id"":""employment_status"",""name"":""Employment status"",""value"":""Full-Time""}]}",complete,GB,en,dashboard
5c52ff14-daf2-4114-8856-4c14de0fab8c,prolific,6640f82a6595c391c128b71c,5a243f7e26416459654c166ecef0985beaccf309fcf46f3aec9dd186ca77fefd,fd0336150269,unbookmarked,,,,,complete,GB,en,dashboard
c0b7fb4b-d832-4830-9379-c7d054c865f7,prolific,66423b4a8b0518ac8c379a5f,10fb908768fef4e64659135d6ab8eeb69ad5ef7a314f15b51b22ded5e60c7766,fd6053872486,unbookmarked,52,United Kingdom,Male,"{""panel_metadata"":{""Status"":""AWAITING REVIEW"",""Started at"":""2024-05-13T16:09:46.246000Z"",""Time taken"":""1652.0"",""Archived at"":""2024-05-13T16:37:18.118574Z"",""Reviewed at"":"""",""Completed at"":""2024-05-13T16:37:17.365000Z"",""Participant id"":""616437a7882ca1d66da11c4f"",""Completion code"":""C5W582JY"",""Total approvals"":""2058"",""Custom study tncs accepted at"":""Not Applicable""},""extra_profiling_fields"":[{""id"":""highest_education_level_completed"",""name"":""Highest education level completed"",""value"":""Graduate degree (MA/MSc/MPhil/other)""},{""id"":""household_income_(gbp)"",""name"":""Household income (gbp)"",""value"":""£16,000 - £19,999""},{""id"":""current_uk_area_of_residence"",""name"":""Current uk area of residence"",""value"":""South West, England (Gloucestershire, Wiltshire and Bristol/Bath area, Dorset and Somerset, Cornwall and Isles of Scilly, Devon)""},{""id"":""home_internet_provider_u.k"",""name"":""Home internet provider u.k"",""value"":""TalkTalk""},{""id"":""tv_streaming_services"",""name"":""Tv streaming services"",""value"":""Netflix, Amazon Prime Video, BBC iPlayer, Apple TV+""},{""id"":""ethnicity_simplified"",""name"":""Ethnicity simplified"",""value"":""White""},{""id"":""country_of_birth"",""name"":""Country of birth"",""value"":""United Kingdom""},{""id"":""nationality"",""name"":""Nationality"",""value"":""United Kingdom""},{""id"":""language"",""name"":""Language"",""value"":""English""},{""id"":""student_status"",""name"":""Student status"",""value"":""No""},{""id"":""employment_status"",""name"":""Employment status"",""value"":""Part-Time""}]}",complete,GB,en,dashboard
0a5269f6-bc51-4d87-9b70-8956261d65f1,prolific,6641eeb5d4e8cac6cf7b8a36,913963e84fd3c772c7a779d704049b3061d8933086d28f9b72078971d82bd163,fd3426850147,unbookmarked,,,,,complete,GB,en,dashboard
5c52ff14-daf2-4114-8856-4c14de0fab8c,prolific,6640f92cff6781d6551449d1,c15779b1eadfebf307ee198d9528ea07ace0961ad5f811d8ab0601d0752670fd,fd6840347901,unbookmarked,,,,,complete,GB,en,dashboard
5c52ff14-daf2-4114-8856-4c14de0fab8c,prolific,6640f973a386c108b17283c6,42f6a98461c6b5d8d98fa91e6f3583f9b94458450d981cc99ad661fa8096f87d,fd3251171453,unbookmarked,,,,,complete,GB,en,dashboard
c0b7fb4b-d832-4830-9379-c7d054c865f7,prolific,66423b658c184e805974207a,bca6cf263f73a9227cd7f4976506b638ed864a3f4008fe854ca304215306d5a8,fd9198906792,unbookmarked,56,United Kingdom,Male,"{""panel_metadata"":{""Status"":""AWAITING REVIEW"",""Started at"":""2024-05-13T16:10:29.174000Z"",""Time taken"":""1538.0"",""Archived at"":""2024-05-13T16:36:07.013846Z"",""Reviewed at"":"""",""Completed at"":""2024-05-13T16:36:06.392000Z"",""Participant id"":""6163f8a826c9b98b20139416"",""Completion code"":""C5W582JY"",""Total approvals"":""1795"",""Custom study tncs accepted at"":""Not Applicable""},""extra_profiling_fields"":[{""id"":""highest_education_level_completed"",""name"":""Highest education level completed"",""value"":""Secondary education (e.g. GED/GCSE)""},{""id"":""household_income_(gbp)"",""name"":""Household income (gbp)"",""value"":""£20,000 - £29,999""},{""id"":""current_uk_area_of_residence"",""name"":""Current uk area of residence"",""value"":""North West, England (Cumbria, Greater Manchester, Lancashire, Merseyside)""},{""id"":""home_internet_provider_u.k"",""name"":""Home internet provider u.k"",""value"":""Sky""},{""id"":""tv_streaming_services"",""name"":""Tv streaming services"",""value"":""Netflix, Amazon Prime Video, BBC iPlayer""},{""id"":""ethnicity_simplified"",""name"":""Ethnicity simplified"",""value"":""White""},{""id"":""country_of_birth"",""name"":""Country of birth"",""value"":""United Kingdom""},{""id"":""nationality"",""name"":""Nationality"",""value"":""United Kingdom""},{""id"":""language"",""name"":""Language"",""value"":""English""},{""id"":""student_status"",""name"":""Student status"",""value"":""Yes""},{""id"":""employment_status"",""name"":""Employment status"",""value"":""Part-Time""}]}",complete,GB,en,dashboard
c0b7fb4b-d832-4830-9379-c7d054c865f7,prolific,66423b6b32a7481fd803d7c8,9837a71c588ea0b4e54e4502a8f3d803bc1435163a78c8b7096de42ebd979252,fd9900626514,unbookmarked,39,United Kingdom,Male,"{""panel_metadata"":{""Status"":""AWAITING REVIEW"",""Started at"":""2024-05-13T16:10:19.210000Z"",""Time taken"":""2318.0"",""Archived at"":""2024-05-13T16:48:56.886465Z"",""Reviewed at"":"""",""Completed at"":""2024-05-13T16:48:56.313000Z"",""Participant id"":""6102b9d04b46de930a9cce0a"",""Completion code"":""C5W582JY"",""Total approvals"":""366"",""Custom study tncs accepted at"":""Not Applicable""},""extra_profiling_fields"":[{""id"":""highest_education_level_completed"",""name"":""Highest education level completed"",""value"":""High school diploma/A-levels""},{""id"":""household_income_(gbp)"",""name"":""Household income (gbp)"",""value"":""£50,000 - £59,999""},{""id"":""current_uk_area_of_residence"",""name"":""Current uk area of residence"",""value"":""North West, England (Cumbria, Greater Manchester, Lancashire, Merseyside)""},{""id"":""home_internet_provider_u.k"",""name"":""Home internet provider u.k"",""value"":""TalkTalk""},{""id"":""tv_streaming_services"",""name"":""Tv streaming services"",""value"":""Netflix, Amazon Prime Video, Disney+, NOW TV, BBC iPlayer""},{""id"":""ethnicity_simplified"",""name"":""Ethnicity simplified"",""value"":""White""},{""id"":""country_of_birth"",""name"":""Country of birth"",""value"":""United Kingdom""},{""id"":""nationality"",""name"":""Nationality"",""value"":""United Kingdom""},{""id"":""language"",""name"":""Language"",""value"":""English""},{""id"":""student_status"",""name"":""Student status"",""value"":""No""},{""id"":""employment_status"",""name"":""Employment status"",""value"":""Due to start a new job within the next month""}]}",complete,GB,en,dashboard
80bb97a2-ad61-4759-b405-16edac47efa8,prolific,65f04e17ef10bc2d91221af1,ca23dd6f9097b69d8f66e76d6e96efe02875e5b7716ee5b95dcff80b49599579,fd9196717433,unbookmarked,,,,,complete,GB,en,dashboard
c0b7fb4b-d832-4830-9379-c7d054c865f7,prolific,66423b6210212fbcbfc92777,e4ab6a3ea864ff6b139b81351433bceffc77ba5965e1899ec478e6cf8a71b671,fd2766867057,unbookmarked,52,United Kingdom,Female,"{""panel_metadata"":{""Status"":""AWAITING REVIEW"",""Started at"":""2024-05-13T16:10:21.549000Z"",""Time taken"":""1474.0"",""Archived at"":""2024-05-13T16:34:55.302124Z"",""Reviewed at"":"""",""Completed at"":""2024-05-13T16:34:54.731000Z"",""Participant id"":""65be59f9d75c57ef759fd8d1"",""Completion code"":""C5W582JY"",""Total approvals"":""229"",""Custom study tncs accepted at"":""Not Applicable""},""extra_profiling_fields"":[{""id"":""highest_education_level_completed"",""name"":""Highest education level completed"",""value"":""Undergraduate degree (BA/BSc/other)""},{""id"":""household_income_(gbp)"",""name"":""Household income (gbp)"",""value"":""£20,000 - £29,999""},{""id"":""current_uk_area_of_residence"",""name"":""Current uk area of residence"",""value"":""West Midlands, England (Herefordshire, Worcestershire and Warwickshire, Shropshire and Staffordshire, West Midlands)""},{""id"":""home_internet_provider_u.k"",""name"":""Home internet provider u.k"",""value"":""Zen""},{""id"":""tv_streaming_services"",""name"":""Tv streaming services"",""value"":""Netflix""},{""id"":""ethnicity_simplified"",""name"":""Ethnicity simplified"",""value"":""White""},{""id"":""country_of_birth"",""name"":""Country of birth"",""value"":""United Kingdom""},{""id"":""nationality"",""name"":""Nationality"",""value"":""United Kingdom""},{""id"":""language"",""name"":""Language"",""value"":""English""},{""id"":""student_status"",""name"":""Student status"",""value"":""No""},{""id"":""employment_status"",""name"":""Employment status"",""value"":""Due to start a new job within the next month""}]}",complete,GB,en,dashboard
f0d64968-839f-49c2-b60f-ed9f3293cd3c,prolific,66435663337c1d070c82d087,21bddf0b5f65d5f7c3297340caf1b162a25efd9b790bd55d5dbae1ce2b08dedb,fd4467376859,unbookmarked,,,,,complete,GB,en,dashboard
5c52ff14-daf2-4114-8856-4c14de0fab8c,prolific,6640f850acecfece08ed09d5,b3ba00048d1b9fd714fed319946fa13a368f257a8412fe0fe90fb06ec992fbc0,fd1025416128,unbookmarked,,,,,complete,GB,en,dashboard
c0b7fb4b-d832-4830-9379-c7d054c865f7,prolific,66423849b6771a8355ce796d,3e1324d7215318fe5f625c52b64c551338e84bce2f162e548698bf5a03ae275a,fd8023600986,unbookmarked,36,United Kingdom,Female,"{""panel_metadata"":{""Status"":""AWAITING REVIEW"",""Started at"":""2024-05-13T15:57:08.359000Z"",""Time taken"":""1563.0"",""Archived at"":""2024-05-13T16:23:15.733087Z"",""Reviewed at"":"""",""Completed at"":""2024-05-13T16:23:11.217000Z"",""Participant id"":""5bbc94bc4b3b020001ba5f93"",""Completion code"":""C5W582JY"",""Total approvals"":""1649"",""Custom study tncs accepted at"":""Not Applicable""},""extra_profiling_fields"":[{""id"":""highest_education_level_completed"",""name"":""Highest education level completed"",""value"":""Undergraduate degree (BA/BSc/other)""},{""id"":""household_income_(gbp)"",""name"":""Household income (gbp)"",""value"":""Less than £10,000""},{""id"":""current_uk_area_of_residence"",""name"":""Current uk area of residence"",""value"":""South West, England (Gloucestershire, Wiltshire and Bristol/Bath area, Dorset and Somerset, Cornwall and Isles of Scilly, Devon)""},{""id"":""home_internet_provider_u.k"",""name"":""Home internet provider u.k"",""value"":""BT Internet""},{""id"":""tv_streaming_services"",""name"":""Tv streaming services"",""value"":""Netflix, Amazon Prime Video""},{""id"":""ethnicity_simplified"",""name"":""Ethnicity simplified"",""value"":""White""},{""id"":""country_of_birth"",""name"":""Country of birth"",""value"":""United Kingdom""},{""id"":""nationality"",""name"":""Nationality"",""value"":""United Kingdom""},{""id"":""language"",""name"":""Language"",""value"":""English""},{""id"":""student_status"",""name"":""Student status"",""value"":""Yes""},{""id"":""employment_status"",""name"":""Employment status"",""value"":""Full-Time""}]}",complete,GB,en,dashboard
c0b7fb4b-d832-4830-9379-c7d054c865f7,prolific,66423964b7bcbe046ddd9ce8,a32693385d7d2fc4404a1437f393a3404d266e4cb7205107b8e3d26c6d57d481,fd7096467585,unbookmarked,42,United Kingdom,Female,"{""panel_metadata"":{""Status"":""AWAITING REVIEW"",""Started at"":""2024-05-13T16:01:52.558000Z"",""Time taken"":""2647.0"",""Archived at"":""2024-05-13T16:46:40.320489Z"",""Reviewed at"":"""",""Completed at"":""2024-05-13T16:45:59.402000Z"",""Participant id"":""595f88cc135b5e0001928a9c"",""Completion code"":""C5W582JY"",""Total approvals"":""987"",""Custom study tncs accepted at"":""Not Applicable""},""extra_profiling_fields"":[{""id"":""highest_education_level_completed"",""name"":""Highest education level completed"",""value"":""High school diploma/A-levels""},{""id"":""household_income_(gbp)"",""name"":""Household income (gbp)"",""value"":""£10,000 - £15,999""},{""id"":""current_uk_area_of_residence"",""name"":""Current uk area of residence"",""value"":""East Midlands, England (Derbyshire and Nottinghamshire, Leicestershire, Rutland and Northamptonshire, Lincolnshire)""},{""id"":""home_internet_provider_u.k"",""name"":""Home internet provider u.k"",""value"":""Sky""},{""id"":""tv_streaming_services"",""name"":""Tv streaming services"",""value"":""Netflix""},{""id"":""ethnicity_simplified"",""name"":""Ethnicity simplified"",""value"":""White""},{""id"":""country_of_birth"",""name"":""Country of birth"",""value"":""United Kingdom""},{""id"":""nationality"",""name"":""Nationality"",""value"":""United Kingdom""},{""id"":""language"",""name"":""Language"",""value"":""English""},{""id"":""student_status"",""name"":""Student status"",""value"":""No""},{""id"":""employment_status"",""name"":""Employment status"",""value"":""Full-Time""}]}",complete,GB,en,dashboard
c0b7fb4b-d832-4830-9379-c7d054c865f7,prolific,664239bb9cb4e548aa8f97aa,6b8c979ee6e6391741866eda8cc2539395939a0635b217a46da3f295c88161c8,fd7729358280,unbookmarked,27,United Kingdom,Male,"{""panel_metadata"":{""Status"":""AWAITING REVIEW"",""Started at"":""2024-05-13T16:03:16.738000Z"",""Time taken"":""1434.0"",""Archived at"":""2024-05-13T16:27:10.880492Z"",""Reviewed at"":"""",""Completed at"":""2024-05-13T16:27:10.363000Z"",""Participant id"":""64136650748e4e17c18e1900"",""Completion code"":""C5W582JY"",""Total approvals"":""493"",""Custom study tncs accepted at"":""Not Applicable""},""extra_profiling_fields"":[{""id"":""highest_education_level_completed"",""name"":""Highest education level completed"",""value"":""High school diploma/A-levels""},{""id"":""household_income_(gbp)"",""name"":""Household income (gbp)"",""value"":""Less than £10,000""},{""id"":""current_uk_area_of_residence"",""name"":""Current uk area of residence"",""value"":""North West, England (Cumbria, Greater Manchester, Lancashire, Merseyside)""},{""id"":""home_internet_provider_u.k"",""name"":""Home internet provider u.k"",""value"":""Sky""},{""id"":""tv_streaming_services"",""name"":""Tv streaming services"",""value"":""Netflix, Amazon Prime Video, Disney+, BBC iPlayer""},{""id"":""ethnicity_simplified"",""name"":""Ethnicity simplified"",""value"":""White""},{""id"":""country_of_birth"",""name"":""Country of birth"",""value"":""United Kingdom""},{""id"":""nationality"",""name"":""Nationality"",""value"":""United Kingdom""},{""id"":""language"",""name"":""Language"",""value"":""English""},{""id"":""student_status"",""name"":""Student status"",""value"":""Yes""},{""id"":""employment_status"",""name"":""Employment status"",""value"":""Part-Time""}]}",complete,GB,en,dashboard
f0d64968-839f-49c2-b60f-ed9f3293cd3c,prolific,664354b5ad8ec42dd76150da,0553fa6870f7db90f1dd282880f3e17ef052bdd5c7c955ee5e6f0396e36de338,fd0403018552,unbookmarked,,,,,complete,GB,en,dashboard
230247e0-46e3-494b-82a7-78eea3e0819e,prolific,6642059d5d93f1a4053f70f6,bdb58795a512d65a0173966b7007bb04c051f6d4ea12eaba214603db1566ee21,fd1868876321,unbookmarked,,,,,complete,GB,en,dashboard
c0b7fb4b-d832-4830-9379-c7d054c865f7,prolific,66423a5c0e78c0fd2a3bda43,f9c347f27a2d948172caf01de4278d6507ed1a42d1007460b55e45cb21d292ee,fd3051166446,unbookmarked,28,United Kingdom,Male,"{""panel_metadata"":{""Status"":""AWAITING REVIEW"",""Started at"":""2024-05-13T16:05:51.924000Z"",""Time taken"":""2378.0"",""Archived at"":""2024-05-13T16:46:28.145919Z"",""Reviewed at"":"""",""Completed at"":""2024-05-13T16:45:29.406000Z"",""Participant id"":""5e8c8ca021b0af01c8e13022"",""Completion code"":""C5W582JY"",""Total approvals"":""730"",""Custom study tncs accepted at"":""Not Applicable""},""extra_profiling_fields"":[{""id"":""highest_education_level_completed"",""name"":""Highest education level completed"",""value"":""Graduate degree (MA/MSc/MPhil/other)""},{""id"":""household_income_(gbp)"",""name"":""Household income (gbp)"",""value"":""£70,000 - £79,999""},{""id"":""current_uk_area_of_residence"",""name"":""Current uk area of residence"",""value"":""London, England ""},{""id"":""home_internet_provider_u.k"",""name"":""Home internet provider u.k"",""value"":""Sky""},{""id"":""tv_streaming_services"",""name"":""Tv streaming services"",""value"":""Amazon Prime Video, Disney+, Netflix, NOW TV, Crunchyroll, BBC iPlayer, Funimation""},{""id"":""ethnicity_simplified"",""name"":""Ethnicity simplified"",""value"":""Asian""},{""id"":""country_of_birth"",""name"":""Country of birth"",""value"":""United Kingdom""},{""id"":""nationality"",""name"":""Nationality"",""value"":""United Kingdom""},{""id"":""language"",""name"":""Language"",""value"":""English""},{""id"":""student_status"",""name"":""Student status"",""value"":""No""},{""id"":""employment_status"",""name"":""Employment status"",""value"":""Full-Time""}]}",complete,GB,en,dashboard
44ea90be-e54d-5179-aa70-d338b95f8ec6,prolific,2a41995f-0331-5311-bd5e-606649d5cb1d,55a5bde939b07a7f25f704c3e6d5bda6aa27227edb371829162a292684c024e7,fd71647325,unbookmarked,25,United Kingdom,Female,"{""panel_metadata"":{""status"":""AWAITING REVIEW"",""started_at"":""2026-01-12T13:47:18.980000Z"",""time_taken"":5404,""archived_at"":""2026-01-12T15:17:23.235295Z"",""completed_at"":""2026-01-12T15:17:22.889000Z"",""participant_id"":""5f71eac386b9440863f5c134"",""completion_code"":""FDC0MPL3T3"",""total_approvals"":447,""custom_study_tncs_accepted_at"":""Not Applicable""},""extra_profiling_fields"":[{""id"":""llm_detection_result"",""name"":""Llm detection result"",""value"":""Passed""},{""id"":""ethnicity_simplified"",""name"":""Ethnicity simplified"",""value"":""White""},{""id"":""country_of_birth"",""name"":""Country of birth"",""value"":""United Kingdom""},{""id"":""nationality"",""name"":""Nationality"",""value"":""United Kingdom""},{""id"":""language"",""name"":""Language"",""value"":""English""}]}",complete,GB,en,dashboard
c0b7fb4b-d832-4830-9379-c7d054c865f7,prolific,66423a5feffc1a767b4ac7b0,88c533e064600036c42faa41723b4b90aab083a03316f779513d35e3d4d9ad5e,fd4557077854,unbookmarked,42,United Kingdom,Female,"{""panel_metadata"":{""Status"":""AWAITING REVIEW"",""Started at"":""2024-05-13T16:08:20.104000Z"",""Time taken"":""2867.0"",""Archived at"":""2024-05-13T16:57:01.544573Z"",""Reviewed at"":"""",""Completed at"":""2024-05-13T16:56:06.217000Z"",""Participant id"":""59f4fa78da08940001d4e7b7"",""Completion code"":""C5W582JY"",""Total approvals"":""410"",""Custom study tncs accepted at"":""Not Applicable""},""extra_profiling_fields"":[{""id"":""highest_education_level_completed"",""name"":""Highest education level completed"",""value"":""Undergraduate degree (BA/BSc/other)""},{""id"":""household_income_(gbp)"",""name"":""Household income (gbp)"",""value"":""£50,000 - £59,999""},{""id"":""current_uk_area_of_residence"",""name"":""Current uk area of residence"",""value"":""North West, England (Cumbria, Greater Manchester, Lancashire, Merseyside)""},{""id"":""home_internet_provider_u.k"",""name"":""Home internet provider u.k"",""value"":""Virgin""},{""id"":""tv_streaming_services"",""name"":""Tv streaming services"",""value"":""Netflix, Amazon Prime Video, Disney+, Apple TV+, NOW TV, BBC iPlayer""},{""id"":""ethnicity_simplified"",""name"":""Ethnicity simplified"",""value"":""Mixed""},{""id"":""country_of_birth"",""name"":""Country of birth"",""value"":""United Kingdom""},{""id"":""nationality"",""name"":""Nationality"",""value"":""United Kingdom""},{""id"":""language"",""name"":""Language"",""value"":""English""},{""id"":""student_status"",""name"":""Student status"",""value"":""No""},{""id"":""employment_status"",""name"":""Employment status"",""value"":""Full-Time""}]}",complete,GB,en,dashboard
ff770173-78a7-417f-b42e-97ba1b642402,prolific,8804469d-7aa5-56dd-ad97-edd34c0f7ca8,accd47aadce762f4e77832cf58c00fde2095386213b895be8bb219810d5d098c,fd37620277,unbookmarked,65,United Kingdom,Male,"{""panel_metadata"":{""status"":""AWAITING REVIEW"",""started_at"":""2025-11-18T00:51:58.351000Z"",""time_taken"":2934,""archived_at"":""2025-11-18T01:40:52.497106Z"",""completed_at"":""2025-11-18T01:40:52.067000Z"",""participant_id"":""667a76115752d8de34356c95"",""completion_code"":""FDC0MPL3T3"",""total_approvals"":308,""custom_study_tncs_accepted_at"":""Not Applicable""},""extra_profiling_fields"":[{""id"":""ethnicity"",""name"":""Ethnicity"",""value"":""White""},{""id"":""highest_education_level_completed"",""name"":""Highest education level completed"",""value"":""Undergraduate degree (BA/BSc/other)""},{""id"":""coronary_artery_disease"",""name"":""Coronary artery disease"",""value"":""Yes, and I am taking risk-lowering medication (e.g. statin, aspirin, clopidogrel)""},{""id"":""gender"",""name"":""Gender"",""value"":""Man (including Trans Male/Trans Man)""},{""id"":""ethnicity_simplified"",""name"":""Ethnicity simplified"",""value"":""White""},{""id"":""country_of_birth"",""name"":""Country of birth"",""value"":""United Kingdom""},{""id"":""nationality"",""name"":""Nationality"",""value"":""United Kingdom""},{""id"":""language"",""name"":""Language"",""value"":""English""},{""id"":""student_status"",""name"":""Student status"",""value"":""No""},{""id"":""employment_status"",""name"":""Employment status"",""value"":""Not in paid work (e.g. homemaker', 'retired or disabled)""}]}",complete,GB,en,orchestra
c0b7fb4b-d832-4830-9379-c7d054c865f7,prolific,66423a99cfbd19d13afd4850,93de7f9d8f5072bffe11f728f8d3469955da9039513e9268f8a41354e31930f8,fd5207764216,unbookmarked,39,United Kingdom,Male,"{""panel_metadata"":{""Status"":""AWAITING REVIEW"",""Started at"":""2024-05-13T16:06:49.161000Z"",""Time taken"":""1313.0"",""Archived at"":""2024-05-13T16:28:42.866746Z"",""Reviewed at"":"""",""Completed at"":""2024-05-13T16:28:42.053000Z"",""Participant id"":""62a212208e8395cfb1c4e42b"",""Completion code"":""C5W582JY"",""Total approvals"":""1326"",""Custom study tncs accepted at"":""Not Applicable""},""extra_profiling_fields"":[{""id"":""highest_education_level_completed"",""name"":""Highest education level completed"",""value"":""High school diploma/A-levels""},{""id"":""household_income_(gbp)"",""name"":""Household income (gbp)"",""value"":""£30,000 - £39,999""},{""id"":""current_uk_area_of_residence"",""name"":""Current uk area of residence"",""value"":""North West, England (Cumbria, Greater Manchester, Lancashire, Merseyside)""},{""id"":""home_internet_provider_u.k"",""name"":""Home internet provider u.k"",""value"":""Virgin""},{""id"":""tv_streaming_services"",""name"":""Tv streaming services"",""value"":""Netflix, Amazon Prime Video, Disney+, Peacock, Paramount+, Apple TV+, Discovery+, BBC iPlayer""},{""id"":""ethnicity_simplified"",""name"":""Ethnicity simplified"",""value"":""White""},{""id"":""country_of_birth"",""name"":""Country of birth"",""value"":""United Kingdom""},{""id"":""nationality"",""name"":""Nationality"",""value"":""United Kingdom""},{""id"":""language"",""name"":""Language"",""value"":""English""},{""id"":""student_status"",""name"":""Student status"",""value"":""No""},{""id"":""employment_status"",""name"":""Employment status"",""value"":""Full-Time""}]}",complete,GB,en,dashboard
c0b7fb4b-d832-4830-9379-c7d054c865f7,prolific,66423ae72ec290347606c59c,c6c59b76b966be471400bc6620e3692faaeaaba15128174aaf73fde497530559,fd6989604185,unbookmarked,37,United Kingdom,Female,"{""panel_metadata"":{""Status"":""AWAITING REVIEW"",""Started at"":""2024-05-13T16:08:12.724000Z"",""Time taken"":""1226.0"",""Archived at"":""2024-05-13T16:28:38.379399Z"",""Reviewed at"":"""",""Completed at"":""2024-05-13T16:28:37.863000Z"",""Participant id"":""577bfa3c9fecfe0001a5bcbf"",""Completion code"":""C5W582JY"",""Total approvals"":""747"",""Custom study tncs accepted at"":""Not Applicable""},""extra_profiling_fields"":[{""id"":""highest_education_level_completed"",""name"":""Highest education level completed"",""value"":""Technical/community college""},{""id"":""household_income_(gbp)"",""name"":""Household income (gbp)"",""value"":""£20,000 - £29,999""},{""id"":""current_uk_area_of_residence"",""name"":""Current uk area of residence"",""value"":""South West, England (Gloucestershire, Wiltshire and Bristol/Bath area, Dorset and Somerset, Cornwall and Isles of Scilly, Devon)""},{""id"":""home_internet_provider_u.k"",""name"":""Home internet provider u.k"",""value"":""Sky""},{""id"":""tv_streaming_services"",""name"":""Tv streaming services"",""value"":""Netflix, Amazon Prime Video, Disney+""},{""id"":""ethnicity_simplified"",""name"":""Ethnicity simplified"",""value"":""White""},{""id"":""country_of_birth"",""name"":""Country of birth"",""value"":""United Kingdom""},{""id"":""nationality"",""name"":""Nationality"",""value"":""United Kingdom""},{""id"":""language"",""name"":""Language"",""value"":""English""},{""id"":""employment_status"",""name"":""Employment status"",""value"":""Not in paid work (e.g. homemaker', 'retired or disabled)""}]}",complete,GB,en,dashboard
c0b7fb4b-d832-4830-9379-c7d054c865f7,prolific,66423af32e2d35089aa17d01,ea9786cc85614d50b17cb3899d389919275b8d537ec104889e5860875fa620cf,fd9183968463,unbookmarked,36,United Kingdom,Male,"{""panel_metadata"":{""Status"":""AWAITING REVIEW"",""Started at"":""2024-05-13T16:08:43.352000Z"",""Time taken"":""646.0"",""Archived at"":""2024-05-13T16:19:30.396391Z"",""Reviewed at"":"""",""Completed at"":""2024-05-13T16:19:29.249000Z"",""Participant id"":""5ba8e6989533420001c4622a"",""Completion code"":""NOCODE"",""Total approvals"":""589"",""Custom study tncs accepted at"":""Not Applicable""},""extra_profiling_fields"":[{""id"":""highest_education_level_completed"",""name"":""Highest education level completed"",""value"":""High school diploma/A-levels""},{""id"":""household_income_(gbp)"",""name"":""Household income (gbp)"",""value"":""Rather not say""},{""id"":""current_uk_area_of_residence"",""name"":""Current uk area of residence"",""value"":""East of England (East Anglia, Bedfordshire and Hertfordshire, Essex)""},{""id"":""home_internet_provider_u.k"",""name"":""Home internet provider u.k"",""value"":""TalkTalk""},{""id"":""tv_streaming_services"",""name"":""Tv streaming services"",""value"":""Netflix, Amazon Prime Video, Disney+, Apple TV+, BBC iPlayer""},{""id"":""ethnicity_simplified"",""name"":""Ethnicity simplified"",""value"":""White""},{""id"":""country_of_birth"",""name"":""Country of birth"",""value"":""United Kingdom""},{""id"":""nationality"",""name"":""Nationality"",""value"":""United Kingdom""},{""id"":""language"",""name"":""Language"",""value"":""English""},{""id"":""student_status"",""name"":""Student status"",""value"":""No""},{""id"":""employment_status"",""name"":""Employment status"",""value"":""Full-Time""}]}",complete,GB,en,dashboard
7dcb2740-109d-4f86-9ef1-78151d2232b3,prolific,301019ce-d842-5b33-a72b-a1dc795bc729,9d8bbb3a753045136ef7178f7a91b0ccc6a0b7141deee58a673dd20bb049b746,fd71472175,unbookmarked,44,Ireland,Female,"{""panel_metadata"":{""status"":""AWAITING REVIEW"",""started_at"":""2025-11-17T12:47:34.294000Z"",""time_taken"":1079,""archived_at"":""2025-11-17T13:05:33.587945Z"",""completed_at"":""2025-11-17T13:05:32.599000Z"",""participant_id"":""6916f8be25b68cedf4a04e13"",""completion_code"":""FDC0MPL3T3"",""total_approvals"":2,""custom_study_tncs_accepted_at"":""Not Applicable""},""extra_profiling_fields"":[{""id"":""living_with_biological_child"",""name"":""Living with biological child"",""value"":""Yes""},{""id"":""llm_detection_result"",""name"":""Llm detection result"",""value"":""Passed""},{""id"":""ethnicity_simplified"",""name"":""Ethnicity simplified"",""value"":""Mixed""},{""id"":""country_of_birth"",""name"":""Country of birth"",""value"":""Brazil""},{""id"":""nationality"",""name"":""Nationality"",""value"":""Portugal""},{""id"":""language"",""name"":""Language"",""value"":""Portuguese""},{""id"":""student_status"",""name"":""Student status"",""value"":""No""},{""id"":""employment_status"",""name"":""Employment status"",""value"":""Full-Time""}]}",complete,IE,en,orchestra
c0b7fb4b-d832-4830-9379-c7d054c865f7,prolific,66423b29caf4e57165c1a2b9,d53ab0fee7a72c3836d9c6f63e0584c31f7ee713fbeb982da61cca19ca58d301,fd6001022721,unbookmarked,44,United Kingdom,Male,"{""panel_metadata"":{""Status"":""AWAITING REVIEW"",""Started at"":""2024-05-13T16:09:18.271000Z"",""Time taken"":""1253.0"",""Archived at"":""2024-05-13T16:30:11.853013Z"",""Reviewed at"":"""",""Completed at"":""2024-05-13T16:30:11.037000Z"",""Participant id"":""5ef91b4a9d934269f7a2d09a"",""Completion code"":""C5W582JY"",""Total approvals"":""690"",""Custom study tncs accepted at"":""Not Applicable""},""extra_profiling_fields"":[{""id"":""highest_education_level_completed"",""name"":""Highest education level completed"",""value"":""Undergraduate degree (BA/BSc/other)""},{""id"":""household_income_(gbp)"",""name"":""Household income (gbp)"",""value"":""£40,000 - £49,999""},{""id"":""current_uk_area_of_residence"",""name"":""Current uk area of residence"",""value"":""East of England (East Anglia, Bedfordshire and Hertfordshire, Essex)""},{""id"":""home_internet_provider_u.k"",""name"":""Home internet provider u.k"",""value"":""Sky""},{""id"":""tv_streaming_services"",""name"":""Tv streaming services"",""value"":""Netflix, Disney+, Amazon Prime Video, Paramount+, Apple TV+, Discovery+, BBC iPlayer""},{""id"":""ethnicity_simplified"",""name"":""Ethnicity simplified"",""value"":""White""},{""id"":""country_of_birth"",""name"":""Country of birth"",""value"":""United Kingdom""},{""id"":""nationality"",""name"":""Nationality"",""value"":""United Kingdom""},{""id"":""language"",""name"":""Language"",""value"":""English""},{""id"":""student_status"",""name"":""Student status"",""value"":""No""},{""id"":""employment_status"",""name"":""Employment status"",""value"":""Full-Time""}]}",complete,GB,en,dashboard
c0b7fb4b-d832-4830-9379-c7d054c865f7,prolific,66423b57d3c9eff39e339d69,b3e1b73bb707d655507782fa8c1475b3e03ace37bcc9e732e85fc37d6f098c6d,fd5678377069,unbookmarked,44,United Kingdom,Male,"{""panel_metadata"":{""Status"":""AWAITING REVIEW"",""Started at"":""2024-05-13T16:10:31.231000Z"",""Time taken"":""1726.0"",""Archived at"":""2024-05-13T16:39:17.874312Z"",""Reviewed at"":"""",""Completed at"":""2024-05-13T16:39:17.178000Z"",""Participant id"":""5c336b366f160f0001348481"",""Completion code"":""NOCODE"",""Total approvals"":""191"",""Custom study tncs accepted at"":""Not Applicable""},""extra_profiling_fields"":[{""id"":""highest_education_level_completed"",""name"":""Highest education level completed"",""value"":""High school diploma/A-levels""},{""id"":""household_income_(gbp)"",""name"":""Household income (gbp)"",""value"":""£10,000 - £15,999""},{""id"":""current_uk_area_of_residence"",""name"":""Current uk area of residence"",""value"":""North West, England (Cumbria, Greater Manchester, Lancashire, Merseyside)""},{""id"":""home_internet_provider_u.k"",""name"":""Home internet provider u.k"",""value"":""Plusnet Wireless""},{""id"":""tv_streaming_services"",""name"":""Tv streaming services"",""value"":""Amazon Prime Video, BBC iPlayer""},{""id"":""ethnicity_simplified"",""name"":""Ethnicity simplified"",""value"":""White""},{""id"":""country_of_birth"",""name"":""Country of birth"",""value"":""United Kingdom""},{""id"":""nationality"",""name"":""Nationality"",""value"":""United Kingdom""},{""id"":""language"",""name"":""Language"",""value"":""English""},{""id"":""student_status"",""name"":""Student status"",""value"":""No""},{""id"":""employment_status"",""name"":""Employment status"",""value"":""Unemployed (and job seeking)""}]}",complete,GB,en,dashboard
c0b7fb4b-d832-4830-9379-c7d054c865f7,prolific,6642385ee761586b4276112d,eeba687aae9c4cd964811b20d029d358cd2f3645296fedab2392b5df073f0022,fd4853290018,unbookmarked,31,United Kingdom,Male,"{""panel_metadata"":{""Status"":""AWAITING REVIEW"",""Started at"":""2024-05-13T15:57:22.076000Z"",""Time taken"":""622.0"",""Archived at"":""2024-05-13T16:07:44.289626Z"",""Reviewed at"":"""",""Completed at"":""2024-05-13T16:07:43.611000Z"",""Participant id"":""60bb9dd521d84c33662850ae"",""Completion code"":""C5W582JY"",""Total approvals"":""944"",""Custom study tncs accepted at"":""Not Applicable""},""extra_profiling_fields"":[{""id"":""highest_education_level_completed"",""name"":""Highest education level completed"",""value"":""Undergraduate degree (BA/BSc/other)""},{""id"":""household_income_(gbp)"",""name"":""Household income (gbp)"",""value"":""£30,000 - £39,999""},{""id"":""current_uk_area_of_residence"",""name"":""Current uk area of residence"",""value"":""West Midlands, England (Herefordshire, Worcestershire and Warwickshire, Shropshire and Staffordshire, West Midlands)""},{""id"":""home_internet_provider_u.k"",""name"":""Home internet provider u.k"",""value"":""Plusnet Wireless""},{""id"":""tv_streaming_services"",""name"":""Tv streaming services"",""value"":""Netflix, Amazon Prime Video, BBC iPlayer""},{""id"":""ethnicity_simplified"",""name"":""Ethnicity simplified"",""value"":""White""},{""id"":""country_of_birth"",""name"":""Country of birth"",""value"":""United Kingdom""},{""id"":""nationality"",""name"":""Nationality"",""value"":""United Kingdom""},{""id"":""language"",""name"":""Language"",""value"":""English""},{""id"":""student_status"",""name"":""Student status"",""value"":""No""},{""id"":""employment_status"",""name"":""Employment status"",""value"":""Full-Time""}]}",complete,GB,en,dashboard
7238b048-719c-4897-be7e-8395ba7a988f,fd,98f04411-2242-471e-899a-f0adf5d321e0,f03e43dce9e5b14607f10ff65e3bece410173e0d1e1544e3e38cd0a6e8db4a40,fd1089026624,unbookmarked,,,,,complete,US,en,dashboard
88ed3136-448f-40e4-85d6-b59342e4d1db,prolific,ecf3a044-e2d7-4c72-8200-4cf4b4861047,eb42d8808b2c27c05dc464553a4542d4d4316d25dc2f805cda9912adfed4f23a,fd1451269690,unbookmarked,,,,,complete,GB,en,dashboard
80bb97a2-ad61-4759-b405-16edac47efa8,prolific,65f04ba936788c1647c0b4ff,4ca7fef1e1f3c88578417c179217f92d58468ce57de402ec5049501866d03330,fd3827424048,unbookmarked,23,Portugal,Male,"{""panel_metadata"":{""Status"":""APPROVED"",""Started at"":""2024-03-12T12:33:44.992000Z"",""Time taken"":""606.0"",""Archived at"":""2024-03-12T12:43:50.760532Z"",""Reviewed at"":""2024-03-12T17:40:20.591000Z"",""Completed at"":""2024-03-12T12:43:50.022000Z"",""Participant id"":""5c82e451f8dc240001b0ee86"",""Completion code"":""NOCODE"",""Total approvals"":""239"",""Custom study tncs accepted at"":""Not Applicable""},""extra_profiling_fields"":{""Language"":""Portuguese"",""Nationality"":""Portugal"",""Car ownership"":""I own a car"",""Student status"":""DATA_EXPIRED"",""Country of birth"":""Portugal"",""Employment status"":""DATA_EXPIRED"",""Ethnicity simplified"":""White""}}",complete,GB,en,dashboard
14a15b46-1011-44a4-a307-1bc84392886d,fd,d2ee66a8-bfde-4101-abf7-06ecc7bdedb9,70918a78fde97f21025320bdcd2328175566d51f642ee0471d977f9df8f7e347,fd7318943559,unbookmarked,,,,,complete,GB,en,dashboard
14a15b46-1011-44a4-a307-1bc84392886d,fd,663cf118-33de-4f2f-8a56-f66bea526fdb,cce6d70c0a268b500a6159384fd7af14e5f273f3d494c0ed1a4fe1f922fe6a65,fd2973570661,unbookmarked,,,,,complete,GB,en,dashboard
14a15b46-1011-44a4-a307-1bc84392886d,fd,92b76a89-b3d2-499e-8dc6-9ae487956de7,f8e8c2e38e67d4c2909a33ba472ba35733b4d172164d03896dfc0d03e204511a,fd1051857178,unbookmarked,,,,,complete,GB,en,dashboard
14a15b46-1011-44a4-a307-1bc84392886d,fd,1bd46cc9-b02a-45ed-8fd4-3abb89525d8b,a865cee67040dbd38839df29091c35e54c55442811beda4b58176607fe1dd020,fd5971172384,unbookmarked,,,,,complete,GB,en,dashboard
7744596c-3422-4af5-8e92-ff8ca864a481,fd,dc758759-8bed-4270-b38c-2b365bb84ad4,14a003f941902586f290139ddb55779991765f5e2b39efd1a85eb23a348efda1,fd8803032481,unbookmarked,,,,,complete,GB,en,dashboard
6fc1d5c5-027d-4043-a2d1-b1c4896fadd0,fd,d9b0f947-af95-47fb-b6e2-28e263623d19,4964a2f32d45bdce892eefa170cf6a9f64df48ad39097bae493d4954e85fca24,fd3875765796,unbookmarked,,,,,complete,ES,es,dashboard
7744596c-3422-4af5-8e92-ff8ca864a481,fd,e579c7a9-0086-4a09-b9fb-bb716481dbab,479abffd8711b97c3af4a7554ba5681554b57d5d140d16572dffe3bdd2a7c1c4,fd8233253316,unbookmarked,,,,,complete,GB,en,dashboard
14a15b46-1011-44a4-a307-1bc84392886d,fd,fc5cfec9-8a97-457e-b969-4199da5eee6e,c05e976699bf0fa31e82013d0599e89a0f4d94b0a93819109a893920b7af16c9,fd5068721865,unbookmarked,,,,,complete,GB,en,dashboard
ff770173-78a7-417f-b42e-97ba1b642402,prolific,e0b3a8c7-de41-592a-af99-1fef2fbae2a0,a85503014e096398e5211ffdc11a21c3dcfe8b34b30dd41174f70432a38effe8,fd71961529,unbookmarked,68,United Kingdom,Female,"{""panel_metadata"":{""status"":""AWAITING REVIEW"",""started_at"":""2025-11-12T18:26:58.710000Z"",""time_taken"":4384,""archived_at"":""2025-11-12T19:40:02.860356Z"",""completed_at"":""2025-11-12T19:40:02.212000Z"",""participant_id"":""64ba9642130597dc3e7ee6bb"",""completion_code"":""FDC0MPL3T3"",""total_approvals"":569,""custom_study_tncs_accepted_at"":""Not Applicable""},""extra_profiling_fields"":[{""id"":""heart_issues"",""name"":""Heart issues"",""value"":""Yes, and I'm taking medication""},{""id"":""ethnicity"",""name"":""Ethnicity"",""value"":""White""},{""id"":""highest_education_level_completed"",""name"":""Highest education level completed"",""value"":""Secondary education (e.g. GED/GCSE)""},{""id"":""gender"",""name"":""Gender"",""value"":""Woman (including Trans Female/Trans Woman)""},{""id"":""ethnicity_simplified"",""name"":""Ethnicity simplified"",""value"":""White""},{""id"":""country_of_birth"",""name"":""Country of birth"",""value"":""United Kingdom""},{""id"":""nationality"",""name"":""Nationality"",""value"":""United Kingdom""},{""id"":""language"",""name"":""Language"",""value"":""English""},{""id"":""student_status"",""name"":""Student status"",""value"":""No""},{""id"":""employment_status"",""name"":""Employment status"",""value"":""Not in paid work (e.g. homemaker', 'retired or disabled)""}]}",complete,GB,en,orchestra
ff770173-78a7-417f-b42e-97ba1b642402,prolific,8a2b5dc9-f886-50c7-bdc0-be5e0dcddf86,b4b76be96fe3f99f0597ef01ca050357246a61f0de0dca576766915045d65f39,fd52268833,unbookmarked,38,United Kingdom,Female,"{""panel_metadata"":{""status"":""AWAITING REVIEW"",""started_at"":""2025-11-17T11:07:43.799000Z"",""time_taken"":1872,""archived_at"":""2025-11-17T11:38:55.583960Z"",""completed_at"":""2025-11-17T11:38:55.153000Z"",""participant_id"":""6647d07aa461df21d6344f2b"",""completion_code"":""FDC0MPL3T3"",""total_approvals"":743,""custom_study_tncs_accepted_at"":""Not Applicable""},""extra_profiling_fields"":[{""id"":""ethnicity"",""name"":""Ethnicity"",""value"":""South Asian""},{""id"":""highest_education_level_completed"",""name"":""Highest education level completed"",""value"":""High school diploma/A-levels""},{""id"":""coronary_artery_disease"",""name"":""Coronary artery disease"",""value"":""Yes, and I am taking risk-lowering medication (e.g. statin, aspirin, clopidogrel)""},{""id"":""gender"",""name"":""Gender"",""value"":""Woman (including Trans Female/Trans Woman)""},{""id"":""ethnicity_simplified"",""name"":""Ethnicity simplified"",""value"":""Asian""},{""id"":""country_of_birth"",""name"":""Country of birth"",""value"":""Pakistan""},{""id"":""nationality"",""name"":""Nationality"",""value"":""United Kingdom""},{""id"":""language"",""name"":""Language"",""value"":""Urdu""},{""id"":""student_status"",""name"":""Student status"",""value"":""No""},{""id"":""employment_status"",""name"":""Employment status"",""value"":""Other""}]}",complete,GB,en,orchestra
ff770173-78a7-417f-b42e-97ba1b642402,prolific,3e9c382b-fc88-5729-be74-243f0a2ff1d7,05d72230b243f5476ae67f7828502ebdcc6fa68fad1cb0a30741b30fed82e735,fd39994469,unbookmarked,67,United Kingdom,Female,"{""panel_metadata"":{""status"":""AWAITING REVIEW"",""started_at"":""2025-11-13T13:44:23.720000Z"",""time_taken"":3453,""archived_at"":""2025-11-13T14:41:57.168619Z"",""completed_at"":""2025-11-13T14:41:56.720000Z"",""participant_id"":""66646364b821e70655b52218"",""completion_code"":""FDC0MPL3T3"",""total_approvals"":576,""custom_study_tncs_accepted_at"":""Not Applicable""},""extra_profiling_fields"":[{""id"":""heart_issues"",""name"":""Heart issues"",""value"":""Yes, and I'm taking medication""},{""id"":""ethnicity"",""name"":""Ethnicity"",""value"":""White""},{""id"":""highest_education_level_completed"",""name"":""Highest education level completed"",""value"":""Undergraduate degree (BA/BSc/other)""},{""id"":""gender"",""name"":""Gender"",""value"":""Woman (including Trans Female/Trans Woman)""},{""id"":""ethnicity_simplified"",""name"":""Ethnicity simplified"",""value"":""White""},{""id"":""country_of_birth"",""name"":""Country of birth"",""value"":""United Kingdom""},{""id"":""nationality"",""name"":""Nationality"",""value"":""United Kingdom""},{""id"":""language"",""name"":""Language"",""value"":""English""},{""id"":""student_status"",""name"":""Student status"",""value"":""No""},{""id"":""employment_status"",""name"":""Employment status"",""value"":""Not in paid work (e.g. homemaker', 'retired or disabled)""}]}",complete,GB,en,orchestra
ff770173-78a7-417f-b42e-97ba1b642402,prolific,94244107-b996-50b6-99ac-961a734f5a30,2d0939c2f65186a09c30433e2916eb46be13d106e0bea9e3bbb11e627d65670f,fd37221046,unbookmarked,71,United Kingdom,Female,"{""panel_metadata"":{""status"":""AWAITING REVIEW"",""started_at"":""2025-11-17T11:00:03.960000Z"",""time_taken"":3038,""archived_at"":""2025-11-17T11:50:41.914524Z"",""completed_at"":""2025-11-17T11:50:41.404000Z"",""participant_id"":""671a2741f2f33c87a98b295b"",""completion_code"":""FDC0MPL3T3"",""total_approvals"":256,""custom_study_tncs_accepted_at"":""Not Applicable""},""extra_profiling_fields"":[{""id"":""ethnicity"",""name"":""Ethnicity"",""value"":""White""},{""id"":""highest_education_level_completed"",""name"":""Highest education level completed"",""value"":""High school diploma/A-levels""},{""id"":""coronary_artery_disease"",""name"":""Coronary artery disease"",""value"":""Yes, and I had a medical procedure (e.g. stent or bypass surgery)""},{""id"":""gender"",""name"":""Gender"",""value"":""Woman (including Trans Female/Trans Woman)""},{""id"":""ethnicity_simplified"",""name"":""Ethnicity simplified"",""value"":""White""},{""id"":""country_of_birth"",""name"":""Country of birth"",""value"":""Italy""},{""id"":""nationality"",""name"":""Nationality"",""value"":""Italy""},{""id"":""language"",""name"":""Language"",""value"":""Italian""},{""id"":""student_status"",""name"":""Student status"",""value"":""No""},{""id"":""employment_status"",""name"":""Employment status"",""value"":""Not in paid work (e.g. homemaker', 'retired or disabled)""}]}",complete,GB,en,orchestra
ff770173-78a7-417f-b42e-97ba1b642402,prolific,9b94363c-de6c-5e23-a1f3-8c1ea473d5b7,1fad3e90f4a1f7146c797c21c938663a7281900cb6ac07a57529dc4a91ecd7a4,fd94131200,unbookmarked,62,United Kingdom,Male,"{""panel_metadata"":{""status"":""AWAITING REVIEW"",""started_at"":""2025-11-17T11:04:41.428000Z"",""time_taken"":2875,""archived_at"":""2025-11-17T11:52:36.428347Z"",""completed_at"":""2025-11-17T11:52:35.989000Z"",""participant_id"":""58cd0bc2a47dbb000171dc8b"",""completion_code"":""FDC0MPL3T3"",""total_approvals"":2789,""custom_study_tncs_accepted_at"":""Not Applicable""},""extra_profiling_fields"":[{""id"":""ethnicity"",""name"":""Ethnicity"",""value"":""White""},{""id"":""highest_education_level_completed"",""name"":""Highest education level completed"",""value"":""High school diploma/A-levels""},{""id"":""coronary_artery_disease"",""name"":""Coronary artery disease"",""value"":""Yes, I had a heart attack""},{""id"":""gender"",""name"":""Gender"",""value"":""Man (including Trans Male/Trans Man)""},{""id"":""ethnicity_simplified"",""name"":""Ethnicity simplified"",""value"":""White""},{""id"":""country_of_birth"",""name"":""Country of birth"",""value"":""United Kingdom""},{""id"":""nationality"",""name"":""Nationality"",""value"":""United Kingdom""},{""id"":""language"",""name"":""Language"",""value"":""English""},{""id"":""student_status"",""name"":""Student status"",""value"":""No""},{""id"":""employment_status"",""name"":""Employment status"",""value"":""Not in paid work (e.g. homemaker', 'retired or disabled)""}]}",complete,GB,en,orchestra
ff770173-78a7-417f-b42e-97ba1b642402,prolific,bdc2b656-d141-5729-a8ff-140172bf997b,5b6b2246ba28c094d573c8286d80aab3b919e11b78e9bb12f4fbdecc2fc77538,fd38432192,unbookmarked,58,United Kingdom,Male,"{""panel_metadata"":{""status"":""AWAITING REVIEW"",""started_at"":""2025-11-18T15:17:22.533000Z"",""time_taken"":3621,""archived_at"":""2025-11-18T16:17:43.272028Z"",""completed_at"":""2025-11-18T16:17:42.836000Z"",""participant_id"":""5c3f0b7ca98c4c000111fee2"",""completion_code"":""FDC0MPL3T3"",""total_approvals"":3146,""custom_study_tncs_accepted_at"":""Not Applicable""},""extra_profiling_fields"":[{""id"":""ethnicity"",""name"":""Ethnicity"",""value"":""White""},{""id"":""highest_education_level_completed"",""name"":""Highest education level completed"",""value"":""Undergraduate degree (BA/BSc/other)""},{""id"":""coronary_artery_disease"",""name"":""Coronary artery disease"",""value"":""Yes, and I had a medical procedure (e.g. stent or bypass surgery)""},{""id"":""gender"",""name"":""Gender"",""value"":""Man (including Trans Male/Trans Man)""},{""id"":""ethnicity_simplified"",""name"":""Ethnicity simplified"",""value"":""White""},{""id"":""country_of_birth"",""name"":""Country of birth"",""value"":""United Kingdom""},{""id"":""nationality"",""name"":""Nationality"",""value"":""United Kingdom""},{""id"":""language"",""name"":""Language"",""value"":""English""},{""id"":""student_status"",""name"":""Student status"",""value"":""No""},{""id"":""employment_status"",""name"":""Employment status"",""value"":""Full-Time""}]}",complete,GB,en,orchestra
ff770173-78a7-417f-b42e-97ba1b642402,prolific,3be4b2fb-7013-5a63-81ff-0c982b1eeda5,1e86889457ec031a7e39775cbff7950502f6ca93eeea3b1d89547da8c04c6047,fd08297654,unbookmarked,23,United Kingdom,Female,"{""panel_metadata"":{""status"":""AWAITING REVIEW"",""started_at"":""2025-11-17T16:37:18.850000Z"",""time_taken"":5207,""archived_at"":""2025-11-17T18:04:06.040964Z"",""completed_at"":""2025-11-17T18:04:05.595000Z"",""participant_id"":""67c9debfa21709544f941ce0"",""completion_code"":""FDC0MPL3T3"",""total_approvals"":430,""custom_study_tncs_accepted_at"":""Not Applicable""},""extra_profiling_fields"":[{""id"":""heart_issues"",""name"":""Heart issues"",""value"":""Yes, and I've had a heart transplant, Yes, and I'm taking medication""},{""id"":""ethnicity"",""name"":""Ethnicity"",""value"":""White""},{""id"":""highest_education_level_completed"",""name"":""Highest education level completed"",""value"":""Doctorate degree (PhD/other)""},{""id"":""gender"",""name"":""Gender"",""value"":""Woman (including Trans Female/Trans Woman)""},{""id"":""ethnicity_simplified"",""name"":""Ethnicity simplified"",""value"":""White""},{""id"":""country_of_birth"",""name"":""Country of birth"",""value"":""United Kingdom""},{""id"":""nationality"",""name"":""Nationality"",""value"":""United Kingdom""},{""id"":""language"",""name"":""Language"",""value"":""English""},{""id"":""student_status"",""name"":""Student status"",""value"":""Yes""},{""id"":""employment_status"",""name"":""Employment status"",""value"":""Part-Time""}]}",complete,GB,en,orchestra
ff770173-78a7-417f-b42e-97ba1b642402,prolific,547e6b89-2a25-510e-b446-92c41de91a35,c559e057a4d1fc8110482120eba68c7eb99c251bc4cefc6b1935b6b905ce1416,fd30161034,unbookmarked,48,United Kingdom,Male,"{""panel_metadata"":{""status"":""AWAITING REVIEW"",""started_at"":""2025-11-17T10:58:49.377000Z"",""time_taken"":3702,""archived_at"":""2025-11-17T12:00:31.904336Z"",""completed_at"":""2025-11-17T12:00:31.354000Z"",""participant_id"":""66cdfcb06c7f04ea48149efc"",""completion_code"":""FDC0MPL3T3"",""total_approvals"":863,""custom_study_tncs_accepted_at"":""Not Applicable""},""extra_profiling_fields"":[{""id"":""ethnicity"",""name"":""Ethnicity"",""value"":""White""},{""id"":""highest_education_level_completed"",""name"":""Highest education level completed"",""value"":""Secondary education (e.g. GED/GCSE)""},{""id"":""coronary_artery_disease"",""name"":""Coronary artery disease"",""value"":""Yes, and I had a medical procedure (e.g. stent or bypass surgery), Yes, and I am taking risk-lowering medication (e.g. statin, aspirin, clopidogrel)""},{""id"":""gender"",""name"":""Gender"",""value"":""Man (including Trans Male/Trans Man)""},{""id"":""ethnicity_simplified"",""name"":""Ethnicity simplified"",""value"":""White""},{""id"":""country_of_birth"",""name"":""Country of birth"",""value"":""United Kingdom""},{""id"":""nationality"",""name"":""Nationality"",""value"":""United Kingdom""},{""id"":""language"",""name"":""Language"",""value"":""English""},{""id"":""student_status"",""name"":""Student status"",""value"":""No""},{""id"":""employment_status"",""name"":""Employment status"",""value"":""Full-Time""}]}",complete,GB,en,orchestra
ff770173-78a7-417f-b42e-97ba1b642402,prolific,564c6ceb-3931-538d-ac6c-2682352c623c,759b2e6b4bd2127b43e1786116fc2f3f8b5f435ac5207f4d1dfe5722d53f85fc,fd69500688,unbookmarked,66,United Kingdom,Male,"{""panel_metadata"":{""status"":""AWAITING REVIEW"",""started_at"":""2025-11-17T10:56:40.916000Z"",""time_taken"":2239,""archived_at"":""2025-11-17T11:34:00.250631Z"",""completed_at"":""2025-11-17T11:33:59.805000Z"",""participant_id"":""6078661a148492f9436d8bb0"",""completion_code"":""FDC0MPL3T3"",""total_approvals"":2013,""custom_study_tncs_accepted_at"":""Not Applicable""},""extra_profiling_fields"":[{""id"":""ethnicity"",""name"":""Ethnicity"",""value"":""White""},{""id"":""highest_education_level_completed"",""name"":""Highest education level completed"",""value"":""Undergraduate degree (BA/BSc/other)""},{""id"":""coronary_artery_disease"",""name"":""Coronary artery disease"",""value"":""Yes, and I am taking risk-lowering medication (e.g. statin, aspirin, clopidogrel)""},{""id"":""gender"",""name"":""Gender"",""value"":""Man (including Trans Male/Trans Man)""},{""id"":""ethnicity_simplified"",""name"":""Ethnicity simplified"",""value"":""White""},{""id"":""country_of_birth"",""name"":""Country of birth"",""value"":""Gibraltar""},{""id"":""nationality"",""name"":""Nationality"",""value"":""United Kingdom""},{""id"":""language"",""name"":""Language"",""value"":""English""},{""id"":""student_status"",""name"":""Student status"",""value"":""No""},{""id"":""employment_status"",""name"":""Employment status"",""value"":""Not in paid work (e.g. homemaker', 'retired or disabled)""}]}",complete,GB,en,orchestra
ebe9cbeb-c6c7-5a9f-9ad7-28de353ec025,prolific,0alan43or8qv,68b1422e25c5b6c6dd9ddd2841a17ce5870b336eba2cba4079624298e160f57d,fd9853349245,unbookmarked,,,,,complete,FR,fr,orchestra
ff770173-78a7-417f-b42e-97ba1b642402,prolific,7f0c122c-49b9-5450-894c-05f9a0d94022,a9975a1225d4b27a8184f10a667411b471f8c02a65bfcc8fcf41bf1b73a6a8e2,fd35807373,unbookmarked,53,United Kingdom,Male,"{""panel_metadata"":{""status"":""AWAITING REVIEW"",""started_at"":""2025-11-13T18:34:02.137000Z"",""time_taken"":2651,""archived_at"":""2025-11-13T19:18:13.527910Z"",""completed_at"":""2025-11-13T19:18:13.083000Z"",""participant_id"":""66c4a32221f616ebf48ab21d"",""completion_code"":""FDC0MPL3T3"",""total_approvals"":1620,""custom_study_tncs_accepted_at"":""Not Applicable""},""extra_profiling_fields"":[{""id"":""heart_issues"",""name"":""Heart issues"",""value"":""Yes, and I'm taking medication""},{""id"":""ethnicity"",""name"":""Ethnicity"",""value"":""White""},{""id"":""highest_education_level_completed"",""name"":""Highest education level completed"",""value"":""Technical/community college""},{""id"":""gender"",""name"":""Gender"",""value"":""Man (including Trans Male/Trans Man)""},{""id"":""ethnicity_simplified"",""name"":""Ethnicity simplified"",""value"":""White""},{""id"":""country_of_birth"",""name"":""Country of birth"",""value"":""United Kingdom""},{""id"":""nationality"",""name"":""Nationality"",""value"":""United Kingdom""},{""id"":""language"",""name"":""Language"",""value"":""English""},{""id"":""student_status"",""name"":""Student status"",""value"":""No""},{""id"":""employment_status"",""name"":""Employment status"",""value"":""Not in paid work (e.g. homemaker', 'retired or disabled)""}]}",complete,GB,en,orchestra
ff770173-78a7-417f-b42e-97ba1b642402,prolific,b9d6e556-2249-5c0d-91eb-c26d9726e943,10de07751c273ab3c6fd907e26031a8b6f860c54df3e5eb465cf0f02a52f568f,fd11378787,unbookmarked,66,United Kingdom,Female,"{""panel_metadata"":{""status"":""AWAITING REVIEW"",""started_at"":""2025-11-17T13:10:16.028000Z"",""time_taken"":4013,""archived_at"":""2025-11-17T14:17:09.473264Z"",""completed_at"":""2025-11-17T14:17:08.987000Z"",""participant_id"":""6002f8f5b1c171337fcba27b"",""completion_code"":""FDC0MPL3T3"",""total_approvals"":862,""custom_study_tncs_accepted_at"":""Not Applicable""},""extra_profiling_fields"":[{""id"":""ethnicity"",""name"":""Ethnicity"",""value"":""White""},{""id"":""highest_education_level_completed"",""name"":""Highest education level completed"",""value"":""High school diploma/A-levels""},{""id"":""coronary_artery_disease"",""name"":""Coronary artery disease"",""value"":""Yes, and I am taking risk-lowering medication (e.g. statin, aspirin, clopidogrel)""},{""id"":""gender"",""name"":""Gender"",""value"":""Woman (including Trans Female/Trans Woman)""},{""id"":""ethnicity_simplified"",""name"":""Ethnicity simplified"",""value"":""White""},{""id"":""country_of_birth"",""name"":""Country of birth"",""value"":""United Kingdom""},{""id"":""nationality"",""name"":""Nationality"",""value"":""United Kingdom""},{""id"":""language"",""name"":""Language"",""value"":""English""},{""id"":""student_status"",""name"":""Student status"",""value"":""No""},{""id"":""employment_status"",""name"":""Employment status"",""value"":""Not in paid work (e.g. homemaker', 'retired or disabled)""}]}",complete,GB,en,orchestra
ff770173-78a7-417f-b42e-97ba1b642402,prolific,d12fccb1-91ed-5881-b33b-7bed7d83c4fa,b43b6c652f64a5f5b1ce393bb20ca15039cc91485a72902db00969b161daf3cb,fd31594112,unbookmarked,36,United Kingdom,Female,"{""panel_metadata"":{""status"":""AWAITING REVIEW"",""started_at"":""2025-11-16T14:55:51.532000Z"",""time_taken"":1586,""archived_at"":""2025-11-16T15:22:17.332347Z"",""completed_at"":""2025-11-16T15:22:16.882000Z"",""participant_id"":""5e1240b4c4e1558c2af2ee50"",""completion_code"":""FDC0MPL3T3"",""total_approvals"":210,""custom_study_tncs_accepted_at"":""Not Applicable""},""extra_profiling_fields"":[{""id"":""heart_issues"",""name"":""Heart issues"",""value"":""Yes, and I have an implantable device (e.g. implantable cardiac defibrillator or ventricular assist device)""},{""id"":""ethnicity"",""name"":""Ethnicity"",""value"":""White""},{""id"":""highest_education_level_completed"",""name"":""Highest education level completed"",""value"":""High school diploma/A-levels""},{""id"":""gender"",""name"":""Gender"",""value"":""Woman (including Trans Female/Trans Woman)""},{""id"":""ethnicity_simplified"",""name"":""Ethnicity simplified"",""value"":""White""},{""id"":""country_of_birth"",""name"":""Country of birth"",""value"":""United Kingdom""},{""id"":""nationality"",""name"":""Nationality"",""value"":""United Kingdom""},{""id"":""language"",""name"":""Language"",""value"":""English""},{""id"":""student_status"",""name"":""Student status"",""value"":""No""},{""id"":""employment_status"",""name"":""Employment status"",""value"":""Part-Time""}]}",complete,GB,en,orchestra
ff770173-78a7-417f-b42e-97ba1b642402,prolific,2669e73e-e2ca-5a93-8f40-8c01745414ef,0704cd5d4cfb1767ab09ee01b84fe7306f9886e5dce33d0030a2f17fdeeeae00,fd17277173,unbookmarked,57,United Kingdom,Male,"{""panel_metadata"":{""status"":""AWAITING REVIEW"",""started_at"":""2025-11-17T15:03:54.439000Z"",""time_taken"":3853,""archived_at"":""2025-11-17T16:08:08.615485Z"",""completed_at"":""2025-11-17T16:08:07.214000Z"",""participant_id"":""681f421f57f106703aeaf6e8"",""completion_code"":""FDCOMPL3T3"",""total_approvals"":378,""custom_study_tncs_accepted_at"":""Not Applicable""},""extra_profiling_fields"":[{""id"":""ethnicity"",""name"":""Ethnicity"",""value"":""White""},{""id"":""highest_education_level_completed"",""name"":""Highest education level completed"",""value"":""Undergraduate degree (BA/BSc/other)""},{""id"":""coronary_artery_disease"",""name"":""Coronary artery disease"",""value"":""Yes, I had a heart attack""},{""id"":""gender"",""name"":""Gender"",""value"":""Man (including Trans Male/Trans Man)""},{""id"":""ethnicity_simplified"",""name"":""Ethnicity simplified"",""value"":""White""},{""id"":""country_of_birth"",""name"":""Country of birth"",""value"":""United Kingdom""},{""id"":""nationality"",""name"":""Nationality"",""value"":""United Kingdom""},{""id"":""language"",""name"":""Language"",""value"":""English""},{""id"":""student_status"",""name"":""Student status"",""value"":""No""},{""id"":""employment_status"",""name"":""Employment status"",""value"":""Not in paid work (e.g. homemaker', 'retired or disabled)""}]}",complete,GB,en,orchestra
7dcb2740-109d-4f86-9ef1-78151d2232b3,prolific,1dddbb4d-7a4e-5220-9013-a21263126610,43982800de13a2843be11c274f1f4cee298a6e15aa54a9d4f3a232d7b0215aa6,fd20713798,unbookmarked,47,Ireland,Male,"{""panel_metadata"":{""status"":""AWAITING REVIEW"",""started_at"":""2025-11-14T20:37:46.548000Z"",""time_taken"":1419,""archived_at"":""2025-11-14T21:01:56.378929Z"",""completed_at"":""2025-11-14T21:01:25.150000Z"",""participant_id"":""5c41e9263be7b70001fcf4ab"",""completion_code"":""FDC0MPL3T3"",""total_approvals"":2702,""custom_study_tncs_accepted_at"":""Not Applicable""},""extra_profiling_fields"":[{""id"":""living_with_biological_child"",""name"":""Living with biological child"",""value"":""Yes""},{""id"":""llm_detection_result"",""name"":""Llm detection result"",""value"":""Passed""},{""id"":""ethnicity_simplified"",""name"":""Ethnicity simplified"",""value"":""White""},{""id"":""country_of_birth"",""name"":""Country of birth"",""value"":""Ireland""},{""id"":""nationality"",""name"":""Nationality"",""value"":""Ireland""},{""id"":""language"",""name"":""Language"",""value"":""English""},{""id"":""student_status"",""name"":""Student status"",""value"":""No""},{""id"":""employment_status"",""name"":""Employment status"",""value"":""Full-Time""}]}",complete,IE,en,orchestra
7dcb2740-109d-4f86-9ef1-78151d2232b3,prolific,3e76c23a-8039-5ed4-b9ed-24d9fc37b425,abbb6d5858a545716139e61e4871cdf58bd31294d3df889ffb92648c3f01e350,fd19184918,unbookmarked,32,Ireland,Female,"{""panel_metadata"":{""status"":""AWAITING REVIEW"",""started_at"":""2025-11-14T19:37:49.322000Z"",""time_taken"":1021,""archived_at"":""2025-11-14T19:54:50.659001Z"",""completed_at"":""2025-11-14T19:54:50.260000Z"",""participant_id"":""5ca5189dce3f920016239854"",""completion_code"":""FDC0MPL3T3"",""total_approvals"":315,""custom_study_tncs_accepted_at"":""Not Applicable""},""extra_profiling_fields"":[{""id"":""living_with_biological_child"",""name"":""Living with biological child"",""value"":""Yes""},{""id"":""llm_detection_result"",""name"":""Llm detection result"",""value"":""Passed""},{""id"":""ethnicity_simplified"",""name"":""Ethnicity simplified"",""value"":""White""},{""id"":""country_of_birth"",""name"":""Country of birth"",""value"":""Ireland""},{""id"":""nationality"",""name"":""Nationality"",""value"":""Ireland""},{""id"":""language"",""name"":""Language"",""value"":""English""}]}",complete,IE,en,orchestra
7dcb2740-109d-4f86-9ef1-78151d2232b3,prolific,88fc2759-5193-540b-b854-d5cd7a364a83,1adbd1423ce35a3e53c2abf5f58eb04ff95f6acfe459de8d2f3a64ca9a18e6f7,fd75707225,unbookmarked,43,Ireland,Female,"{""panel_metadata"":{""status"":""AWAITING REVIEW"",""started_at"":""2025-11-14T19:37:03.930000Z"",""time_taken"":1041,""archived_at"":""2025-11-14T19:54:25.060863Z"",""completed_at"":""2025-11-14T19:54:24.647000Z"",""participant_id"":""6601b76d13817c7dc3117d2a"",""completion_code"":""FDC0MPL3T3"",""total_approvals"":624,""custom_study_tncs_accepted_at"":""Not Applicable""},""extra_profiling_fields"":[{""id"":""living_with_biological_child"",""name"":""Living with biological child"",""value"":""Yes""},{""id"":""llm_detection_result"",""name"":""Llm detection result"",""value"":""Passed""},{""id"":""ethnicity_simplified"",""name"":""Ethnicity simplified"",""value"":""White""},{""id"":""country_of_birth"",""name"":""Country of birth"",""value"":""Ireland""},{""id"":""nationality"",""name"":""Nationality"",""value"":""Ireland""},{""id"":""language"",""name"":""Language"",""value"":""English""},{""id"":""employment_status"",""name"":""Employment status"",""value"":""Full-Time""}]}",complete,IE,en,orchestra
7dcb2740-109d-4f86-9ef1-78151d2232b3,prolific,11f0564f-8dd9-52dd-978f-3df5eaa0b363,a52d2a8d007f351629e407e097de2f57068ec8343627e86468e9604eee097e3b,fd58639666,unbookmarked,38,Ireland,Female,"{""panel_metadata"":{""status"":""AWAITING REVIEW"",""started_at"":""2025-11-14T19:19:21.826000Z"",""time_taken"":1289,""archived_at"":""2025-11-14T19:40:51.207412Z"",""completed_at"":""2025-11-14T19:40:50.824000Z"",""participant_id"":""665a222ec21c09f2b8731fde"",""completion_code"":""FDC0MPL3T3"",""total_approvals"":427,""custom_study_tncs_accepted_at"":""Not Applicable""},""extra_profiling_fields"":[{""id"":""living_with_biological_child"",""name"":""Living with biological child"",""value"":""Yes""},{""id"":""llm_detection_result"",""name"":""Llm detection result"",""value"":""Passed""},{""id"":""ethnicity_simplified"",""name"":""Ethnicity simplified"",""value"":""Black""},{""id"":""country_of_birth"",""name"":""Country of birth"",""value"":""Kenya""},{""id"":""nationality"",""name"":""Nationality"",""value"":""Ireland""},{""id"":""language"",""name"":""Language"",""value"":""English""},{""id"":""employment_status"",""name"":""Employment status"",""value"":""Full-Time""}]}",complete,IE,en,orchestra
7dcb2740-109d-4f86-9ef1-78151d2232b3,prolific,ccb58722-1c32-5e61-ad1b-a6be571c2944,e9537e186c178e664a67e9cf7b47bf660e859c665c43eeb3c9b31b3bf2736dcf,fd35050703,unbookmarked,42,Ireland,Female,"{""panel_metadata"":{""status"":""AWAITING REVIEW"",""started_at"":""2025-11-14T20:59:58.412000Z"",""time_taken"":2430,""archived_at"":""2025-11-14T21:40:28.721803Z"",""completed_at"":""2025-11-14T21:40:28.286000Z"",""participant_id"":""6601a00c30582f248a36232c"",""completion_code"":""FDC0MPL3T3"",""total_approvals"":325,""custom_study_tncs_accepted_at"":""Not Applicable""},""extra_profiling_fields"":[{""id"":""living_with_biological_child"",""name"":""Living with biological child"",""value"":""Yes""},{""id"":""llm_detection_result"",""name"":""Llm detection result"",""value"":""Passed""},{""id"":""ethnicity_simplified"",""name"":""Ethnicity simplified"",""value"":""Black""},{""id"":""country_of_birth"",""name"":""Country of birth"",""value"":""Zimbabwe""},{""id"":""nationality"",""name"":""Nationality"",""value"":""Ireland""},{""id"":""language"",""name"":""Language"",""value"":""Other""},{""id"":""student_status"",""name"":""Student status"",""value"":""No""},{""id"":""employment_status"",""name"":""Employment status"",""value"":""Full-Time""}]}",complete,IE,en,orchestra
dd0df1f1-6490-5de4-bf9c-135f9c3df2cb,fd,5ffa54da-c776-4b0b-99f8-0be68a01f193,9b0c3d3df28e09d461ad95fda98b835f977f54f2ea52925635cdc5c0c9284750,fd7778056016,unbookmarked,,,,,complete,GB,en,orchestra
871939c6-2c2e-420a-b2df-df86c4e35a4e,prolific,65eeefaec0be8ee7ffbe1a99,333f9c1e6875031cfb808c9f72a51a9a8ce76c65e7aef834d7b8071e947c3911,fd1728529681,unbookmarked,20,South Africa,Female,"{""panel_metadata"":{""status"":""APPROVED"",""started_at"":""2024-03-11T11:49:02.588000Z"",""time_taken"":737,""archived_at"":""2024-03-11T12:01:19.633903Z"",""reviewed_at"":""2024-04-01T00:03:46.291000Z"",""completed_at"":""2024-03-11T12:01:19.005000Z"",""participant_id"":""610bf4ccec7091839c42bde1"",""completion_code"":""NOCODE"",""total_approvals"":242,""custom_study_tncs_accepted_at"":""Not Applicable""},""extra_profiling_fields"":[{""id"":""car_ownership"",""name"":""Car ownership"",""value"":""I own a car""},{""id"":""ethnicity_simplified"",""name"":""Ethnicity simplified"",""value"":""Black""},{""id"":""country_of_birth"",""name"":""Country of birth"",""value"":""South Africa""},{""id"":""nationality"",""name"":""Nationality"",""value"":""South Africa""},{""id"":""language"",""name"":""Language"",""value"":""English""},{""id"":""student_status"",""name"":""Student status"",""value"":""Yes""},{""id"":""employment_status"",""name"":""Employment status"",""value"":""Unemployed (and job seeking)""}]}",complete,GB,en,dashboard
871939c6-2c2e-420a-b2df-df86c4e35a4e,prolific,65eeefc8b1ca8107b11d8078,8942e42a2a72809ed81962d181d0a30b7585436916ffaedfcfb6988160a00a0e,fd4779946510,unbookmarked,30,Poland,Male,"{""panel_metadata"":{""status"":""APPROVED"",""started_at"":""2024-03-11T11:49:38.023000Z"",""time_taken"":658,""archived_at"":""2024-03-11T12:00:36.339863Z"",""reviewed_at"":""2024-04-01T00:03:49.563000Z"",""completed_at"":""2024-03-11T12:00:35.832000Z"",""participant_id"":""60830e31e492c79f2f1606a5"",""completion_code"":""NOCODE"",""total_approvals"":169,""custom_study_tncs_accepted_at"":""Not Applicable""},""extra_profiling_fields"":[{""id"":""car_ownership"",""name"":""Car ownership"",""value"":""I own a car""},{""id"":""ethnicity_simplified"",""name"":""Ethnicity simplified"",""value"":""White""},{""id"":""country_of_birth"",""name"":""Country of birth"",""value"":""Poland""},{""id"":""nationality"",""name"":""Nationality"",""value"":""Poland""},{""id"":""language"",""name"":""Language"",""value"":""Polish""},{""id"":""student_status"",""name"":""Student status"",""value"":""No""},{""id"":""employment_status"",""name"":""Employment status"",""value"":""Full-Time""}]}",complete,GB,en,dashboard
871939c6-2c2e-420a-b2df-df86c4e35a4e,prolific,65eeefb3f402a160e65a0878,41a70105df2d5a64f198607eaff0826f08f964b1b9948273b713c4fbd1eea7f9,fd0461170681,unbookmarked,24,South Africa,Female,"{""panel_metadata"":{""status"":""APPROVED"",""started_at"":""2024-03-11T11:51:45.428000Z"",""time_taken"":918,""archived_at"":""2024-03-11T12:07:03.623907Z"",""reviewed_at"":""2024-04-01T00:03:48.335000Z"",""completed_at"":""2024-03-11T12:07:03.078000Z"",""participant_id"":""611d915e0221f79080da2884"",""completion_code"":""NOCODE"",""total_approvals"":346,""custom_study_tncs_accepted_at"":""Not Applicable""},""extra_profiling_fields"":[{""id"":""car_ownership"",""name"":""Car ownership"",""value"":""I own a car""},{""id"":""ethnicity_simplified"",""name"":""Ethnicity simplified"",""value"":""Black""},{""id"":""country_of_birth"",""name"":""Country of birth"",""value"":""United States""},{""id"":""nationality"",""name"":""Nationality"",""value"":""South Africa""},{""id"":""language"",""name"":""Language"",""value"":""English""},{""id"":""student_status"",""name"":""Student status"",""value"":""No""},{""id"":""employment_status"",""name"":""Employment status"",""value"":""Full-Time""}]}",complete,GB,en,dashboard
871939c6-2c2e-420a-b2df-df86c4e35a4e,prolific,65eeefb02b007e9604622e9c,236ef023f79e1b872bbcdc1bda48b6f271e27fb0b73e8a6ef3ad8cd172021778,fd2665846648,unbookmarked,44,Portugal,Male,"{""panel_metadata"":{""status"":""APPROVED"",""started_at"":""2024-03-11T11:50:14.479000Z"",""time_taken"":1622,""archived_at"":""2024-03-11T12:17:16.120256Z"",""reviewed_at"":""2024-04-01T00:03:47.046000Z"",""completed_at"":""2024-03-11T12:17:15.607000Z"",""participant_id"":""65bcf6366b7a578310acbe65"",""completion_code"":""NOCODE"",""total_approvals"":8,""custom_study_tncs_accepted_at"":""Not Applicable""},""extra_profiling_fields"":[{""id"":""car_ownership"",""name"":""Car ownership"",""value"":""I own a car""},{""id"":""ethnicity_simplified"",""name"":""Ethnicity simplified"",""value"":""White""},{""id"":""country_of_birth"",""name"":""Country of birth"",""value"":""Portugal""},{""id"":""nationality"",""name"":""Nationality"",""value"":""Portugal""},{""id"":""language"",""name"":""Language"",""value"":""Portuguese""},{""id"":""student_status"",""name"":""Student status"",""value"":""No""},{""id"":""employment_status"",""name"":""Employment status"",""value"":""Full-Time""}]}",complete,GB,en,dashboard
871939c6-2c2e-420a-b2df-df86c4e35a4e,prolific,65eeefbff99481feea0489fd,38be79790efe30d07c46220e4c45c33968cb5e55d83748c0e521886317646c6a,fd9467013226,unbookmarked,39,South Africa,Female,"{""panel_metadata"":{""status"":""APPROVED"",""started_at"":""2024-03-11T11:49:51.119000Z"",""time_taken"":2017,""archived_at"":""2024-03-11T12:23:48.338693Z"",""reviewed_at"":""2024-04-01T00:03:48.997000Z"",""completed_at"":""2024-03-11T12:23:27.993000Z"",""participant_id"":""65afc7b1941686b1c4e77410"",""completion_code"":""NOCODE"",""total_approvals"":2,""custom_study_tncs_accepted_at"":""Not Applicable""},""extra_profiling_fields"":[{""id"":""car_ownership"",""name"":""Car ownership"",""value"":""I own a car""},{""id"":""ethnicity_simplified"",""name"":""Ethnicity simplified"",""value"":""White""},{""id"":""country_of_birth"",""name"":""Country of birth"",""value"":""South Africa""},{""id"":""nationality"",""name"":""Nationality"",""value"":""South Africa""},{""id"":""language"",""name"":""Language"",""value"":""Afrikaans""},{""id"":""student_status"",""name"":""Student status"",""value"":""No""},{""id"":""employment_status"",""name"":""Employment status"",""value"":""Full-Time""}]}",complete,GB,en,dashboard
44ea90be-e54d-5179-aa70-d338b95f8ec6,prolific,087d5d93-af73-5c19-918f-5c245ac49ebe,bbe5c7fba083a327431f956ade039200e8119ebd9f9b9a33798ef5d46b64cb73,fd53000804,unbookmarked,34,United Kingdom,Female,"{""panel_metadata"":{""status"":""AWAITING REVIEW"",""started_at"":""2026-01-12T13:46:11.936000Z"",""time_taken"":6640,""archived_at"":""2026-01-12T15:36:51.307265Z"",""completed_at"":""2026-01-12T15:36:50.944000Z"",""participant_id"":""63272648ee160c1c5a2fd405"",""completion_code"":""FDC0MPL3T3"",""total_approvals"":692,""custom_study_tncs_accepted_at"":""Not Applicable""},""extra_profiling_fields"":[{""id"":""llm_detection_result"",""name"":""Llm detection result"",""value"":""Passed""},{""id"":""ethnicity_simplified"",""name"":""Ethnicity simplified"",""value"":""White""},{""id"":""country_of_birth"",""name"":""Country of birth"",""value"":""United Kingdom""},{""id"":""nationality"",""name"":""Nationality"",""value"":""United Kingdom""},{""id"":""language"",""name"":""Language"",""value"":""English""}]}",complete,GB,en,dashboard
44ea90be-e54d-5179-aa70-d338b95f8ec6,prolific,37b9f90e-02ce-5061-a3fc-da2e95571e46,481dd516f2b9ca15d2f2ade41af910c12a70948475da02ccd51e47782b6ee91d,fd84051671,unbookmarked,33,United Kingdom,Female,"{""panel_metadata"":{""status"":""AWAITING REVIEW"",""started_at"":""2026-01-12T13:37:04.986000Z"",""time_taken"":4491,""archived_at"":""2026-01-12T14:51:56.013703Z"",""completed_at"":""2026-01-12T14:51:55.644000Z"",""participant_id"":""63469da3cef76cc5b3523b97"",""completion_code"":""FDC0MPL3T3"",""total_approvals"":2711,""custom_study_tncs_accepted_at"":""Not Applicable""},""extra_profiling_fields"":[{""id"":""llm_detection_result"",""name"":""Llm detection result"",""value"":""Passed""},{""id"":""ethnicity_simplified"",""name"":""Ethnicity simplified"",""value"":""White""},{""id"":""country_of_birth"",""name"":""Country of birth"",""value"":""United Kingdom""},{""id"":""nationality"",""name"":""Nationality"",""value"":""United Kingdom""},{""id"":""language"",""name"":""Language"",""value"":""English""},{""id"":""employment_status"",""name"":""Employment status"",""value"":""Full-Time""}]}",complete,GB,en,dashboard
44ea90be-e54d-5179-aa70-d338b95f8ec6,prolific,bdc901cb-dc45-552a-952c-3b7f48c70683,cda7a151e551723314c05f6505d902267dd0d5869f1216d19347f446250a8fc9,fd26974080,unbookmarked,38,United Kingdom,Female,"{""panel_metadata"":{""status"":""AWAITING REVIEW"",""started_at"":""2026-01-12T13:32:39.405000Z"",""time_taken"":5421,""archived_at"":""2026-01-12T15:03:00.711487Z"",""completed_at"":""2026-01-12T15:03:00.355000Z"",""participant_id"":""66a8eda4f49a5a822db402ef"",""completion_code"":""FDC0MPL3T3"",""total_approvals"":847,""custom_study_tncs_accepted_at"":""Not Applicable""},""extra_profiling_fields"":[{""id"":""llm_detection_result"",""name"":""Llm detection result"",""value"":""Passed""},{""id"":""ethnicity_simplified"",""name"":""Ethnicity simplified"",""value"":""White""},{""id"":""country_of_birth"",""name"":""Country of birth"",""value"":""United Kingdom""},{""id"":""nationality"",""name"":""Nationality"",""value"":""United Kingdom""},{""id"":""language"",""name"":""Language"",""value"":""English""}]}",complete,GB,en,dashboard
44ea90be-e54d-5179-aa70-d338b95f8ec6,prolific,0766cddb-42e8-5d77-9001-f1285bdab9b8,741c8b283cd286878c23cfed88da3372454c9b508d8af30fd61ef10ebc93fad7,fd77393658,unbookmarked,38,United Kingdom,Prefer not to say,"{""panel_metadata"":{""status"":""AWAITING REVIEW"",""started_at"":""2026-01-12T13:51:33.121000Z"",""time_taken"":4895,""archived_at"":""2026-01-12T15:13:07.811502Z"",""completed_at"":""2026-01-12T15:13:07.465000Z"",""participant_id"":""66ac4212d7b13e3fd67b9344"",""completion_code"":""FDC0MPL3T3"",""total_approvals"":74,""custom_study_tncs_accepted_at"":""Not Applicable""},""extra_profiling_fields"":[{""id"":""llm_detection_result"",""name"":""Llm detection result"",""value"":""Passed""},{""id"":""ethnicity_simplified"",""name"":""Ethnicity simplified"",""value"":""Asian""},{""id"":""country_of_birth"",""name"":""Country of birth"",""value"":""Pakistan""},{""id"":""nationality"",""name"":""Nationality"",""value"":""United Kingdom""},{""id"":""language"",""name"":""Language"",""value"":""Urdu""}]}",complete,GB,en,dashboard
44ea90be-e54d-5179-aa70-d338b95f8ec6,prolific,c88f66ee-ebe3-5353-820e-786324e7f23f,3aa028a0311581650bc0cae956e59372a5cd05ba4a9df9913f99a6da0f8a71e1,fd25779231,unbookmarked,38,United Kingdom,Female,"{""panel_metadata"":{""status"":""AWAITING REVIEW"",""started_at"":""2026-01-12T13:56:16.423000Z"",""time_taken"":5307,""archived_at"":""2026-01-12T15:24:43.274464Z"",""completed_at"":""2026-01-12T15:24:42.909000Z"",""participant_id"":""677e66aeda5ddb35145c52eb"",""completion_code"":""FDC0MPL3T3"",""total_approvals"":1236,""custom_study_tncs_accepted_at"":""Not Applicable""},""extra_profiling_fields"":[{""id"":""llm_detection_result"",""name"":""Llm detection result"",""value"":""Passed""},{""id"":""ethnicity_simplified"",""name"":""Ethnicity simplified"",""value"":""White""},{""id"":""country_of_birth"",""name"":""Country of birth"",""value"":""United Kingdom""},{""id"":""nationality"",""name"":""Nationality"",""value"":""United Kingdom""},{""id"":""language"",""name"":""Language"",""value"":""English""},{""id"":""student_status"",""name"":""Student status"",""value"":""No""},{""id"":""employment_status"",""name"":""Employment status"",""value"":""Full-Time""}]}",complete,GB,en,dashboard
44ea90be-e54d-5179-aa70-d338b95f8ec6,prolific,5186b507-9e1c-5d16-9e8a-e6484089507c,9cb82d99dd50f7f4d1029db55c49cf0098879462123ccb0864de5f19e8461c06,fd77193956,unbookmarked,37,United Kingdom,Female,"{""panel_metadata"":{""status"":""AWAITING REVIEW"",""started_at"":""2026-01-12T13:42:52.991000Z"",""time_taken"":5262,""archived_at"":""2026-01-12T15:10:35.722416Z"",""completed_at"":""2026-01-12T15:10:34.843000Z"",""participant_id"":""5d4acbc3cfe6e90001ad87c9"",""completion_code"":""FDC0MPL3T3"",""total_approvals"":639,""custom_study_tncs_accepted_at"":""Not Applicable""},""extra_profiling_fields"":[{""id"":""llm_detection_result"",""name"":""Llm detection result"",""value"":""Passed""},{""id"":""ethnicity_simplified"",""name"":""Ethnicity simplified"",""value"":""White""},{""id"":""country_of_birth"",""name"":""Country of birth"",""value"":""United Kingdom""},{""id"":""nationality"",""name"":""Nationality"",""value"":""United Kingdom""},{""id"":""language"",""name"":""Language"",""value"":""English""}]}",complete,GB,en,dashboard
44ea90be-e54d-5179-aa70-d338b95f8ec6,prolific,af55895a-8507-5960-afc3-113fee6e8b88,f8aefc6b35e747285cfa227c87e2124c9ced53fb0867866664cde72c2ca50091,fd27252692,unbookmarked,37,United Kingdom,Male,"{""panel_metadata"":{""status"":""AWAITING REVIEW"",""started_at"":""2026-01-12T13:43:58.702000Z"",""time_taken"":2991,""archived_at"":""2026-01-12T14:33:49.674057Z"",""completed_at"":""2026-01-12T14:33:49.343000Z"",""participant_id"":""5e19961e1b8014222555c3b2"",""completion_code"":""FDC0MPL3T3"",""total_approvals"":2355,""custom_study_tncs_accepted_at"":""Not Applicable""},""extra_profiling_fields"":[{""id"":""llm_detection_result"",""name"":""Llm detection result"",""value"":""Passed""},{""id"":""ethnicity_simplified"",""name"":""Ethnicity simplified"",""value"":""White""},{""id"":""country_of_birth"",""name"":""Country of birth"",""value"":""United Kingdom""},{""id"":""nationality"",""name"":""Nationality"",""value"":""United Kingdom""},{""id"":""language"",""name"":""Language"",""value"":""English""},{""id"":""student_status"",""name"":""Student status"",""value"":""No""},{""id"":""employment_status"",""name"":""Employment status"",""value"":""Full-Time""}]}",complete,GB,en,dashboard
44ea90be-e54d-5179-aa70-d338b95f8ec6,prolific,6ca9a755-f246-538a-a287-f4aa6529932d,838260b206705f7b86db3c94166e384b673d8fba9444cf5a45ec6b8f646a999f,fd98071155,unbookmarked,27,United Kingdom,Male,"{""panel_metadata"":{""status"":""AWAITING REVIEW"",""started_at"":""2026-01-12T13:32:29.297000Z"",""time_taken"":6373,""archived_at"":""2026-01-12T15:18:42.505418Z"",""completed_at"":""2026-01-12T15:18:42.106000Z"",""participant_id"":""5c7ea15cb215c6000122b48d"",""completion_code"":""FDC0MPL3T3"",""total_approvals"":3079,""custom_study_tncs_accepted_at"":""Not Applicable""},""extra_profiling_fields"":[{""id"":""llm_detection_result"",""name"":""Llm detection result"",""value"":""Passed""},{""id"":""ethnicity_simplified"",""name"":""Ethnicity simplified"",""value"":""White""},{""id"":""country_of_birth"",""name"":""Country of birth"",""value"":""United Kingdom""},{""id"":""nationality"",""name"":""Nationality"",""value"":""United Kingdom""},{""id"":""language"",""name"":""Language"",""value"":""English""},{""id"":""student_status"",""name"":""Student status"",""value"":""No""},{""id"":""employment_status"",""name"":""Employment status"",""value"":""Full-Time""}]}",complete,GB,en,dashboard
44ea90be-e54d-5179-aa70-d338b95f8ec6,prolific,98b3f003-9ae3-5a34-8b00-74cc499c309f,a56d97cfc6869eeab8d0a7403895ba2ef0ccba0459423e2a0a10fe9a04c560fc,fd82426034,unbookmarked,28,United Kingdom,Female,"{""panel_metadata"":{""status"":""AWAITING REVIEW"",""started_at"":""2026-01-12T13:40:02.987000Z"",""time_taken"":5545,""archived_at"":""2026-01-12T15:12:28.214205Z"",""completed_at"":""2026-01-12T15:12:27.841000Z"",""participant_id"":""5dd59fe0a6438056ac397382"",""completion_code"":""FDC0MPL3T3"",""total_approvals"":2212,""custom_study_tncs_accepted_at"":""Not Applicable""},""extra_profiling_fields"":[{""id"":""llm_detection_result"",""name"":""Llm detection result"",""value"":""Passed""},{""id"":""ethnicity_simplified"",""name"":""Ethnicity simplified"",""value"":""White""},{""id"":""country_of_birth"",""name"":""Country of birth"",""value"":""Denmark""},{""id"":""nationality"",""name"":""Nationality"",""value"":""Denmark""},{""id"":""language"",""name"":""Language"",""value"":""Danish""},{""id"":""student_status"",""name"":""Student status"",""value"":""No""},{""id"":""employment_status"",""name"":""Employment status"",""value"":""Part-Time""}]}",complete,GB,en,dashboard
44ea90be-e54d-5179-aa70-d338b95f8ec6,prolific,d5176e24-1b72-5a99-84c1-5cd1d7f759ba,1bd5044337a0329cc12c13ee0e223e4e29bb05e4255c2f4f656cd916f128f697,fd93283170,unbookmarked,37,United Kingdom,Male,"{""panel_metadata"":{""status"":""AWAITING REVIEW"",""started_at"":""2026-01-12T13:33:42.818000Z"",""time_taken"":4343,""archived_at"":""2026-01-12T14:46:05.874193Z"",""completed_at"":""2026-01-12T14:46:05.518000Z"",""participant_id"":""5f147c831589684ed6fd4cb8"",""completion_code"":""FDC0MPL3T3"",""total_approvals"":1023,""custom_study_tncs_accepted_at"":""Not Applicable""},""extra_profiling_fields"":[{""id"":""llm_detection_result"",""name"":""Llm detection result"",""value"":""Passed""},{""id"":""ethnicity_simplified"",""name"":""Ethnicity simplified"",""value"":""White""},{""id"":""country_of_birth"",""name"":""Country of birth"",""value"":""United Kingdom""},{""id"":""nationality"",""name"":""Nationality"",""value"":""United Kingdom""},{""id"":""language"",""name"":""Language"",""value"":""English""},{""id"":""student_status"",""name"":""Student status"",""value"":""No""},{""id"":""employment_status"",""name"":""Employment status"",""value"":""Full-Time""}]}",complete,GB,en,dashboard
44ea90be-e54d-5179-aa70-d338b95f8ec6,prolific,9e2c49a3-88e5-54f2-a201-e185397622df,e14f3eb99f9737df313fce7352439c6858969b365f23cc9a97b97e5020a3f81d,fd76054322,unbookmarked,36,United Kingdom,Female,"{""panel_metadata"":{""status"":""AWAITING REVIEW"",""started_at"":""2026-01-12T13:50:25.331000Z"",""time_taken"":5291,""archived_at"":""2026-01-12T15:18:36.190947Z"",""completed_at"":""2026-01-12T15:18:35.817000Z"",""participant_id"":""56d7623f04c67d000c7b9de6"",""completion_code"":""FDC0MPL3T3"",""total_approvals"":1368,""custom_study_tncs_accepted_at"":""Not Applicable""},""extra_profiling_fields"":[{""id"":""llm_detection_result"",""name"":""Llm detection result"",""value"":""Passed""},{""id"":""ethnicity_simplified"",""name"":""Ethnicity simplified"",""value"":""White""},{""id"":""country_of_birth"",""name"":""Country of birth"",""value"":""United Kingdom""},{""id"":""nationality"",""name"":""Nationality"",""value"":""United Kingdom""},{""id"":""language"",""name"":""Language"",""value"":""English""},{""id"":""student_status"",""name"":""Student status"",""value"":""Yes""},{""id"":""employment_status"",""name"":""Employment status"",""value"":""Full-Time""}]}",complete,GB,en,dashboard
44ea90be-e54d-5179-aa70-d338b95f8ec6,prolific,ba6ff2c4-a53d-5dd1-a135-9846fd4fa8d9,117c1c2920dccebc2c7b13d5c220b4e43613b4f1699723e125ac255904f819da,fd89629889,unbookmarked,32,United Kingdom,Female,"{""panel_metadata"":{""status"":""AWAITING REVIEW"",""started_at"":""2026-01-12T13:33:11.045000Z"",""time_taken"":4896,""archived_at"":""2026-01-12T14:54:46.517288Z"",""completed_at"":""2026-01-12T14:54:46.173000Z"",""participant_id"":""613e2ec0c2e3964bb787ef4a"",""completion_code"":""FDC0MPL3T3"",""total_approvals"":412,""custom_study_tncs_accepted_at"":""Not Applicable""},""extra_profiling_fields"":[{""id"":""llm_detection_result"",""name"":""Llm detection result"",""value"":""Passed""},{""id"":""ethnicity_simplified"",""name"":""Ethnicity simplified"",""value"":""White""},{""id"":""country_of_birth"",""name"":""Country of birth"",""value"":""United Kingdom""},{""id"":""nationality"",""name"":""Nationality"",""value"":""United Kingdom""},{""id"":""language"",""name"":""Language"",""value"":""English""},{""id"":""student_status"",""name"":""Student status"",""value"":""No""},{""id"":""employment_status"",""name"":""Employment status"",""value"":""Full-Time""}]}",complete,GB,en,dashboard
44ea90be-e54d-5179-aa70-d338b95f8ec6,prolific,6a5ee099-128d-5d1e-a8b0-2fc5cb1a14ae,5b47251d9fe78ddedbaccdeb5df844c9e2f1b8ee7ee0918a03b36478bc0302c0,fd29629632,unbookmarked,36,United Kingdom,Male,"{""panel_metadata"":{""status"":""AWAITING REVIEW"",""started_at"":""2026-01-12T13:49:39.688000Z"",""time_taken"":6494,""archived_at"":""2026-01-12T15:37:53.413576Z"",""completed_at"":""2026-01-12T15:37:53.062000Z"",""participant_id"":""5b97a1e083bd380001b92485"",""completion_code"":""FDCOMPL3T3"",""total_approvals"":3115,""custom_study_tncs_accepted_at"":""Not Applicable""},""extra_profiling_fields"":[{""id"":""llm_detection_result"",""name"":""Llm detection result"",""value"":""Passed""},{""id"":""ethnicity_simplified"",""name"":""Ethnicity simplified"",""value"":""White""},{""id"":""country_of_birth"",""name"":""Country of birth"",""value"":""United Kingdom""},{""id"":""nationality"",""name"":""Nationality"",""value"":""United Kingdom""},{""id"":""language"",""name"":""Language"",""value"":""English""},{""id"":""student_status"",""name"":""Student status"",""value"":""No""},{""id"":""employment_status"",""name"":""Employment status"",""value"":""Full-Time""}]}",complete,GB,en,dashboard
44ea90be-e54d-5179-aa70-d338b95f8ec6,prolific,2657e425-2811-59cf-a792-4cafbbf8b8a4,86e933afeb1eb07575e485ecf6840fae7cfdbcc646612dd16e2e1726ce0c5d92,fd45535723,unbookmarked,35,United Kingdom,Male,"{""panel_metadata"":{""status"":""AWAITING REVIEW"",""started_at"":""2026-01-12T13:35:59.342000Z"",""time_taken"":6290,""archived_at"":""2026-01-12T15:20:49.311597Z"",""completed_at"":""2026-01-12T15:20:48.982000Z"",""participant_id"":""60673bc6496cefa66a61e737"",""completion_code"":""FDC0MPL3T3"",""total_approvals"":907,""custom_study_tncs_accepted_at"":""Not Applicable""},""extra_profiling_fields"":[{""id"":""llm_detection_result"",""name"":""Llm detection result"",""value"":""Passed""},{""id"":""ethnicity_simplified"",""name"":""Ethnicity simplified"",""value"":""White""},{""id"":""country_of_birth"",""name"":""Country of birth"",""value"":""United Kingdom""},{""id"":""nationality"",""name"":""Nationality"",""value"":""United Kingdom""},{""id"":""language"",""name"":""Language"",""value"":""English""},{""id"":""student_status"",""name"":""Student status"",""value"":""No""},{""id"":""employment_status"",""name"":""Employment status"",""value"":""Full-Time""}]}",complete,GB,en,dashboard
44ea90be-e54d-5179-aa70-d338b95f8ec6,prolific,395b67e3-2791-5e72-9f54-6d65c91ee99e,f070a752603b01d08bacbbab10c3cf4957361c23e317712c7517c3851466d04e,fd25637611,unbookmarked,36,United Kingdom,Male,"{""panel_metadata"":{""status"":""AWAITING REVIEW"",""started_at"":""2026-01-12T13:39:36.666000Z"",""time_taken"":5436,""archived_at"":""2026-01-12T15:22:17.731689Z"",""completed_at"":""2026-01-12T15:10:12.633000Z"",""participant_id"":""5feb9a64d42dc5c4926ffe03"",""completion_code"":""FDC0MPL3T3"",""total_approvals"":3462,""custom_study_tncs_accepted_at"":""Not Applicable""},""extra_profiling_fields"":[{""id"":""llm_detection_result"",""name"":""Llm detection result"",""value"":""Passed, Passed""},{""id"":""ethnicity_simplified"",""name"":""Ethnicity simplified"",""value"":""White""},{""id"":""country_of_birth"",""name"":""Country of birth"",""value"":""United Kingdom""},{""id"":""nationality"",""name"":""Nationality"",""value"":""United Kingdom""},{""id"":""language"",""name"":""Language"",""value"":""English""},{""id"":""student_status"",""name"":""Student status"",""value"":""No""}]}",complete,GB,en,dashboard
44ea90be-e54d-5179-aa70-d338b95f8ec6,prolific,04f798b4-5882-51d2-b7c3-01fb43c95731,a36be66cca9a80c761066eac8740377e43905aacb83d171b5152e6ef90f95a70,fd62658118,unbookmarked,30,United Kingdom,Male,"{""panel_metadata"":{""status"":""AWAITING REVIEW"",""started_at"":""2026-01-12T13:35:42.375000Z"",""time_taken"":4171,""archived_at"":""2026-01-12T14:45:12.999093Z"",""completed_at"":""2026-01-12T14:45:12.648000Z"",""participant_id"":""6058e58ad1de5339825e2ec6"",""completion_code"":""FDC0MPL3T3"",""total_approvals"":365,""custom_study_tncs_accepted_at"":""Not Applicable""},""extra_profiling_fields"":[{""id"":""llm_detection_result"",""name"":""Llm detection result"",""value"":""Passed""},{""id"":""ethnicity_simplified"",""name"":""Ethnicity simplified"",""value"":""White""},{""id"":""country_of_birth"",""name"":""Country of birth"",""value"":""Ireland""},{""id"":""nationality"",""name"":""Nationality"",""value"":""Ireland""},{""id"":""language"",""name"":""Language"",""value"":""English""},{""id"":""student_status"",""name"":""Student status"",""value"":""No""},{""id"":""employment_status"",""name"":""Employment status"",""value"":""Full-Time""}]}",complete,GB,en,dashboard
44ea90be-e54d-5179-aa70-d338b95f8ec6,prolific,16addc9e-0b0d-5d66-93f6-fb217894027a,45d134bde6a3e222ccad118de0b7400b4c718b1337dfdde2324121c7063ce2fe,fd59221479,unbookmarked,35,United Kingdom,Male,"{""panel_metadata"":{""status"":""AWAITING REVIEW"",""started_at"":""2026-01-12T13:34:24.869000Z"",""time_taken"":6246,""archived_at"":""2026-01-12T15:18:30.269646Z"",""completed_at"":""2026-01-12T15:18:29.939000Z"",""participant_id"":""62da7d3913126d5b2122fc0c"",""completion_code"":""FDC0MPL3T3"",""total_approvals"":1049,""custom_study_tncs_accepted_at"":""Not Applicable""},""extra_profiling_fields"":[{""id"":""llm_detection_result"",""name"":""Llm detection result"",""value"":""Passed""},{""id"":""ethnicity_simplified"",""name"":""Ethnicity simplified"",""value"":""Mixed""},{""id"":""country_of_birth"",""name"":""Country of birth"",""value"":""United Kingdom""},{""id"":""nationality"",""name"":""Nationality"",""value"":""United Kingdom""},{""id"":""language"",""name"":""Language"",""value"":""English""}]}",complete,GB,en,dashboard
44ea90be-e54d-5179-aa70-d338b95f8ec6,prolific,3fa3336d-5e28-5c71-8f71-12e2ffbcf244,8a3b24863d3a11937a5cb393c7fe99bcc34763d67fc02509cd4c2de7aed7fe6a,fd11690039,unbookmarked,29,United Kingdom,Female,"{""panel_metadata"":{""status"":""AWAITING REVIEW"",""started_at"":""2026-01-12T13:34:47.739000Z"",""time_taken"":6919,""archived_at"":""2026-01-12T15:30:07.082469Z"",""completed_at"":""2026-01-12T15:30:06.726000Z"",""participant_id"":""6772ea24ce9c71ea7bc07b6b"",""completion_code"":""FDC0MPL3T3"",""total_approvals"":707,""custom_study_tncs_accepted_at"":""Not Applicable""},""extra_profiling_fields"":[{""id"":""llm_detection_result"",""name"":""Llm detection result"",""value"":""Passed""},{""id"":""ethnicity_simplified"",""name"":""Ethnicity simplified"",""value"":""Black""},{""id"":""country_of_birth"",""name"":""Country of birth"",""value"":""Nigeria""},{""id"":""nationality"",""name"":""Nationality"",""value"":""United Kingdom""},{""id"":""language"",""name"":""Language"",""value"":""English""},{""id"":""student_status"",""name"":""Student status"",""value"":""No""},{""id"":""employment_status"",""name"":""Employment status"",""value"":""Part-Time""}]}",complete,GB,en,dashboard
44ea90be-e54d-5179-aa70-d338b95f8ec6,prolific,8e26238d-cf12-5531-b6ca-161bae479d27,2bf78a0d1d9fe011845aa10037d0f7d0754a18f16c34d8dc237249e459b15c14,fd76067189,unbookmarked,34,United Kingdom,Female,"{""panel_metadata"":{""status"":""AWAITING REVIEW"",""started_at"":""2026-01-12T13:35:40.771000Z"",""time_taken"":5350,""archived_at"":""2026-01-12T15:04:50.206999Z"",""completed_at"":""2026-01-12T15:04:49.861000Z"",""participant_id"":""62c9e82215b40b428456f40e"",""completion_code"":""FDC0MPL3T3"",""total_approvals"":609,""custom_study_tncs_accepted_at"":""Not Applicable""},""extra_profiling_fields"":[{""id"":""llm_detection_result"",""name"":""Llm detection result"",""value"":""Passed, Passed""},{""id"":""ethnicity_simplified"",""name"":""Ethnicity simplified"",""value"":""White""},{""id"":""country_of_birth"",""name"":""Country of birth"",""value"":""United Kingdom""},{""id"":""nationality"",""name"":""Nationality"",""value"":""United Kingdom""},{""id"":""language"",""name"":""Language"",""value"":""English""},{""id"":""employment_status"",""name"":""Employment status"",""value"":""Part-Time""}]}",complete,GB,en,dashboard
44ea90be-e54d-5179-aa70-d338b95f8ec6,prolific,60343ac2-26f8-5502-9c2c-76b0492cef1e,f30c70485ec2e2dcf73e99541149969b97bf0ee62cf4bc10e7319a198a199c38,fd71583959,unbookmarked,33,United Kingdom,Female,"{""panel_metadata"":{""status"":""AWAITING REVIEW"",""started_at"":""2026-01-12T13:40:04.085000Z"",""time_taken"":5259,""archived_at"":""2026-01-12T15:07:42.917467Z"",""completed_at"":""2026-01-12T15:07:42.572000Z"",""participant_id"":""61487c75525ef8d1a1e83d92"",""completion_code"":""FDC0MPL3T3"",""total_approvals"":781,""custom_study_tncs_accepted_at"":""Not Applicable""},""extra_profiling_fields"":[{""id"":""llm_detection_result"",""name"":""Llm detection result"",""value"":""Passed""},{""id"":""ethnicity_simplified"",""name"":""Ethnicity simplified"",""value"":""White""},{""id"":""country_of_birth"",""name"":""Country of birth"",""value"":""United Kingdom""},{""id"":""nationality"",""name"":""Nationality"",""value"":""United Kingdom""},{""id"":""language"",""name"":""Language"",""value"":""English""},{""id"":""student_status"",""name"":""Student status"",""value"":""No""},{""id"":""employment_status"",""name"":""Employment status"",""value"":""Not in paid work (e.g. homemaker', 'retired or disabled)""}]}",complete,GB,en,dashboard
44ea90be-e54d-5179-aa70-d338b95f8ec6,prolific,c1fffc90-a5b1-5081-8904-fd2f665eaa78,e4fdc86d2720310d0cd363d03b66b5a504da18d9aaf7d85bc83e7a78c509ae16,fd41728820,unbookmarked,35,United Kingdom,Female,"{""panel_metadata"":{""status"":""AWAITING REVIEW"",""started_at"":""2026-01-12T13:37:28.945000Z"",""time_taken"":6181,""archived_at"":""2026-01-12T15:20:30.064157Z"",""completed_at"":""2026-01-12T15:20:29.710000Z"",""participant_id"":""695c27c8f71550c8afa78429"",""completion_code"":""FDC0MPL3T3"",""total_approvals"":28,""custom_study_tncs_accepted_at"":""Not Applicable""},""extra_profiling_fields"":[{""id"":""llm_detection_result"",""name"":""Llm detection result"",""value"":""Passed""},{""id"":""ethnicity_simplified"",""name"":""Ethnicity simplified"",""value"":""Asian""},{""id"":""country_of_birth"",""name"":""Country of birth"",""value"":""Pakistan""},{""id"":""nationality"",""name"":""Nationality"",""value"":""Pakistan""},{""id"":""language"",""name"":""Language"",""value"":""Urdu""},{""id"":""student_status"",""name"":""Student status"",""value"":""No""},{""id"":""employment_status"",""name"":""Employment status"",""value"":""Unemployed (and job seeking)""}]}",complete,GB,en,dashboard
44ea90be-e54d-5179-aa70-d338b95f8ec6,prolific,daee99f1-2571-5cfc-aeb9-afccad5887f7,6e74381d912880bdedc220a1f2b819dcf5ef0527ff9c979752056f8818b8f98f,fd61412075,unbookmarked,30,United Kingdom,Female,"{""panel_metadata"":{""status"":""AWAITING REVIEW"",""started_at"":""2026-01-12T13:55:20.555000Z"",""time_taken"":5396,""archived_at"":""2026-01-12T15:25:16.470911Z"",""completed_at"":""2026-01-12T15:25:16.081000Z"",""participant_id"":""63d3fe76e4e3acc87c79496a"",""completion_code"":""FDC0MPL3T3"",""total_approvals"":573,""custom_study_tncs_accepted_at"":""Not Applicable""},""extra_profiling_fields"":[{""id"":""llm_detection_result"",""name"":""Llm detection result"",""value"":""Passed""},{""id"":""ethnicity_simplified"",""name"":""Ethnicity simplified"",""value"":""White""},{""id"":""country_of_birth"",""name"":""Country of birth"",""value"":""United Kingdom""},{""id"":""nationality"",""name"":""Nationality"",""value"":""United Kingdom""},{""id"":""language"",""name"":""Language"",""value"":""English""},{""id"":""student_status"",""name"":""Student status"",""value"":""No""},{""id"":""employment_status"",""name"":""Employment status"",""value"":""Part-Time""}]}",complete,GB,en,dashboard
44ea90be-e54d-5179-aa70-d338b95f8ec6,prolific,5f19f891-030b-5458-8ff8-0dfe35db414f,912dfa750a6e8af257202ff8127412c777156295046c5697230d69e2af1883f2,fd31564010,unbookmarked,37,United Kingdom,Male,"{""panel_metadata"":{""status"":""AWAITING REVIEW"",""started_at"":""2026-01-12T13:34:55.991000Z"",""time_taken"":4152,""archived_at"":""2026-01-12T14:44:08.051865Z"",""completed_at"":""2026-01-12T14:44:07.678000Z"",""participant_id"":""5e1b2b3e4a955b350b1e0a63"",""completion_code"":""FDC0MPL3T3"",""total_approvals"":4600,""custom_study_tncs_accepted_at"":""Not Applicable""},""extra_profiling_fields"":[{""id"":""llm_detection_result"",""name"":""Llm detection result"",""value"":""Passed""},{""id"":""ethnicity_simplified"",""name"":""Ethnicity simplified"",""value"":""White""},{""id"":""country_of_birth"",""name"":""Country of birth"",""value"":""United Kingdom""},{""id"":""nationality"",""name"":""Nationality"",""value"":""United Kingdom""},{""id"":""language"",""name"":""Language"",""value"":""English""},{""id"":""student_status"",""name"":""Student status"",""value"":""No""},{""id"":""employment_status"",""name"":""Employment status"",""value"":""Full-Time""}]}",complete,GB,en,dashboard
44ea90be-e54d-5179-aa70-d338b95f8ec6,prolific,0f50ab71-ebed-51c6-9c4a-e8a7611c1a86,1b920255c440a227d57f1b468b856590fa63618e5cf306b5cc129403c389928f,fd66148045,unbookmarked,34,United Kingdom,Male,"{""panel_metadata"":{""status"":""AWAITING REVIEW"",""started_at"":""2026-01-12T13:55:58.332000Z"",""time_taken"":6143,""archived_at"":""2026-01-12T15:38:21.233828Z"",""completed_at"":""2026-01-12T15:38:20.905000Z"",""participant_id"":""5e299d8c2e9dc4000be0fde0"",""completion_code"":""FDC0MPL3T3"",""total_approvals"":1615,""custom_study_tncs_accepted_at"":""Not Applicable""},""extra_profiling_fields"":[{""id"":""llm_detection_result"",""name"":""Llm detection result"",""value"":""Passed""},{""id"":""ethnicity_simplified"",""name"":""Ethnicity simplified"",""value"":""White""},{""id"":""country_of_birth"",""name"":""Country of birth"",""value"":""United Kingdom""},{""id"":""nationality"",""name"":""Nationality"",""value"":""United Kingdom""},{""id"":""language"",""name"":""Language"",""value"":""English""},{""id"":""student_status"",""name"":""Student status"",""value"":""No""},{""id"":""employment_status"",""name"":""Employment status"",""value"":""Full-Time""}]}",complete,GB,en,dashboard
44ea90be-e54d-5179-aa70-d338b95f8ec6,prolific,68bfff9c-b432-56b5-a8e5-b339f4761ba1,cfe8be495f309c3d9bae63c590b26283133dcebda216b670d029e9c14727a99a,fd96489237,unbookmarked,28,United Kingdom,Male,"{""panel_metadata"":{""status"":""AWAITING REVIEW"",""started_at"":""2026-01-12T14:12:36.256000Z"",""time_taken"":4313,""archived_at"":""2026-01-12T15:24:29.466157Z"",""completed_at"":""2026-01-12T15:24:29.131000Z"",""participant_id"":""5c4602713d08e80001369876"",""completion_code"":""FDC0MPL3T3"",""total_approvals"":2344,""custom_study_tncs_accepted_at"":""Not Applicable""},""extra_profiling_fields"":[{""id"":""llm_detection_result"",""name"":""Llm detection result"",""value"":""Passed""},{""id"":""ethnicity_simplified"",""name"":""Ethnicity simplified"",""value"":""White""},{""id"":""country_of_birth"",""name"":""Country of birth"",""value"":""United Kingdom""},{""id"":""nationality"",""name"":""Nationality"",""value"":""United Kingdom""},{""id"":""language"",""name"":""Language"",""value"":""English""},{""id"":""student_status"",""name"":""Student status"",""value"":""No""},{""id"":""employment_status"",""name"":""Employment status"",""value"":""Unemployed (and job seeking)""}]}",complete,GB,en,dashboard
44ea90be-e54d-5179-aa70-d338b95f8ec6,prolific,3fd1d43b-dc43-52b8-aa47-d8a5a91fe6d9,721ea0b17b447796d2d6e08d87f9037348162c295caf97dded6fa50fdea4acee,fd49926452,unbookmarked,25,United Kingdom,Female,"{""panel_metadata"":{""status"":""AWAITING REVIEW"",""started_at"":""2026-01-12T13:53:04.950000Z"",""time_taken"":5559,""archived_at"":""2026-01-12T15:25:44.033753Z"",""completed_at"":""2026-01-12T15:25:43.677000Z"",""participant_id"":""66620be4712ff61a8238e7b7"",""completion_code"":""FDC0MPL3T3"",""total_approvals"":533,""custom_study_tncs_accepted_at"":""Not Applicable""},""extra_profiling_fields"":[{""id"":""llm_detection_result"",""name"":""Llm detection result"",""value"":""Passed""},{""id"":""ethnicity_simplified"",""name"":""Ethnicity simplified"",""value"":""White""},{""id"":""country_of_birth"",""name"":""Country of birth"",""value"":""Poland""},{""id"":""nationality"",""name"":""Nationality"",""value"":""Poland""},{""id"":""language"",""name"":""Language"",""value"":""Polish""},{""id"":""student_status"",""name"":""Student status"",""value"":""Yes""},{""id"":""employment_status"",""name"":""Employment status"",""value"":""Full-Time""}]}",complete,GB,en,dashboard
44ea90be-e54d-5179-aa70-d338b95f8ec6,prolific,8f052f2a-5e09-5232-a2ae-b705affd7e6d,c7d90fbf0aedc59065884c2633cdb447d6e2689b119857099ab84ab51ea6cb1a,fd02941450,unbookmarked,32,United Kingdom,Male,"{""panel_metadata"":{""status"":""AWAITING REVIEW"",""started_at"":""2026-01-12T13:33:47.622000Z"",""time_taken"":6415,""archived_at"":""2026-01-12T15:20:42.351804Z"",""completed_at"":""2026-01-12T15:20:42.013000Z"",""participant_id"":""695c14003bd073492e8f0f3b"",""completion_code"":""FDC0MPL3T3"",""total_approvals"":8,""custom_study_tncs_accepted_at"":""Not Applicable""},""extra_profiling_fields"":[{""id"":""llm_detection_result"",""name"":""Llm detection result"",""value"":""Passed""},{""id"":""ethnicity_simplified"",""name"":""Ethnicity simplified"",""value"":""Asian""},{""id"":""country_of_birth"",""name"":""Country of birth"",""value"":""United Kingdom""},{""id"":""language"",""name"":""Language"",""value"":""Cantonese""},{""id"":""student_status"",""name"":""Student status"",""value"":""No""},{""id"":""employment_status"",""name"":""Employment status"",""value"":""Full-Time""}]}",complete,GB,en,dashboard
44ea90be-e54d-5179-aa70-d338b95f8ec6,prolific,05e5b065-8335-5a60-ad96-9fd6a57f1547,0db0c77c574acaff5ed681ac6e2c2fffd12473851d43a8cf1a102db907b355ab,fd51499404,unbookmarked,35,United Kingdom,Female,"{""panel_metadata"":{""status"":""AWAITING REVIEW"",""started_at"":""2026-01-12T13:47:25.057000Z"",""time_taken"":4244,""archived_at"":""2026-01-12T14:58:09.305952Z"",""completed_at"":""2026-01-12T14:58:08.948000Z"",""participant_id"":""62b0a3fa60084743d22ad31c"",""completion_code"":""FDC0MPL3T3"",""total_approvals"":2580,""custom_study_tncs_accepted_at"":""Not Applicable""},""extra_profiling_fields"":[{""id"":""llm_detection_result"",""name"":""Llm detection result"",""value"":""Passed""},{""id"":""ethnicity_simplified"",""name"":""Ethnicity simplified"",""value"":""White""},{""id"":""country_of_birth"",""name"":""Country of birth"",""value"":""United Kingdom""},{""id"":""nationality"",""name"":""Nationality"",""value"":""United Kingdom""},{""id"":""language"",""name"":""Language"",""value"":""English""},{""id"":""student_status"",""name"":""Student status"",""value"":""No""},{""id"":""employment_status"",""name"":""Employment status"",""value"":""Part-Time""}]}",complete,GB,en,dashboard
44ea90be-e54d-5179-aa70-d338b95f8ec6,prolific,badb782a-530d-544d-a4c8-94ac23d5d695,9b21288a88dcc86e63ce606fe7f3708b65fa3f76f438c5ead0e77b6f4e5b752a,fd53265648,unbookmarked,32,United Kingdom,Male,"{""panel_metadata"":{""status"":""AWAITING REVIEW"",""started_at"":""2026-01-12T14:14:58.269000Z"",""time_taken"":4011,""archived_at"":""2026-01-12T15:21:49.267756Z"",""completed_at"":""2026-01-12T15:21:48.907000Z"",""participant_id"":""57b248d52075e2000113ba3d"",""completion_code"":""FDC0MPL3T3"",""total_approvals"":3974,""custom_study_tncs_accepted_at"":""Not Applicable""},""extra_profiling_fields"":[{""id"":""llm_detection_result"",""name"":""Llm detection result"",""value"":""Passed""},{""id"":""ethnicity_simplified"",""name"":""Ethnicity simplified"",""value"":""White""},{""id"":""country_of_birth"",""name"":""Country of birth"",""value"":""United Kingdom""},{""id"":""nationality"",""name"":""Nationality"",""value"":""United Kingdom""},{""id"":""language"",""name"":""Language"",""value"":""English""},{""id"":""student_status"",""name"":""Student status"",""value"":""No""},{""id"":""employment_status"",""name"":""Employment status"",""value"":""Full-Time""}]}",complete,GB,en,dashboard
44ea90be-e54d-5179-aa70-d338b95f8ec6,prolific,b6d169c0-2c9a-5fee-93d1-099f2f13074d,507b8e0f8e7f9bbe7b9565ffd7c1ec33703af05cf7e2b53fc8c5c738a99c2a68,fd51755636,unbookmarked,28,United Kingdom,Female,"{""panel_metadata"":{""status"":""AWAITING REVIEW"",""started_at"":""2026-01-12T13:33:53.065000Z"",""time_taken"":4662,""archived_at"":""2026-01-12T14:51:34.956884Z"",""completed_at"":""2026-01-12T14:51:34.617000Z"",""participant_id"":""5bb535574cb73b00011437d0"",""completion_code"":""FDC0MPL3T3"",""total_approvals"":2942,""custom_study_tncs_accepted_at"":""Not Applicable""},""extra_profiling_fields"":[{""id"":""llm_detection_result"",""name"":""Llm detection result"",""value"":""Passed""},{""id"":""ethnicity_simplified"",""name"":""Ethnicity simplified"",""value"":""White""},{""id"":""country_of_birth"",""name"":""Country of birth"",""value"":""Italy""},{""id"":""nationality"",""name"":""Nationality"",""value"":""Italy""},{""id"":""language"",""name"":""Language"",""value"":""Italian""},{""id"":""student_status"",""name"":""Student status"",""value"":""Yes""},{""id"":""employment_status"",""name"":""Employment status"",""value"":""Full-Time""}]}",complete,GB,en,dashboard
44ea90be-e54d-5179-aa70-d338b95f8ec6,prolific,1f4dbf73-eb1e-56fd-980a-c77189d066c5,e576772795b641e70f2c9950231ffc4383be8d3a27ac3c811e2621d81d52f328,fd04149100,unbookmarked,36,United Kingdom,Male,"{""panel_metadata"":{""status"":""AWAITING REVIEW"",""started_at"":""2026-01-12T13:32:07.827000Z"",""time_taken"":6040,""archived_at"":""2026-01-12T15:12:47.717385Z"",""completed_at"":""2026-01-12T15:12:47.361000Z"",""participant_id"":""65515637eb2540487c1fa289"",""completion_code"":""FDC0MPL3T3"",""total_approvals"":47,""custom_study_tncs_accepted_at"":""Not Applicable""},""extra_profiling_fields"":[{""id"":""llm_detection_result"",""name"":""Llm detection result"",""value"":""Failed, Passed""},{""id"":""ethnicity_simplified"",""name"":""Ethnicity simplified"",""value"":""White""},{""id"":""country_of_birth"",""name"":""Country of birth"",""value"":""United Kingdom""},{""id"":""nationality"",""name"":""Nationality"",""value"":""United Kingdom""},{""id"":""language"",""name"":""Language"",""value"":""English""},{""id"":""student_status"",""name"":""Student status"",""value"":""No""},{""id"":""employment_status"",""name"":""Employment status"",""value"":""Full-Time""}]}",complete,GB,en,dashboard
44ea90be-e54d-5179-aa70-d338b95f8ec6,prolific,6fcefe37-3180-5a47-b467-086dec149d1a,9e4dad47c53b25eb4645f797c4dd3021c063e9268af7a5c0ac5e5898279f5bf9,fd33393852,unbookmarked,28,United Kingdom,Female,"{""panel_metadata"":{""status"":""AWAITING REVIEW"",""started_at"":""2026-01-12T14:07:50.022000Z"",""time_taken"":4670,""archived_at"":""2026-01-12T15:25:39.462745Z"",""completed_at"":""2026-01-12T15:25:39.110000Z"",""participant_id"":""676c12ea62919ea6bdb0645d"",""completion_code"":""FDC0MPL3T3"",""total_approvals"":263,""custom_study_tncs_accepted_at"":""Not Applicable""},""extra_profiling_fields"":[{""id"":""llm_detection_result"",""name"":""Llm detection result"",""value"":""Passed""},{""id"":""ethnicity_simplified"",""name"":""Ethnicity simplified"",""value"":""Black""},{""id"":""country_of_birth"",""name"":""Country of birth"",""value"":""Ghana""},{""id"":""nationality"",""name"":""Nationality"",""value"":""Ghana""},{""id"":""language"",""name"":""Language"",""value"":""English""},{""id"":""employment_status"",""name"":""Employment status"",""value"":""Part-Time""}]}",complete,GB,en,dashboard
44ea90be-e54d-5179-aa70-d338b95f8ec6,prolific,68f9ce72-fdfe-5932-991b-d64f8f3e16c3,bb41b5192e6ff1c5a29d913fd3306a04d0cd99398e2ccb262e2b1d0b78bac249,fd80318603,unbookmarked,39,United Kingdom,Male,"{""panel_metadata"":{""status"":""AWAITING REVIEW"",""started_at"":""2026-01-12T13:32:15.372000Z"",""time_taken"":6921,""archived_at"":""2026-01-12T15:27:36.409710Z"",""completed_at"":""2026-01-12T15:27:36.025000Z"",""participant_id"":""6672fb66728df1edb72c1568"",""completion_code"":""FDC0MPL3T3"",""total_approvals"":907,""custom_study_tncs_accepted_at"":""Not Applicable""},""extra_profiling_fields"":[{""id"":""llm_detection_result"",""name"":""Llm detection result"",""value"":""Passed""},{""id"":""ethnicity_simplified"",""name"":""Ethnicity simplified"",""value"":""Black""},{""id"":""country_of_birth"",""name"":""Country of birth"",""value"":""Jamaica""},{""id"":""nationality"",""name"":""Nationality"",""value"":""United Kingdom""},{""id"":""language"",""name"":""Language"",""value"":""English""},{""id"":""student_status"",""name"":""Student status"",""value"":""No""},{""id"":""employment_status"",""name"":""Employment status"",""value"":""Unemployed (and job seeking)""}]}",complete,GB,en,dashboard
44ea90be-e54d-5179-aa70-d338b95f8ec6,prolific,17d15fba-7a81-5772-8ec6-488102dba7fd,4619563982656a9a7a11e4f2a063887dd9cd3e4407f91b9ab36b91f527401bc1,fd24628482,unbookmarked,26,United Kingdom,Male,"{""panel_metadata"":{""status"":""AWAITING REVIEW"",""started_at"":""2026-01-12T13:37:51.082000Z"",""time_taken"":5679,""archived_at"":""2026-01-12T15:12:29.462068Z"",""completed_at"":""2026-01-12T15:12:29.124000Z"",""participant_id"":""695c0d0826bfa6a67f9d13ed"",""completion_code"":""FDC0MPL3T3"",""total_approvals"":79,""custom_study_tncs_accepted_at"":""Not Applicable""},""extra_profiling_fields"":[{""id"":""llm_detection_result"",""name"":""Llm detection result"",""value"":""Passed""},{""id"":""ethnicity_simplified"",""name"":""Ethnicity simplified"",""value"":""Asian""},{""id"":""country_of_birth"",""name"":""Country of birth"",""value"":""Pakistan""},{""id"":""nationality"",""name"":""Nationality"",""value"":""Pakistan""},{""id"":""language"",""name"":""Language"",""value"":""Urdu""},{""id"":""student_status"",""name"":""Student status"",""value"":""Yes""},{""id"":""employment_status"",""name"":""Employment status"",""value"":""Part-Time""}]}",complete,GB,en,dashboard
44ea90be-e54d-5179-aa70-d338b95f8ec6,prolific,55d1c596-7edd-5d6e-bf56-1d1a7b4f837c,f14e252a33d1eeb69fd317a7f6c06d4758c441471c8a0d43ee23b5767e7edd2a,fd49912338,unbookmarked,28,United Kingdom,Female,"{""panel_metadata"":{""status"":""AWAITING REVIEW"",""started_at"":""2026-01-12T13:34:11.709000Z"",""time_taken"":3803,""archived_at"":""2026-01-12T14:37:34.781663Z"",""completed_at"":""2026-01-12T14:37:34.426000Z"",""participant_id"":""66095082185479f7db42d782"",""completion_code"":""FDCOMPL3T3"",""total_approvals"":2213,""custom_study_tncs_accepted_at"":""Not Applicable""},""extra_profiling_fields"":[{""id"":""llm_detection_result"",""name"":""Llm detection result"",""value"":""Passed""},{""id"":""ethnicity_simplified"",""name"":""Ethnicity simplified"",""value"":""White""},{""id"":""country_of_birth"",""name"":""Country of birth"",""value"":""United Kingdom""},{""id"":""nationality"",""name"":""Nationality"",""value"":""United Kingdom""},{""id"":""language"",""name"":""Language"",""value"":""English""},{""id"":""student_status"",""name"":""Student status"",""value"":""No""},{""id"":""employment_status"",""name"":""Employment status"",""value"":""Full-Time""}]}",complete,GB,en,dashboard
44ea90be-e54d-5179-aa70-d338b95f8ec6,prolific,bfd583b0-2b25-5512-90d8-81a5834eeb64,9462e82a39c1a100f9b7ca1b727fb43df229a7790b143f15560b95bf3d67f3fd,fd79093045,unbookmarked,38,United Kingdom,Male,"{""panel_metadata"":{""status"":""AWAITING REVIEW"",""started_at"":""2026-01-12T14:00:54.700000Z"",""time_taken"":5150,""archived_at"":""2026-01-12T15:26:44.971872Z"",""completed_at"":""2026-01-12T15:26:44.600000Z"",""participant_id"":""5ecf5a78ba30501d2ca5e34b"",""completion_code"":""FDC0MPL3T3"",""total_approvals"":1596,""custom_study_tncs_accepted_at"":""Not Applicable""},""extra_profiling_fields"":[{""id"":""llm_detection_result"",""name"":""Llm detection result"",""value"":""Passed""},{""id"":""ethnicity_simplified"",""name"":""Ethnicity simplified"",""value"":""White""},{""id"":""country_of_birth"",""name"":""Country of birth"",""value"":""United Kingdom""},{""id"":""nationality"",""name"":""Nationality"",""value"":""United Kingdom""},{""id"":""language"",""name"":""Language"",""value"":""English""},{""id"":""student_status"",""name"":""Student status"",""value"":""No""},{""id"":""employment_status"",""name"":""Employment status"",""value"":""Full-Time""}]}",complete,GB,en,dashboard
44ea90be-e54d-5179-aa70-d338b95f8ec6,prolific,6e8fbe45-c2b9-54e7-8e41-e564aa6c075f,bd30ae32df35f3c267adfea1fa5f003bfe4158b602986a7552f667544813410d,fd31896350,unbookmarked,26,United Kingdom,Male,"{""panel_metadata"":{""status"":""AWAITING REVIEW"",""started_at"":""2026-01-12T13:40:14.080000Z"",""time_taken"":4514,""archived_at"":""2026-01-12T14:55:28.412826Z"",""completed_at"":""2026-01-12T14:55:28.052000Z"",""participant_id"":""62e29f475bd4529aba350393"",""completion_code"":""FDC0MPL3T3"",""total_approvals"":1021,""custom_study_tncs_accepted_at"":""Not Applicable""},""extra_profiling_fields"":[{""id"":""llm_detection_result"",""name"":""Llm detection result"",""value"":""Passed""},{""id"":""ethnicity_simplified"",""name"":""Ethnicity simplified"",""value"":""White""},{""id"":""country_of_birth"",""name"":""Country of birth"",""value"":""United Kingdom""},{""id"":""nationality"",""name"":""Nationality"",""value"":""United Kingdom""},{""id"":""language"",""name"":""Language"",""value"":""English""},{""id"":""employment_status"",""name"":""Employment status"",""value"":""Full-Time""}]}",complete,GB,en,dashboard
44ea90be-e54d-5179-aa70-d338b95f8ec6,prolific,55077e2d-3071-5566-b50a-6b833520081f,db17f17faca5fe40e71f7ba42e635ad6851095b84a093b0d3007bac149472afd,fd21721170,unbookmarked,35,United Kingdom,Male,"{""panel_metadata"":{""status"":""AWAITING REVIEW"",""started_at"":""2026-01-12T14:02:10.558000Z"",""time_taken"":4051,""archived_at"":""2026-01-12T15:09:41.127563Z"",""completed_at"":""2026-01-12T15:09:40.783000Z"",""participant_id"":""615eda024a5f84f408625b4f"",""completion_code"":""FDC0MPL3T3"",""total_approvals"":3182,""custom_study_tncs_accepted_at"":""Not Applicable""},""extra_profiling_fields"":[{""id"":""llm_detection_result"",""name"":""Llm detection result"",""value"":""Passed""},{""id"":""ethnicity_simplified"",""name"":""Ethnicity simplified"",""value"":""White""},{""id"":""country_of_birth"",""name"":""Country of birth"",""value"":""United Kingdom""},{""id"":""nationality"",""name"":""Nationality"",""value"":""United Kingdom""},{""id"":""language"",""name"":""Language"",""value"":""English""},{""id"":""student_status"",""name"":""Student status"",""value"":""No""},{""id"":""employment_status"",""name"":""Employment status"",""value"":""Full-Time""}]}",complete,GB,en,dashboard
44ea90be-e54d-5179-aa70-d338b95f8ec6,prolific,e49cbf3a-acda-5732-8bda-ce7021bd6b5c,5646dae1b48aa763e4cc2bf35b71537a75620c498b7e88c7ba9f0972ef794f19,fd69879493,unbookmarked,33,United Kingdom,Female,"{""panel_metadata"":{""status"":""AWAITING REVIEW"",""started_at"":""2026-01-12T13:38:27.087000Z"",""time_taken"":5054,""archived_at"":""2026-01-12T15:02:40.728661Z"",""completed_at"":""2026-01-12T15:02:40.381000Z"",""participant_id"":""6126086041dbfc8b499a693c"",""completion_code"":""FDC0MPL3T3"",""total_approvals"":1192,""custom_study_tncs_accepted_at"":""Not Applicable""},""extra_profiling_fields"":[{""id"":""llm_detection_result"",""name"":""Llm detection result"",""value"":""Passed, Passed""},{""id"":""ethnicity_simplified"",""name"":""Ethnicity simplified"",""value"":""White""},{""id"":""country_of_birth"",""name"":""Country of birth"",""value"":""United Kingdom""},{""id"":""nationality"",""name"":""Nationality"",""value"":""United Kingdom""},{""id"":""language"",""name"":""Language"",""value"":""English""},{""id"":""student_status"",""name"":""Student status"",""value"":""No""},{""id"":""employment_status"",""name"":""Employment status"",""value"":""Not in paid work (e.g. homemaker', 'retired or disabled)""}]}",complete,GB,en,dashboard
44ea90be-e54d-5179-aa70-d338b95f8ec6,prolific,554c44f8-2ff7-58ef-92cb-022e73760d22,ed9a4f4ed15b194c2c2fa236f3e62cee3d8593ae0fa47a56d69369c8f88033dc,fd68005907,unbookmarked,32,United Kingdom,Female,"{""panel_metadata"":{""status"":""AWAITING REVIEW"",""started_at"":""2026-01-12T13:59:36.198000Z"",""time_taken"":4561,""archived_at"":""2026-01-12T15:15:36.705117Z"",""completed_at"":""2026-01-12T15:15:36.331000Z"",""participant_id"":""5dd005a9eb39730fc834988f"",""completion_code"":""FDC0MPL3T3"",""total_approvals"":2499,""custom_study_tncs_accepted_at"":""Not Applicable""},""extra_profiling_fields"":[{""id"":""llm_detection_result"",""name"":""Llm detection result"",""value"":""Passed""},{""id"":""ethnicity_simplified"",""name"":""Ethnicity simplified"",""value"":""White""},{""id"":""country_of_birth"",""name"":""Country of birth"",""value"":""United Kingdom""},{""id"":""nationality"",""name"":""Nationality"",""value"":""United Kingdom""},{""id"":""language"",""name"":""Language"",""value"":""English""},{""id"":""student_status"",""name"":""Student status"",""value"":""No""},{""id"":""employment_status"",""name"":""Employment status"",""value"":""Full-Time""}]}",complete,GB,en,dashboard
44ea90be-e54d-5179-aa70-d338b95f8ec6,prolific,c2a0084b-ba78-5c56-a852-4e9362a3da28,b989ed71bd220f1a8912149c1e7bdcc4e01b6b444351c450594a5f201b550065,fd85935397,unbookmarked,33,United Kingdom,Female,"{""panel_metadata"":{""status"":""SCREENED OUT"",""started_at"":""2026-01-12T13:32:58.638000Z"",""time_taken"":3190,""archived_at"":""2026-01-12T14:26:08.081425Z"",""completed_at"":""2026-01-12T14:26:07.743000Z"",""participant_id"":""6658b4ff0f6362e1f068dd84"",""completion_code"":""FD5CR33N0UT"",""total_approvals"":767,""custom_study_tncs_accepted_at"":""Not Applicable""},""extra_profiling_fields"":[{""id"":""llm_detection_result"",""name"":""Llm detection result"",""value"":""Passed""},{""id"":""ethnicity_simplified"",""name"":""Ethnicity simplified"",""value"":""White""},{""id"":""country_of_birth"",""name"":""Country of birth"",""value"":""United Kingdom""},{""id"":""nationality"",""name"":""Nationality"",""value"":""United Kingdom""},{""id"":""language"",""name"":""Language"",""value"":""English""},{""id"":""student_status"",""name"":""Student status"",""value"":""No""},{""id"":""employment_status"",""name"":""Employment status"",""value"":""Not in paid work (e.g. homemaker', 'retired or disabled)""}]}",complete,GB,en,dashboard
44ea90be-e54d-5179-aa70-d338b95f8ec6,prolific,82683ba7-2c5a-5c0f-9314-be6ab32e680b,8488748677cc44a91d3dede3d8b996c1b2a809bfb768f248c2553ab4f21f10fa,fd99762051,unbookmarked,36,United Kingdom,Female,"{""panel_metadata"":{""status"":""AWAITING REVIEW"",""started_at"":""2026-01-12T14:00:14.580000Z"",""time_taken"":5080,""archived_at"":""2026-01-12T15:24:54.279891Z"",""completed_at"":""2026-01-12T15:24:53.948000Z"",""participant_id"":""5d532f8c8d4ab1001d1befe0"",""completion_code"":""FDC0MPL3T3"",""total_approvals"":1133,""custom_study_tncs_accepted_at"":""Not Applicable""},""extra_profiling_fields"":[{""id"":""llm_detection_result"",""name"":""Llm detection result"",""value"":""Passed""},{""id"":""ethnicity_simplified"",""name"":""Ethnicity simplified"",""value"":""White""},{""id"":""country_of_birth"",""name"":""Country of birth"",""value"":""United Kingdom""},{""id"":""nationality"",""name"":""Nationality"",""value"":""United Kingdom""},{""id"":""language"",""name"":""Language"",""value"":""English""},{""id"":""student_status"",""name"":""Student status"",""value"":""No""},{""id"":""employment_status"",""name"":""Employment status"",""value"":""Part-Time""}]}",complete,GB,en,dashboard
44ea90be-e54d-5179-aa70-d338b95f8ec6,prolific,2a63ea86-ef57-5b11-b159-5238f245f65b,088cdda145096228489d33b4cb2ef594160ac99fe282fc4d60b15e2a0561c1fc,fd14549629,unbookmarked,28,United Kingdom,Female,"{""panel_metadata"":{""status"":""AWAITING REVIEW"",""started_at"":""2026-01-12T13:33:20.814000Z"",""time_taken"":5270,""archived_at"":""2026-01-12T15:01:10.748782Z"",""completed_at"":""2026-01-12T15:01:10.391000Z"",""participant_id"":""6147375cffbd8d6d4acc1856"",""completion_code"":""FDC0MPL3T3"",""total_approvals"":344,""custom_study_tncs_accepted_at"":""Not Applicable""},""extra_profiling_fields"":[{""id"":""llm_detection_result"",""name"":""Llm detection result"",""value"":""Passed""},{""id"":""ethnicity_simplified"",""name"":""Ethnicity simplified"",""value"":""White""},{""id"":""country_of_birth"",""name"":""Country of birth"",""value"":""United Kingdom""},{""id"":""nationality"",""name"":""Nationality"",""value"":""United Kingdom""},{""id"":""language"",""name"":""Language"",""value"":""English""},{""id"":""student_status"",""name"":""Student status"",""value"":""No""},{""id"":""employment_status"",""name"":""Employment status"",""value"":""Part-Time""}]}",complete,GB,en,dashboard
44ea90be-e54d-5179-aa70-d338b95f8ec6,prolific,3af56e8a-433d-52bc-be72-dadca59f9d95,ea927b1491b2b273d85eabcdac6f1099503bd19279c462967731c16bca30d7e0,fd13588922,unbookmarked,38,United Kingdom,Male,"{""panel_metadata"":{""status"":""AWAITING REVIEW"",""started_at"":""2026-01-12T13:33:15.125000Z"",""time_taken"":5155,""archived_at"":""2026-01-12T14:59:10.069021Z"",""completed_at"":""2026-01-12T14:59:09.735000Z"",""participant_id"":""5cfbca108483c6001530c04a"",""completion_code"":""FDC0MPL3T3"",""total_approvals"":796,""custom_study_tncs_accepted_at"":""Not Applicable""},""extra_profiling_fields"":[{""id"":""llm_detection_result"",""name"":""Llm detection result"",""value"":""Passed""},{""id"":""ethnicity_simplified"",""name"":""Ethnicity simplified"",""value"":""White""},{""id"":""country_of_birth"",""name"":""Country of birth"",""value"":""United Kingdom""},{""id"":""nationality"",""name"":""Nationality"",""value"":""United Kingdom""},{""id"":""language"",""name"":""Language"",""value"":""English""},{""id"":""student_status"",""name"":""Student status"",""value"":""No""},{""id"":""employment_status"",""name"":""Employment status"",""value"":""Full-Time""}]}",complete,GB,en,dashboard
44ea90be-e54d-5179-aa70-d338b95f8ec6,prolific,37094edc-0be6-5619-90cd-50c6685c0649,ec28a5e84be6e42fac930605d05f8a5637d4f67bb89f9b74b1cccb284f0db23a,fd74246030,unbookmarked,33,United Kingdom,Male,"{""panel_metadata"":{""status"":""AWAITING REVIEW"",""started_at"":""2026-01-12T13:57:41.933000Z"",""time_taken"":4911,""archived_at"":""2026-01-12T15:19:32.739365Z"",""completed_at"":""2026-01-12T15:19:32.366000Z"",""participant_id"":""60cf0d251a90eb823bc9b740"",""completion_code"":""FDC0MPL3T3"",""total_approvals"":5629,""custom_study_tncs_accepted_at"":""Not Applicable""},""extra_profiling_fields"":[{""id"":""llm_detection_result"",""name"":""Llm detection result"",""value"":""Passed""},{""id"":""ethnicity_simplified"",""name"":""Ethnicity simplified"",""value"":""White""},{""id"":""country_of_birth"",""name"":""Country of birth"",""value"":""United Kingdom""},{""id"":""nationality"",""name"":""Nationality"",""value"":""United Kingdom""},{""id"":""language"",""name"":""Language"",""value"":""English""},{""id"":""student_status"",""name"":""Student status"",""value"":""No""},{""id"":""employment_status"",""name"":""Employment status"",""value"":""Full-Time""}]}",complete,GB,en,dashboard
44ea90be-e54d-5179-aa70-d338b95f8ec6,prolific,480f9015-3c0f-5ee3-90ad-22d1ef6ae1ed,7054f4dcc41e468a4604648ab5ba3b44b5283bfce3070307dfc95f1f3608b8fe,fd42824146,unbookmarked,36,United Kingdom,Female,"{""panel_metadata"":{""status"":""AWAITING REVIEW"",""started_at"":""2026-01-12T13:32:44.291000Z"",""time_taken"":4240,""archived_at"":""2026-01-12T14:43:24.006050Z"",""completed_at"":""2026-01-12T14:43:23.667000Z"",""participant_id"":""673c8c2a86f12a6e2c1764a4"",""completion_code"":""FDC0MPL3T3"",""total_approvals"":1765,""custom_study_tncs_accepted_at"":""Not Applicable""},""extra_profiling_fields"":[{""id"":""llm_detection_result"",""name"":""Llm detection result"",""value"":""Passed""},{""id"":""ethnicity_simplified"",""name"":""Ethnicity simplified"",""value"":""Black""},{""id"":""country_of_birth"",""name"":""Country of birth"",""value"":""Nigeria""},{""id"":""nationality"",""name"":""Nationality"",""value"":""Nigeria""},{""id"":""language"",""name"":""Language"",""value"":""English""},{""id"":""employment_status"",""name"":""Employment status"",""value"":""Full-Time""}]}",complete,GB,en,dashboard
44ea90be-e54d-5179-aa70-d338b95f8ec6,prolific,ec785895-f7eb-54b6-8389-203629811d2c,4fce7c2725999a488531467f266be988af7748f5bcc9adbe1c21a3705fdcb6fc,fd12907855,unbookmarked,28,United Kingdom,Female,"{""panel_metadata"":{""status"":""AWAITING REVIEW"",""started_at"":""2026-01-12T14:05:44.681000Z"",""time_taken"":5468,""archived_at"":""2026-01-12T15:36:53.005508Z"",""completed_at"":""2026-01-12T15:36:52.637000Z"",""participant_id"":""60154af277ec314fd8fe1449"",""completion_code"":""FDC0MPL3T3"",""total_approvals"":3397,""custom_study_tncs_accepted_at"":""Not Applicable""},""extra_profiling_fields"":[{""id"":""llm_detection_result"",""name"":""Llm detection result"",""value"":""Passed""},{""id"":""ethnicity_simplified"",""name"":""Ethnicity simplified"",""value"":""White""},{""id"":""country_of_birth"",""name"":""Country of birth"",""value"":""United Kingdom""},{""id"":""nationality"",""name"":""Nationality"",""value"":""United Kingdom""},{""id"":""language"",""name"":""Language"",""value"":""English""},{""id"":""student_status"",""name"":""Student status"",""value"":""No""},{""id"":""employment_status"",""name"":""Employment status"",""value"":""Full-Time""}]}",complete,GB,en,dashboard
44ea90be-e54d-5179-aa70-d338b95f8ec6,prolific,9445ee96-96d3-5043-83e2-3f4209534eb7,dce9d1e6fb3b41ca586c5a4fec7df01d139ae4688235bf97f83501a67dce706d,fd92576017,unbookmarked,37,United Kingdom,Female,"{""panel_metadata"":{""status"":""AWAITING REVIEW"",""started_at"":""2026-01-12T13:40:59.894000Z"",""time_taken"":6315,""archived_at"":""2026-01-12T15:26:15.066743Z"",""completed_at"":""2026-01-12T15:26:14.713000Z"",""participant_id"":""6002f4da172c9b336a44d2c0"",""completion_code"":""FDC0MPL3T3"",""total_approvals"":422,""custom_study_tncs_accepted_at"":""Not Applicable""},""extra_profiling_fields"":[{""id"":""llm_detection_result"",""name"":""Llm detection result"",""value"":""Passed""},{""id"":""ethnicity_simplified"",""name"":""Ethnicity simplified"",""value"":""White""},{""id"":""country_of_birth"",""name"":""Country of birth"",""value"":""United Kingdom""},{""id"":""nationality"",""name"":""Nationality"",""value"":""United Kingdom""},{""id"":""language"",""name"":""Language"",""value"":""English""},{""id"":""student_status"",""name"":""Student status"",""value"":""No""},{""id"":""employment_status"",""name"":""Employment status"",""value"":""Full-Time""}]}",complete,GB,en,dashboard
44ea90be-e54d-5179-aa70-d338b95f8ec6,prolific,0506d556-ef92-5eae-a312-8c7e5f848321,e50037e3b34cdcbbf92c099b671493c56bb0e5c665a6bdc0b5dd07029a20a284,fd12321828,unbookmarked,30,United Kingdom,Female,"{""panel_metadata"":{""status"":""AWAITING REVIEW"",""started_at"":""2026-01-12T13:33:10.342000Z"",""time_taken"":4973,""archived_at"":""2026-01-12T14:56:03.163272Z"",""completed_at"":""2026-01-12T14:56:02.821000Z"",""participant_id"":""5c4d8d706b23ab0001a34af2"",""completion_code"":""FDC0MPL3T3"",""total_approvals"":3454,""custom_study_tncs_accepted_at"":""Not Applicable""},""extra_profiling_fields"":[{""id"":""llm_detection_result"",""name"":""Llm detection result"",""value"":""Passed, Passed""},{""id"":""ethnicity_simplified"",""name"":""Ethnicity simplified"",""value"":""White""},{""id"":""country_of_birth"",""name"":""Country of birth"",""value"":""United Kingdom""},{""id"":""nationality"",""name"":""Nationality"",""value"":""United Kingdom""},{""id"":""language"",""name"":""Language"",""value"":""English""},{""id"":""student_status"",""name"":""Student status"",""value"":""No""},{""id"":""employment_status"",""name"":""Employment status"",""value"":""Unemployed (and job seeking)""}]}",complete,GB,en,dashboard
44ea90be-e54d-5179-aa70-d338b95f8ec6,prolific,c74232ea-8958-577a-bc0e-edd1ac7df02d,d686752646386747bb990861ff626cb1dbe4ec72ee7d05960250fb025526ac67,fd85365540,unbookmarked,35,United Kingdom,Female,"{""panel_metadata"":{""status"":""AWAITING REVIEW"",""started_at"":""2026-01-12T13:33:17.517000Z"",""time_taken"":3964,""archived_at"":""2026-01-12T14:39:21.660672Z"",""completed_at"":""2026-01-12T14:39:21.317000Z"",""participant_id"":""5a33e4a10758280001030ce5"",""completion_code"":""FDC0MPL3T3"",""total_approvals"":2947,""custom_study_tncs_accepted_at"":""Not Applicable""},""extra_profiling_fields"":[{""id"":""llm_detection_result"",""name"":""Llm detection result"",""value"":""Passed""},{""id"":""ethnicity_simplified"",""name"":""Ethnicity simplified"",""value"":""White""},{""id"":""country_of_birth"",""name"":""Country of birth"",""value"":""United Kingdom""},{""id"":""nationality"",""name"":""Nationality"",""value"":""United Kingdom""},{""id"":""language"",""name"":""Language"",""value"":""English""},{""id"":""student_status"",""name"":""Student status"",""value"":""No""},{""id"":""employment_status"",""name"":""Employment status"",""value"":""Full-Time""}]}",complete,GB,en,dashboard
44ea90be-e54d-5179-aa70-d338b95f8ec6,prolific,729cc210-a869-5628-8166-ae5b42b1e41c,f99a690982673444e01f7f91e7e557f3497208057eadfa2f0bdb515e05e05dcc,fd12445641,unbookmarked,31,United Kingdom,Male,"{""panel_metadata"":{""status"":""AWAITING REVIEW"",""started_at"":""2026-01-12T14:05:36.102000Z"",""time_taken"":4222,""archived_at"":""2026-01-12T15:15:58.244437Z"",""completed_at"":""2026-01-12T15:15:57.875000Z"",""participant_id"":""695c0670de1faedbce882831"",""completion_code"":""FDC0MPL3T3"",""total_approvals"":8,""custom_study_tncs_accepted_at"":""Not Applicable""},""extra_profiling_fields"":[{""id"":""llm_detection_result"",""name"":""Llm detection result"",""value"":""Passed""},{""id"":""ethnicity_simplified"",""name"":""Ethnicity simplified"",""value"":""Mixed""},{""id"":""country_of_birth"",""name"":""Country of birth"",""value"":""Hong Kong""},{""id"":""nationality"",""name"":""Nationality"",""value"":""United Kingdom""},{""id"":""language"",""name"":""Language"",""value"":""English""},{""id"":""student_status"",""name"":""Student status"",""value"":""No""},{""id"":""employment_status"",""name"":""Employment status"",""value"":""Full-Time""}]}",complete,GB,en,dashboard
44ea90be-e54d-5179-aa70-d338b95f8ec6,prolific,a29c82b8-b8d7-56d6-a613-a8cb86b8d36c,9266af9ba19d6ad05fe074dc52c4dbab8b0b42b2437b00d5fc5bc2ed3b029171,fd49770938,unbookmarked,32,United Kingdom,Male,"{""panel_metadata"":{""status"":""AWAITING REVIEW"",""started_at"":""2026-01-12T13:34:46.436000Z"",""time_taken"":5804,""archived_at"":""2026-01-12T15:11:30.017751Z"",""completed_at"":""2026-01-12T15:11:29.691000Z"",""participant_id"":""66db5eed3a156e88aaf4ad43"",""completion_code"":""FDC0MPL3T3"",""total_approvals"":1446,""custom_study_tncs_accepted_at"":""Not Applicable""},""extra_profiling_fields"":[{""id"":""llm_detection_result"",""name"":""Llm detection result"",""value"":""Passed""},{""id"":""ethnicity_simplified"",""name"":""Ethnicity simplified"",""value"":""White""},{""id"":""country_of_birth"",""name"":""Country of birth"",""value"":""United Kingdom""},{""id"":""nationality"",""name"":""Nationality"",""value"":""United Kingdom""},{""id"":""language"",""name"":""Language"",""value"":""English""},{""id"":""student_status"",""name"":""Student status"",""value"":""No""},{""id"":""employment_status"",""name"":""Employment status"",""value"":""Full-Time""}]}",complete,GB,en,dashboard
44ea90be-e54d-5179-aa70-d338b95f8ec6,prolific,8ba105c4-b0c5-551d-96bf-c6da3ce09136,f63227b48fc3ece1fea3cb2968e3e7b60ddf9b4e9ea2d802e6992fff301d2501,fd40134360,unbookmarked,37,United Kingdom,Female,"{""panel_metadata"":{""status"":""AWAITING REVIEW"",""started_at"":""2026-01-12T13:33:31.062000Z"",""time_taken"":6011,""archived_at"":""2026-01-12T15:13:41.764035Z"",""completed_at"":""2026-01-12T15:13:41.418000Z"",""participant_id"":""5ed0f2aa83f09c0008dd8b57"",""completion_code"":""FDC0MPL3T3"",""total_approvals"":1563,""custom_study_tncs_accepted_at"":""Not Applicable""},""extra_profiling_fields"":[{""id"":""llm_detection_result"",""name"":""Llm detection result"",""value"":""Passed""},{""id"":""ethnicity_simplified"",""name"":""Ethnicity simplified"",""value"":""White""},{""id"":""country_of_birth"",""name"":""Country of birth"",""value"":""United Kingdom""},{""id"":""nationality"",""name"":""Nationality"",""value"":""United Kingdom""},{""id"":""language"",""name"":""Language"",""value"":""English""},{""id"":""student_status"",""name"":""Student status"",""value"":""No""},{""id"":""employment_status"",""name"":""Employment status"",""value"":""Not in paid work (e.g. homemaker', 'retired or disabled)""}]}",complete,GB,en,dashboard
44ea90be-e54d-5179-aa70-d338b95f8ec6,prolific,abb314df-e229-55cd-996d-6242293ceb01,a2dfa2144827ae200fd5b6cc66d814f475ec2a88af52f139ef7c43afca157c57,fd53374543,unbookmarked,32,United Kingdom,Female,"{""panel_metadata"":{""status"":""AWAITING REVIEW"",""started_at"":""2026-01-12T13:47:10.765000Z"",""time_taken"":4599,""archived_at"":""2026-01-12T15:03:49.230267Z"",""completed_at"":""2026-01-12T15:03:48.846000Z"",""participant_id"":""65e4a6bdde84e615dcac2651"",""completion_code"":""FDC0MPL3T3"",""total_approvals"":672,""custom_study_tncs_accepted_at"":""Not Applicable""},""extra_profiling_fields"":[{""id"":""llm_detection_result"",""name"":""Llm detection result"",""value"":""Passed""},{""id"":""ethnicity_simplified"",""name"":""Ethnicity simplified"",""value"":""White""},{""id"":""country_of_birth"",""name"":""Country of birth"",""value"":""United Kingdom""},{""id"":""nationality"",""name"":""Nationality"",""value"":""United Kingdom""},{""id"":""language"",""name"":""Language"",""value"":""English""},{""id"":""student_status"",""name"":""Student status"",""value"":""Yes""},{""id"":""employment_status"",""name"":""Employment status"",""value"":""Part-Time""}]}",complete,GB,en,dashboard
44ea90be-e54d-5179-aa70-d338b95f8ec6,prolific,043b7c58-54ba-5c4a-9722-4b36a790b57f,d72bfd2945b1b903b2cc3f16e54450d6fe61192de8d749b448abc0e397c94686,fd91885344,unbookmarked,29,United Kingdom,Male,"{""panel_metadata"":{""status"":""AWAITING REVIEW"",""started_at"":""2026-01-12T13:48:42.645000Z"",""time_taken"":6900,""archived_at"":""2026-01-12T19:47:06.993742Z"",""completed_at"":""2026-01-12T15:43:42.258000Z"",""participant_id"":""67ad2a2a71895bd3ece87c4d"",""completion_code"":""FDC0MPL3T3"",""total_approvals"":1136,""custom_study_tncs_accepted_at"":""Not Applicable""},""extra_profiling_fields"":[{""id"":""llm_detection_result"",""name"":""Llm detection result"",""value"":""Passed""},{""id"":""ethnicity_simplified"",""name"":""Ethnicity simplified"",""value"":""White""},{""id"":""country_of_birth"",""name"":""Country of birth"",""value"":""United Kingdom""},{""id"":""nationality"",""name"":""Nationality"",""value"":""United Kingdom""},{""id"":""language"",""name"":""Language"",""value"":""English""},{""id"":""student_status"",""name"":""Student status"",""value"":""No""},{""id"":""employment_status"",""name"":""Employment status"",""value"":""Full-Time""}]}",complete,GB,en,dashboard
44ea90be-e54d-5179-aa70-d338b95f8ec6,prolific,38bedf69-3b75-5cdc-83c4-cb73f2bf39d2,3d502e592f5133b6cfaef72b2d715de6609a016c494a2d51c3914931a354abcb,fd79157928,unbookmarked,37,United Kingdom,Male,"{""panel_metadata"":{""status"":""AWAITING REVIEW"",""started_at"":""2026-01-12T13:32:59.448000Z"",""time_taken"":4514,""archived_at"":""2026-01-12T14:48:13.214160Z"",""completed_at"":""2026-01-12T14:48:12.844000Z"",""participant_id"":""665aeb63082e8340b28b69ac"",""completion_code"":""FDC0MPL3T3"",""total_approvals"":872,""custom_study_tncs_accepted_at"":""Not Applicable""},""extra_profiling_fields"":[{""id"":""llm_detection_result"",""name"":""Llm detection result"",""value"":""Passed""},{""id"":""ethnicity_simplified"",""name"":""Ethnicity simplified"",""value"":""White""},{""id"":""country_of_birth"",""name"":""Country of birth"",""value"":""United States""},{""id"":""nationality"",""name"":""Nationality"",""value"":""United Kingdom""},{""id"":""language"",""name"":""Language"",""value"":""English""},{""id"":""student_status"",""name"":""Student status"",""value"":""No""},{""id"":""employment_status"",""name"":""Employment status"",""value"":""Full-Time""}]}",complete,GB,en,dashboard
44ea90be-e54d-5179-aa70-d338b95f8ec6,prolific,5b784cab-4be8-5620-a298-9c4f1d4f31d7,375ff2a696e24a744d196f6e67a14c7c8c9697a6c5b65783cdf776c09cf9f87c,fd54449190,unbookmarked,38,United Kingdom,Male,"{""panel_metadata"":{""status"":""AWAITING REVIEW"",""started_at"":""2026-01-12T13:41:23.607000Z"",""time_taken"":4072,""archived_at"":""2026-01-12T14:49:15.569101Z"",""completed_at"":""2026-01-12T14:49:15.201000Z"",""participant_id"":""5daa50967776b10016e1bc9b"",""completion_code"":""FDC0MPL3T3"",""total_approvals"":3058,""custom_study_tncs_accepted_at"":""Not Applicable""},""extra_profiling_fields"":[{""id"":""llm_detection_result"",""name"":""Llm detection result"",""value"":""Passed""},{""id"":""ethnicity_simplified"",""name"":""Ethnicity simplified"",""value"":""White""},{""id"":""country_of_birth"",""name"":""Country of birth"",""value"":""United Kingdom""},{""id"":""nationality"",""name"":""Nationality"",""value"":""United Kingdom""},{""id"":""language"",""name"":""Language"",""value"":""English""},{""id"":""student_status"",""name"":""Student status"",""value"":""No""},{""id"":""employment_status"",""name"":""Employment status"",""value"":""Full-Time""}]}",complete,GB,en,dashboard
44ea90be-e54d-5179-aa70-d338b95f8ec6,prolific,4d18eb71-43af-5e2d-88ba-3909d052b8b7,ff001cc62c432de09b8d9ea5cefb2506f7d6bbaeaff394065f9d158af69d2159,fd25927344,unbookmarked,28,United Kingdom,Male,"{""panel_metadata"":{""status"":""AWAITING REVIEW"",""started_at"":""2026-01-12T13:58:41.546000Z"",""time_taken"":4252,""archived_at"":""2026-01-12T15:09:33.430181Z"",""completed_at"":""2026-01-12T15:09:33.101000Z"",""participant_id"":""65e08e32f7c90526fbd6bc18"",""completion_code"":""FDC0MPL3T3"",""total_approvals"":1086,""custom_study_tncs_accepted_at"":""Not Applicable""},""extra_profiling_fields"":[{""id"":""llm_detection_result"",""name"":""Llm detection result"",""value"":""Passed""},{""id"":""ethnicity_simplified"",""name"":""Ethnicity simplified"",""value"":""White""},{""id"":""country_of_birth"",""name"":""Country of birth"",""value"":""United Kingdom""},{""id"":""nationality"",""name"":""Nationality"",""value"":""United Kingdom""},{""id"":""language"",""name"":""Language"",""value"":""English""},{""id"":""student_status"",""name"":""Student status"",""value"":""No""},{""id"":""employment_status"",""name"":""Employment status"",""value"":""Full-Time""}]}",complete,GB,en,dashboard
44ea90be-e54d-5179-aa70-d338b95f8ec6,prolific,8c20e073-871d-55ea-a556-ec74510d075a,ed756cb035a1210f5de5418c93cbee4c05ff55fe2646a27a8dcc00a72ddd0661,fd20546541,unbookmarked,33,United Kingdom,Female,"{""panel_metadata"":{""status"":""AWAITING REVIEW"",""started_at"":""2026-01-12T13:32:17.483000Z"",""time_taken"":3212,""archived_at"":""2026-01-12T14:25:48.937233Z"",""completed_at"":""2026-01-12T14:25:48.591000Z"",""participant_id"":""59cb95053306be000195be2e"",""completion_code"":""FDC0MPL3T3"",""total_approvals"":3644,""custom_study_tncs_accepted_at"":""Not Applicable""},""extra_profiling_fields"":[{""id"":""llm_detection_result"",""name"":""Llm detection result"",""value"":""Passed""},{""id"":""ethnicity_simplified"",""name"":""Ethnicity simplified"",""value"":""White""},{""id"":""country_of_birth"",""name"":""Country of birth"",""value"":""United Kingdom""},{""id"":""nationality"",""name"":""Nationality"",""value"":""United Kingdom""},{""id"":""language"",""name"":""Language"",""value"":""English""},{""id"":""student_status"",""name"":""Student status"",""value"":""No""},{""id"":""employment_status"",""name"":""Employment status"",""value"":""Other""}]}",complete,GB,en,dashboard
44ea90be-e54d-5179-aa70-d338b95f8ec6,prolific,1047d862-9821-56f3-b45c-63dc371f1020,353a9fce0e8f6fdf89d5528d54617175474eb901250ec9db65c961363fbeeebb,fd00351564,unbookmarked,35,United Kingdom,Female,"{""panel_metadata"":{""status"":""AWAITING REVIEW"",""started_at"":""2026-01-12T13:34:12.258000Z"",""time_taken"":5244,""archived_at"":""2026-01-12T15:01:35.679471Z"",""completed_at"":""2026-01-12T15:01:35.318000Z"",""participant_id"":""57c74977b23f0e000182dc3f"",""completion_code"":""FDC0MPL3T3"",""total_approvals"":2261,""custom_study_tncs_accepted_at"":""Not Applicable""},""extra_profiling_fields"":[{""id"":""llm_detection_result"",""name"":""Llm detection result"",""value"":""Passed""},{""id"":""ethnicity_simplified"",""name"":""Ethnicity simplified"",""value"":""White""},{""id"":""country_of_birth"",""name"":""Country of birth"",""value"":""United Kingdom""},{""id"":""nationality"",""name"":""Nationality"",""value"":""United Kingdom""},{""id"":""language"",""name"":""Language"",""value"":""English""},{""id"":""student_status"",""name"":""Student status"",""value"":""No""},{""id"":""employment_status"",""name"":""Employment status"",""value"":""Full-Time""}]}",complete,GB,en,dashboard
44ea90be-e54d-5179-aa70-d338b95f8ec6,prolific,a25a88c2-92e3-5ec0-a3f6-fca60bec7d47,e178553b8401f52d55563634dc912d7ff118736ecc14acb8c3d42bc15c14e551,fd77690964,unbookmarked,31,United Kingdom,Male,"{""panel_metadata"":{""status"":""AWAITING REVIEW"",""started_at"":""2026-01-12T13:34:11.559000Z"",""time_taken"":5556,""archived_at"":""2026-01-12T15:06:47.384180Z"",""completed_at"":""2026-01-12T15:06:47.023000Z"",""participant_id"":""67045f273ed1a494b6504788"",""completion_code"":""FDC0MPL3T3"",""total_approvals"":595,""custom_study_tncs_accepted_at"":""Not Applicable""},""extra_profiling_fields"":[{""id"":""llm_detection_result"",""name"":""Llm detection result"",""value"":""Passed""},{""id"":""ethnicity_simplified"",""name"":""Ethnicity simplified"",""value"":""Asian""},{""id"":""country_of_birth"",""name"":""Country of birth"",""value"":""United Kingdom""},{""id"":""nationality"",""name"":""Nationality"",""value"":""United Kingdom""},{""id"":""language"",""name"":""Language"",""value"":""English""},{""id"":""student_status"",""name"":""Student status"",""value"":""No""},{""id"":""employment_status"",""name"":""Employment status"",""value"":""Full-Time""}]}",complete,GB,en,dashboard
44ea90be-e54d-5179-aa70-d338b95f8ec6,prolific,aca435eb-2c86-551f-ae01-4fd8e86b978a,1819b1dc1be0f88c68a8cd82f1822c3c137469788f35f6abe7e1f71810510b33,fd93250443,unbookmarked,28,United Kingdom,Female,"{""panel_metadata"":{""status"":""AWAITING REVIEW"",""started_at"":""2026-01-12T13:33:10.002000Z"",""time_taken"":5474,""archived_at"":""2026-01-12T15:04:23.671373Z"",""completed_at"":""2026-01-12T15:04:23.286000Z"",""participant_id"":""6658b7f9f1e9209af5f89d34"",""completion_code"":""FDC0MPL3T3"",""total_approvals"":308,""custom_study_tncs_accepted_at"":""Not Applicable""},""extra_profiling_fields"":[{""id"":""llm_detection_result"",""name"":""Llm detection result"",""value"":""Passed""},{""id"":""ethnicity_simplified"",""name"":""Ethnicity simplified"",""value"":""White""},{""id"":""country_of_birth"",""name"":""Country of birth"",""value"":""United Kingdom""},{""id"":""nationality"",""name"":""Nationality"",""value"":""United Kingdom""},{""id"":""language"",""name"":""Language"",""value"":""English""},{""id"":""student_status"",""name"":""Student status"",""value"":""No""},{""id"":""employment_status"",""name"":""Employment status"",""value"":""Not in paid work (e.g. homemaker', 'retired or disabled)""}]}",complete,GB,en,dashboard
44ea90be-e54d-5179-aa70-d338b95f8ec6,prolific,b3e7f841-606b-561b-8884-fc6d655068a2,ed84053d5aba9442f617a5cc24591050c13941d4587fa1889fc48abb393f0839,fd50369188,unbookmarked,30,United Kingdom,Male,"{""panel_metadata"":{""status"":""AWAITING REVIEW"",""started_at"":""2026-01-12T13:34:40.282000Z"",""time_taken"":4576,""archived_at"":""2026-01-12T14:50:55.627804Z"",""completed_at"":""2026-01-12T14:50:55.295000Z"",""participant_id"":""63469a362ae94cb99d4fd99a"",""completion_code"":""FDC0MPL3T3"",""total_approvals"":1753,""custom_study_tncs_accepted_at"":""Not Applicable""},""extra_profiling_fields"":[{""id"":""llm_detection_result"",""name"":""Llm detection result"",""value"":""Passed""},{""id"":""ethnicity_simplified"",""name"":""Ethnicity simplified"",""value"":""White""},{""id"":""country_of_birth"",""name"":""Country of birth"",""value"":""United Kingdom""},{""id"":""nationality"",""name"":""Nationality"",""value"":""United Kingdom""},{""id"":""language"",""name"":""Language"",""value"":""English""},{""id"":""student_status"",""name"":""Student status"",""value"":""No""},{""id"":""employment_status"",""name"":""Employment status"",""value"":""Full-Time""}]}",complete,GB,en,dashboard
44ea90be-e54d-5179-aa70-d338b95f8ec6,prolific,f47700ae-db2c-5a68-93ab-20a1de57723b,b02248d047776994ab31d2f519f923027533cf9bf07efa235bf1c2ff78ff2dc8,fd35797214,unbookmarked,36,United Kingdom,Female,"{""panel_metadata"":{""status"":""AWAITING REVIEW"",""started_at"":""2026-01-12T13:54:41.691000Z"",""time_taken"":4227,""archived_at"":""2026-01-12T15:05:08.754619Z"",""completed_at"":""2026-01-12T15:05:08.399000Z"",""participant_id"":""6671adcf4074ec7382ad560e"",""completion_code"":""FDC0MPL3T3"",""total_approvals"":798,""custom_study_tncs_accepted_at"":""Not Applicable""},""extra_profiling_fields"":[{""id"":""llm_detection_result"",""name"":""Llm detection result"",""value"":""Passed""},{""id"":""ethnicity_simplified"",""name"":""Ethnicity simplified"",""value"":""Black""},{""id"":""country_of_birth"",""name"":""Country of birth"",""value"":""United Kingdom""},{""id"":""nationality"",""name"":""Nationality"",""value"":""United Kingdom""},{""id"":""language"",""name"":""Language"",""value"":""English""},{""id"":""student_status"",""name"":""Student status"",""value"":""No""},{""id"":""employment_status"",""name"":""Employment status"",""value"":""Not in paid work (e.g. homemaker', 'retired or disabled)""}]}",complete,GB,en,dashboard
44ea90be-e54d-5179-aa70-d338b95f8ec6,prolific,c8720735-92fe-56b1-9453-6b32a89cefba,da11c655d7075ada06ab092f3c61f22dcbc2ac74f9aa75da916ea0f79311ee1f,fd12393792,unbookmarked,29,United Kingdom,Female,"{""panel_metadata"":{""status"":""AWAITING REVIEW"",""started_at"":""2026-01-12T13:36:44.560000Z"",""time_taken"":5507,""archived_at"":""2026-01-12T15:08:31.854917Z"",""completed_at"":""2026-01-12T15:08:31.520000Z"",""participant_id"":""5c59d4b3a02a200001f9b8c4"",""completion_code"":""FDC0MPL3T3"",""total_approvals"":652,""custom_study_tncs_accepted_at"":""Not Applicable""},""extra_profiling_fields"":[{""id"":""llm_detection_result"",""name"":""Llm detection result"",""value"":""Passed""},{""id"":""ethnicity_simplified"",""name"":""Ethnicity simplified"",""value"":""White""},{""id"":""country_of_birth"",""name"":""Country of birth"",""value"":""United Kingdom""},{""id"":""nationality"",""name"":""Nationality"",""value"":""United Kingdom""},{""id"":""language"",""name"":""Language"",""value"":""English""},{""id"":""student_status"",""name"":""Student status"",""value"":""No""},{""id"":""employment_status"",""name"":""Employment status"",""value"":""Part-Time""}]}",complete,GB,en,dashboard
44ea90be-e54d-5179-aa70-d338b95f8ec6,prolific,82cb9e46-b948-5424-b0fe-5702d8232919,9231d868a725477d047faaeba6ea816305f1ad272e42eca79b2a82320a316b99,fd69812368,unbookmarked,36,United Kingdom,Female,"{""panel_metadata"":{""status"":""AWAITING REVIEW"",""started_at"":""2026-01-12T13:36:05.782000Z"",""time_taken"":4835,""archived_at"":""2026-01-12T14:56:40.307989Z"",""completed_at"":""2026-01-12T14:56:39.976000Z"",""participant_id"":""5e2881eaa9af590560d04047"",""completion_code"":""FDC0MPL3T3"",""total_approvals"":1478,""custom_study_tncs_accepted_at"":""Not Applicable""},""extra_profiling_fields"":[{""id"":""llm_detection_result"",""name"":""Llm detection result"",""value"":""Passed""},{""id"":""ethnicity_simplified"",""name"":""Ethnicity simplified"",""value"":""White""},{""id"":""country_of_birth"",""name"":""Country of birth"",""value"":""United Kingdom""},{""id"":""nationality"",""name"":""Nationality"",""value"":""United Kingdom""},{""id"":""language"",""name"":""Language"",""value"":""English""},{""id"":""student_status"",""name"":""Student status"",""value"":""No""},{""id"":""employment_status"",""name"":""Employment status"",""value"":""Part-Time""}]}",complete,GB,en,dashboard
44ea90be-e54d-5179-aa70-d338b95f8ec6,prolific,76f01f60-c675-52d5-a224-c68d6cb0f62b,188ce2e519c1d18902b0f2ced31364d903c3ed5a75df5fb6682dbb522b9f0c57,fd35795490,unbookmarked,34,United Kingdom,Male,"{""panel_metadata"":{""status"":""AWAITING REVIEW"",""started_at"":""2026-01-12T13:56:41.896000Z"",""time_taken"":5115,""archived_at"":""2026-01-12T15:21:57.116422Z"",""completed_at"":""2026-01-12T15:21:56.788000Z"",""participant_id"":""676142fa1f9c3ccacb08b548"",""completion_code"":""FDC0MPL3T3"",""total_approvals"":173,""custom_study_tncs_accepted_at"":""Not Applicable""},""extra_profiling_fields"":[{""id"":""llm_detection_result"",""name"":""Llm detection result"",""value"":""Passed""},{""id"":""ethnicity_simplified"",""name"":""Ethnicity simplified"",""value"":""White""},{""id"":""country_of_birth"",""name"":""Country of birth"",""value"":""United Kingdom""},{""id"":""nationality"",""name"":""Nationality"",""value"":""United Kingdom""},{""id"":""language"",""name"":""Language"",""value"":""English""}]}",complete,GB,en,dashboard
44ea90be-e54d-5179-aa70-d338b95f8ec6,prolific,200aad83-7fb2-582a-bb77-ce9cfc638f7d,33a5003280aba769143530019488957f327c8029a13b8d738b4c5e7b95da73d7,fd41523610,unbookmarked,30,United Kingdom,Female,"{""panel_metadata"":{""status"":""AWAITING REVIEW"",""started_at"":""2026-01-12T13:47:17.330000Z"",""time_taken"":4984,""archived_at"":""2026-01-12T15:10:21.629605Z"",""completed_at"":""2026-01-12T15:10:21.286000Z"",""participant_id"":""5d51496d0d608800192c7a6c"",""completion_code"":""FDCOMPL3T3"",""total_approvals"":755,""custom_study_tncs_accepted_at"":""Not Applicable""},""extra_profiling_fields"":[{""id"":""llm_detection_result"",""name"":""Llm detection result"",""value"":""Passed""},{""id"":""ethnicity_simplified"",""name"":""Ethnicity simplified"",""value"":""White""},{""id"":""country_of_birth"",""name"":""Country of birth"",""value"":""United Kingdom""},{""id"":""nationality"",""name"":""Nationality"",""value"":""United Kingdom""},{""id"":""language"",""name"":""Language"",""value"":""English""},{""id"":""student_status"",""name"":""Student status"",""value"":""No""},{""id"":""employment_status"",""name"":""Employment status"",""value"":""Part-Time""}]}",complete,GB,en,dashboard
44ea90be-e54d-5179-aa70-d338b95f8ec6,prolific,8e1742af-dcd5-53cd-bd6b-2b1b705aef1b,73ba872ea189552c1a914ccf00bb2d7208ba30f1ce25a26d4dded66d7ef5b6fd,fd60745779,unbookmarked,30,United Kingdom,Male,"{""panel_metadata"":{""status"":""AWAITING REVIEW"",""started_at"":""2026-01-12T14:49:46.177000Z"",""time_taken"":3354,""archived_at"":""2026-01-12T15:45:39.972215Z"",""completed_at"":""2026-01-12T15:45:39.597000Z"",""participant_id"":""63d50bed33ba8cb1b9794938"",""completion_code"":""FDC0MPL3T3"",""total_approvals"":2575,""custom_study_tncs_accepted_at"":""Not Applicable""},""extra_profiling_fields"":[{""id"":""llm_detection_result"",""name"":""Llm detection result"",""value"":""Passed""},{""id"":""ethnicity_simplified"",""name"":""Ethnicity simplified"",""value"":""Mixed""},{""id"":""country_of_birth"",""name"":""Country of birth"",""value"":""United Kingdom""},{""id"":""nationality"",""name"":""Nationality"",""value"":""United Kingdom""},{""id"":""language"",""name"":""Language"",""value"":""English""},{""id"":""student_status"",""name"":""Student status"",""value"":""No""},{""id"":""employment_status"",""name"":""Employment status"",""value"":""Other""}]}",complete,GB,en,dashboard
44ea90be-e54d-5179-aa70-d338b95f8ec6,prolific,081019e4-243b-550e-9f0c-96263217ddfe,ef02b33d6f6e8e5400c7f2a25a6daab1a3b93a170807db5d9d2db5638d3c6250,fd45974849,unbookmarked,36,United Kingdom,Female,"{""panel_metadata"":{""status"":""AWAITING REVIEW"",""started_at"":""2026-01-12T13:34:15.714000Z"",""time_taken"":7616,""archived_at"":""2026-01-12T15:41:12.021201Z"",""completed_at"":""2026-01-12T15:41:11.510000Z"",""participant_id"":""63d14182ea5d1b54840bc1e6"",""completion_code"":""FDC0MPL3T3"",""total_approvals"":1026,""custom_study_tncs_accepted_at"":""Not Applicable""},""extra_profiling_fields"":[{""id"":""llm_detection_result"",""name"":""Llm detection result"",""value"":""Passed""},{""id"":""ethnicity_simplified"",""name"":""Ethnicity simplified"",""value"":""Black""},{""id"":""country_of_birth"",""name"":""Country of birth"",""value"":""United Kingdom""},{""id"":""nationality"",""name"":""Nationality"",""value"":""United Kingdom""},{""id"":""language"",""name"":""Language"",""value"":""English""},{""id"":""student_status"",""name"":""Student status"",""value"":""No""},{""id"":""employment_status"",""name"":""Employment status"",""value"":""Other""}]}",complete,GB,en,dashboard
44ea90be-e54d-5179-aa70-d338b95f8ec6,prolific,889f9a8c-c3b4-5275-a5e0-7e475886da21,1155bdd89d43ebbdae64451ec3c216e24a52f31369886dcbc1af8f4fdd9872ee,fd47960284,unbookmarked,34,United Kingdom,Female,"{""panel_metadata"":{""status"":""AWAITING REVIEW"",""started_at"":""2026-01-12T13:35:43.692000Z"",""time_taken"":5489,""archived_at"":""2026-01-12T15:07:12.882839Z"",""completed_at"":""2026-01-12T15:07:12.532000Z"",""participant_id"":""601bd7b6f176775ca8d0cd76"",""completion_code"":""FDC0MPL3T3"",""total_approvals"":1894,""custom_study_tncs_accepted_at"":""Not Applicable""},""extra_profiling_fields"":[{""id"":""llm_detection_result"",""name"":""Llm detection result"",""value"":""Passed""},{""id"":""ethnicity_simplified"",""name"":""Ethnicity simplified"",""value"":""White""},{""id"":""country_of_birth"",""name"":""Country of birth"",""value"":""United Kingdom""},{""id"":""nationality"",""name"":""Nationality"",""value"":""United Kingdom""},{""id"":""language"",""name"":""Language"",""value"":""English""},{""id"":""student_status"",""name"":""Student status"",""value"":""No""},{""id"":""employment_status"",""name"":""Employment status"",""value"":""Full-Time""}]}",complete,GB,en,dashboard
44ea90be-e54d-5179-aa70-d338b95f8ec6,prolific,210cab11-6ff0-59f3-a294-1b999fb6d65c,a5165c1b4543ccc252680a87955cede59e9d0d0a9935c20f1fe2b7088fd649eb,fd05560494,unbookmarked,39,United Kingdom,Male,"{""panel_metadata"":{""status"":""AWAITING REVIEW"",""started_at"":""2026-01-12T13:50:46.689000Z"",""time_taken"":4912,""archived_at"":""2026-01-12T15:12:38.216154Z"",""completed_at"":""2026-01-12T15:12:37.865000Z"",""participant_id"":""5b82e33f184f45000155f0ba"",""completion_code"":""FDC0MPL3T3"",""total_approvals"":1993,""custom_study_tncs_accepted_at"":""Not Applicable""},""extra_profiling_fields"":[{""id"":""llm_detection_result"",""name"":""Llm detection result"",""value"":""Passed""},{""id"":""ethnicity_simplified"",""name"":""Ethnicity simplified"",""value"":""White""},{""id"":""country_of_birth"",""name"":""Country of birth"",""value"":""United Kingdom""},{""id"":""nationality"",""name"":""Nationality"",""value"":""United Kingdom""},{""id"":""language"",""name"":""Language"",""value"":""English""},{""id"":""student_status"",""name"":""Student status"",""value"":""No""},{""id"":""employment_status"",""name"":""Employment status"",""value"":""Not in paid work (e.g. homemaker', 'retired or disabled)""}]}",complete,GB,en,dashboard
44ea90be-e54d-5179-aa70-d338b95f8ec6,prolific,961efd9f-62a4-5fa0-826e-7bb55922284b,d92d1715ec459b124314433f56c7f4b0ab6d72b53dfa7b6bc0ff05b39f1ef850,fd85179808,unbookmarked,26,United Kingdom,Female,"{""panel_metadata"":{""status"":""AWAITING REVIEW"",""started_at"":""2026-01-12T13:45:35.216000Z"",""time_taken"":5739,""archived_at"":""2026-01-12T15:21:13.865071Z"",""completed_at"":""2026-01-12T15:21:13.515000Z"",""participant_id"":""5a7226d9f660ae0001a9a547"",""completion_code"":""FDC0MPL3T3"",""total_approvals"":5005,""custom_study_tncs_accepted_at"":""Not Applicable""},""extra_profiling_fields"":[{""id"":""llm_detection_result"",""name"":""Llm detection result"",""value"":""Passed""},{""id"":""ethnicity_simplified"",""name"":""Ethnicity simplified"",""value"":""White""},{""id"":""country_of_birth"",""name"":""Country of birth"",""value"":""United Kingdom""},{""id"":""nationality"",""name"":""Nationality"",""value"":""United Kingdom""},{""id"":""language"",""name"":""Language"",""value"":""English""},{""id"":""student_status"",""name"":""Student status"",""value"":""No""},{""id"":""employment_status"",""name"":""Employment status"",""value"":""Part-Time""}]}",complete,GB,en,dashboard
44ea90be-e54d-5179-aa70-d338b95f8ec6,prolific,1254450b-b92c-5488-9c2e-f4b52c67cb87,691be90e081bcab9d1e9bee3fd5f9d54313b8d58162bb4813ec7c25b126b3166,fd58042338,unbookmarked,31,United Kingdom,Female,"{""panel_metadata"":{""status"":""AWAITING REVIEW"",""started_at"":""2026-01-12T13:43:01.514000Z"",""time_taken"":4282,""archived_at"":""2026-01-12T14:54:23.526532Z"",""completed_at"":""2026-01-12T14:54:23.127000Z"",""participant_id"":""66a8e5cfc411f4b77b49dff3"",""completion_code"":""FDC0MPL3T3"",""total_approvals"":701,""custom_study_tncs_accepted_at"":""Not Applicable""},""extra_profiling_fields"":[{""id"":""llm_detection_result"",""name"":""Llm detection result"",""value"":""Passed""},{""id"":""ethnicity_simplified"",""name"":""Ethnicity simplified"",""value"":""White""},{""id"":""country_of_birth"",""name"":""Country of birth"",""value"":""Poland""},{""id"":""nationality"",""name"":""Nationality"",""value"":""Poland""},{""id"":""language"",""name"":""Language"",""value"":""Polish""},{""id"":""student_status"",""name"":""Student status"",""value"":""Yes""},{""id"":""employment_status"",""name"":""Employment status"",""value"":""Full-Time""}]}",complete,GB,en,dashboard
44ea90be-e54d-5179-aa70-d338b95f8ec6,prolific,bd040c38-4b09-51dd-8723-b5708d1da4c9,15d1d5d919870aad773cbec4ed5c840671fbcd2f4e500667d6172806bf2583f0,fd65808606,unbookmarked,33,United Kingdom,Male,"{""panel_metadata"":{""status"":""AWAITING REVIEW"",""started_at"":""2026-01-12T13:33:26.369000Z"",""time_taken"":5332,""archived_at"":""2026-01-12T15:02:18.343348Z"",""completed_at"":""2026-01-12T15:02:17.988000Z"",""participant_id"":""608d247fc141c8230ce3ebdc"",""completion_code"":""FDC0MPL3T3"",""total_approvals"":3026,""custom_study_tncs_accepted_at"":""Not Applicable""},""extra_profiling_fields"":[{""id"":""llm_detection_result"",""name"":""Llm detection result"",""value"":""Passed""},{""id"":""ethnicity_simplified"",""name"":""Ethnicity simplified"",""value"":""White""},{""id"":""country_of_birth"",""name"":""Country of birth"",""value"":""United Kingdom""},{""id"":""nationality"",""name"":""Nationality"",""value"":""United Kingdom""},{""id"":""language"",""name"":""Language"",""value"":""English""},{""id"":""employment_status"",""name"":""Employment status"",""value"":""Full-Time""}]}",complete,GB,en,dashboard
44ea90be-e54d-5179-aa70-d338b95f8ec6,prolific,09040c72-9c98-5ebf-a4a0-a7470eed77b3,8c98be4b95860e6d45ce165183fbc9f22b430125f6d9820e056a3150c5c8f13e,fd70060198,unbookmarked,36,United Kingdom,Female,"{""panel_metadata"":{""status"":""AWAITING REVIEW"",""started_at"":""2026-01-12T13:33:07.667000Z"",""time_taken"":3867,""archived_at"":""2026-01-12T14:37:34.034883Z"",""completed_at"":""2026-01-12T14:37:33.715000Z"",""participant_id"":""6773e0c2bb0187b6ecc2c835"",""completion_code"":""FDC0MPL3T3"",""total_approvals"":646,""custom_study_tncs_accepted_at"":""Not Applicable""},""extra_profiling_fields"":[{""id"":""llm_detection_result"",""name"":""Llm detection result"",""value"":""Passed""},{""id"":""ethnicity_simplified"",""name"":""Ethnicity simplified"",""value"":""White""},{""id"":""country_of_birth"",""name"":""Country of birth"",""value"":""United Kingdom""},{""id"":""nationality"",""name"":""Nationality"",""value"":""United Kingdom""},{""id"":""language"",""name"":""Language"",""value"":""English""},{""id"":""student_status"",""name"":""Student status"",""value"":""No""},{""id"":""employment_status"",""name"":""Employment status"",""value"":""Full-Time""}]}",complete,GB,en,dashboard
44ea90be-e54d-5179-aa70-d338b95f8ec6,prolific,cdbc56a6-f656-5cd0-a910-e033ab5b6c90,c90818a0a5750ffeda92e8f5e051c2269b69327a22c7623b0ecbb40bffb31053,fd04658777,unbookmarked,33,United Kingdom,Male,"{""panel_metadata"":{""status"":""AWAITING REVIEW"",""started_at"":""2026-01-12T14:55:18.969000Z"",""time_taken"":3989,""archived_at"":""2026-01-12T16:01:47.441149Z"",""completed_at"":""2026-01-12T16:01:47.087000Z"",""participant_id"":""5a65ea8363394a000155745d"",""completion_code"":""FDC0MPL3T3"",""total_approvals"":645,""custom_study_tncs_accepted_at"":""Not Applicable""},""extra_profiling_fields"":[{""id"":""llm_detection_result"",""name"":""Llm detection result"",""value"":""Passed""},{""id"":""ethnicity_simplified"",""name"":""Ethnicity simplified"",""value"":""White""},{""id"":""country_of_birth"",""name"":""Country of birth"",""value"":""United Kingdom""},{""id"":""nationality"",""name"":""Nationality"",""value"":""United Kingdom""},{""id"":""language"",""name"":""Language"",""value"":""English""},{""id"":""student_status"",""name"":""Student status"",""value"":""No""},{""id"":""employment_status"",""name"":""Employment status"",""value"":""Full-Time""}]}",complete,GB,en,dashboard
44ea90be-e54d-5179-aa70-d338b95f8ec6,prolific,39e950d4-c727-59d3-b01a-01c63bc05291,2616bffb5cd99c030dc77dad1f9f9f969eb2a9eb7e9caf7e2cee61df97af6f3c,fd82661152,unbookmarked,26,United Kingdom,Female,"{""panel_metadata"":{""status"":""AWAITING REVIEW"",""started_at"":""2026-01-12T13:38:25.842000Z"",""time_taken"":4083,""archived_at"":""2026-01-12T17:45:17.435977Z"",""completed_at"":""2026-01-12T14:46:27.910000Z"",""participant_id"":""63679fd4fb0f44046541ae25"",""completion_code"":""Study much longer than advertiseds 1 hour+ not ending yet"",""total_approvals"":557,""custom_study_tncs_accepted_at"":""Not Applicable""},""extra_profiling_fields"":[{""id"":""llm_detection_result"",""name"":""Llm detection result"",""value"":""Passed""},{""id"":""ethnicity_simplified"",""name"":""Ethnicity simplified"",""value"":""White""},{""id"":""country_of_birth"",""name"":""Country of birth"",""value"":""United Kingdom""},{""id"":""nationality"",""name"":""Nationality"",""value"":""United Kingdom""},{""id"":""language"",""name"":""Language"",""value"":""English""},{""id"":""student_status"",""name"":""Student status"",""value"":""No""},{""id"":""employment_status"",""name"":""Employment status"",""value"":""Full-Time""}]}",complete,GB,en,dashboard
44ea90be-e54d-5179-aa70-d338b95f8ec6,prolific,f87fbdd6-a6a1-5571-9856-f7cea2bf7dfa,548190fe6d7ef1cca366fd6a1a3a1c33eaddd4393fc4509e357678071f1f68e7,fd89998888,unbookmarked,32,United Kingdom,Female,"{""panel_metadata"":{""status"":""AWAITING REVIEW"",""started_at"":""2026-01-12T13:53:55.415000Z"",""time_taken"":5089,""archived_at"":""2026-01-12T15:18:44.198388Z"",""completed_at"":""2026-01-12T15:18:43.834000Z"",""participant_id"":""571ca064e1d2ec0009a687eb"",""completion_code"":""FDC0MPL3T3"",""total_approvals"":1253,""custom_study_tncs_accepted_at"":""Not Applicable""},""extra_profiling_fields"":[{""id"":""llm_detection_result"",""name"":""Llm detection result"",""value"":""Passed""},{""id"":""ethnicity_simplified"",""name"":""Ethnicity simplified"",""value"":""Black""},{""id"":""country_of_birth"",""name"":""Country of birth"",""value"":""United Kingdom""},{""id"":""nationality"",""name"":""Nationality"",""value"":""United Kingdom""},{""id"":""language"",""name"":""Language"",""value"":""English""},{""id"":""student_status"",""name"":""Student status"",""value"":""No""},{""id"":""employment_status"",""name"":""Employment status"",""value"":""Full-Time""}]}",complete,GB,en,dashboard
44ea90be-e54d-5179-aa70-d338b95f8ec6,prolific,7c4fb48b-52b8-5cac-a54a-30ad17433760,bf8c2cac98e8cbcf822dd970e9f457a1f10f1f60f02411e27267eca6e46d071b,fd58415522,unbookmarked,38,United Kingdom,Female,"{""panel_metadata"":{""status"":""AWAITING REVIEW"",""started_at"":""2026-01-12T13:33:39.684000Z"",""time_taken"":5403,""archived_at"":""2026-01-12T15:03:42.420130Z"",""completed_at"":""2026-01-12T15:03:42.093000Z"",""participant_id"":""61618cbffc5ccf427b976ec7"",""completion_code"":""FDC0MPL3T3"",""total_approvals"":522,""custom_study_tncs_accepted_at"":""Not Applicable""},""extra_profiling_fields"":[{""id"":""llm_detection_result"",""name"":""Llm detection result"",""value"":""Passed""},{""id"":""ethnicity_simplified"",""name"":""Ethnicity simplified"",""value"":""White""},{""id"":""country_of_birth"",""name"":""Country of birth"",""value"":""United Kingdom""},{""id"":""nationality"",""name"":""Nationality"",""value"":""United Kingdom""},{""id"":""language"",""name"":""Language"",""value"":""English""},{""id"":""student_status"",""name"":""Student status"",""value"":""No""},{""id"":""employment_status"",""name"":""Employment status"",""value"":""Part-Time""}]}",complete,GB,en,dashboard
44ea90be-e54d-5179-aa70-d338b95f8ec6,prolific,083351a8-1b78-5aad-bed8-838ba8e268b8,daa021c0ec417fe70cc309bb85bea223b70941468bf96a81a4e189b395a34d92,fd68126468,unbookmarked,40,United Kingdom,Female,"{""panel_metadata"":{""status"":""AWAITING REVIEW"",""started_at"":""2026-01-12T13:35:53.498000Z"",""time_taken"":6139,""archived_at"":""2026-01-12T15:18:12.723939Z"",""completed_at"":""2026-01-12T15:18:12.385000Z"",""participant_id"":""673f5d08c5276465183f2e87"",""completion_code"":""FDC0MPL3T3"",""total_approvals"":1042,""custom_study_tncs_accepted_at"":""Not Applicable""},""extra_profiling_fields"":[{""id"":""llm_detection_result"",""name"":""Llm detection result"",""value"":""Passed""},{""id"":""ethnicity_simplified"",""name"":""Ethnicity simplified"",""value"":""White""},{""id"":""country_of_birth"",""name"":""Country of birth"",""value"":""United Kingdom""},{""id"":""nationality"",""name"":""Nationality"",""value"":""United Kingdom""},{""id"":""language"",""name"":""Language"",""value"":""English""},{""id"":""student_status"",""name"":""Student status"",""value"":""No""},{""id"":""employment_status"",""name"":""Employment status"",""value"":""Full-Time""}]}",complete,GB,en,dashboard
44ea90be-e54d-5179-aa70-d338b95f8ec6,prolific,6fb63648-c99d-5713-b38a-00d448e2e16c,55718c419377076b97defbc9a0a873d22f70b76642c38e35f1017288d510cc6e,fd66444328,unbookmarked,37,United Kingdom,Female,"{""panel_metadata"":{""status"":""AWAITING REVIEW"",""started_at"":""2026-01-12T13:41:40.256000Z"",""time_taken"":5679,""archived_at"":""2026-01-12T15:16:19.279779Z"",""completed_at"":""2026-01-12T15:16:18.795000Z"",""participant_id"":""5af07de697a14300017d0c4f"",""completion_code"":""FDC0MPL3T3"",""total_approvals"":2510,""custom_study_tncs_accepted_at"":""Not Applicable""},""extra_profiling_fields"":[{""id"":""llm_detection_result"",""name"":""Llm detection result"",""value"":""Passed""},{""id"":""ethnicity_simplified"",""name"":""Ethnicity simplified"",""value"":""White""},{""id"":""country_of_birth"",""name"":""Country of birth"",""value"":""United Kingdom""},{""id"":""nationality"",""name"":""Nationality"",""value"":""United Kingdom""},{""id"":""language"",""name"":""Language"",""value"":""English""},{""id"":""student_status"",""name"":""Student status"",""value"":""No""},{""id"":""employment_status"",""name"":""Employment status"",""value"":""Part-Time""}]}",complete,GB,en,dashboard
44ea90be-e54d-5179-aa70-d338b95f8ec6,prolific,005b1de6-ae28-5620-841a-f2f78857bd2c,aa63f94a97c22176cb5dcbcd20293da3e6b6e5a9e0d8abfddab2077efabbe884,fd32734074,unbookmarked,27,United Kingdom,Female,"{""panel_metadata"":{""status"":""AWAITING REVIEW"",""started_at"":""2026-01-12T13:45:01.522000Z"",""time_taken"":5342,""archived_at"":""2026-01-12T15:14:03.645321Z"",""completed_at"":""2026-01-12T15:14:03.305000Z"",""participant_id"":""612f4a36268888b428b97bb1"",""completion_code"":""FDC0MPL3T3"",""total_approvals"":1255,""custom_study_tncs_accepted_at"":""Not Applicable""},""extra_profiling_fields"":[{""id"":""llm_detection_result"",""name"":""Llm detection result"",""value"":""Passed""},{""id"":""ethnicity_simplified"",""name"":""Ethnicity simplified"",""value"":""White""},{""id"":""country_of_birth"",""name"":""Country of birth"",""value"":""United Kingdom""},{""id"":""nationality"",""name"":""Nationality"",""value"":""United Kingdom""},{""id"":""language"",""name"":""Language"",""value"":""English""},{""id"":""student_status"",""name"":""Student status"",""value"":""No""},{""id"":""employment_status"",""name"":""Employment status"",""value"":""Due to start a new job within the next month""}]}",complete,GB,en,dashboard
44ea90be-e54d-5179-aa70-d338b95f8ec6,prolific,d0825716-9ee3-50f7-95cb-acfe9dd05ba6,34a47f9a543414e194e2c355e4be5d89cf2c2756cafbf61870cee4fdad8da531,fd09327545,unbookmarked,37,United Kingdom,Female,"{""panel_metadata"":{""status"":""AWAITING REVIEW"",""started_at"":""2026-01-12T13:53:58.274000Z"",""time_taken"":5492,""archived_at"":""2026-01-12T15:25:30.062213Z"",""completed_at"":""2026-01-12T15:25:29.702000Z"",""participant_id"":""6766428c128cc4c391674975"",""completion_code"":""FDC0MPL3T3"",""total_approvals"":355,""custom_study_tncs_accepted_at"":""Not Applicable""},""extra_profiling_fields"":[{""id"":""llm_detection_result"",""name"":""Llm detection result"",""value"":""Passed""},{""id"":""ethnicity_simplified"",""name"":""Ethnicity simplified"",""value"":""Black""},{""id"":""country_of_birth"",""name"":""Country of birth"",""value"":""Nigeria""},{""id"":""nationality"",""name"":""Nationality"",""value"":""United Kingdom""},{""id"":""language"",""name"":""Language"",""value"":""English""},{""id"":""student_status"",""name"":""Student status"",""value"":""No""},{""id"":""employment_status"",""name"":""Employment status"",""value"":""Part-Time""}]}",complete,GB,en,dashboard
44ea90be-e54d-5179-aa70-d338b95f8ec6,prolific,b2a19c59-d035-5d01-8d83-7ff551c6fef7,96d6369702983711a854ee737d62a6a6bec389cf75f2ab26229b57501ae1e371,fd72945427,unbookmarked,33,United Kingdom,Female,"{""panel_metadata"":{""status"":""AWAITING REVIEW"",""started_at"":""2026-01-12T13:34:54.561000Z"",""time_taken"":6410,""archived_at"":""2026-01-12T15:21:45.134433Z"",""completed_at"":""2026-01-12T15:21:44.088000Z"",""participant_id"":""6697c1d5bc02db8aedeb0545"",""completion_code"":""FDCOMPL3T3"",""total_approvals"":453,""custom_study_tncs_accepted_at"":""Not Applicable""},""extra_profiling_fields"":[{""id"":""llm_detection_result"",""name"":""Llm detection result"",""value"":""Passed""},{""id"":""ethnicity_simplified"",""name"":""Ethnicity simplified"",""value"":""White""},{""id"":""country_of_birth"",""name"":""Country of birth"",""value"":""United Kingdom""},{""id"":""nationality"",""name"":""Nationality"",""value"":""United Kingdom""},{""id"":""language"",""name"":""Language"",""value"":""English""},{""id"":""student_status"",""name"":""Student status"",""value"":""No""},{""id"":""employment_status"",""name"":""Employment status"",""value"":""Full-Time""}]}",complete,GB,en,dashboard
44ea90be-e54d-5179-aa70-d338b95f8ec6,prolific,8d36a4b8-6899-59ca-9903-1713dd75d84f,e155b5e1c7a937b544c11a8a3727515b113e71deea4ee3427f764df8635613a6,fd88102982,unbookmarked,38,United Kingdom,Female,"{""panel_metadata"":{""status"":""AWAITING REVIEW"",""started_at"":""2026-01-12T13:32:24.446000Z"",""time_taken"":3037,""archived_at"":""2026-01-12T14:23:01.341269Z"",""completed_at"":""2026-01-12T14:23:00.991000Z"",""participant_id"":""54f4e2d1fdf99b4e913fdf01"",""completion_code"":""FDC0MPL3T3"",""total_approvals"":1589,""custom_study_tncs_accepted_at"":""Not Applicable""},""extra_profiling_fields"":[{""id"":""llm_detection_result"",""name"":""Llm detection result"",""value"":""Passed""},{""id"":""ethnicity_simplified"",""name"":""Ethnicity simplified"",""value"":""White""},{""id"":""country_of_birth"",""name"":""Country of birth"",""value"":""United Kingdom""},{""id"":""nationality"",""name"":""Nationality"",""value"":""United Kingdom""},{""id"":""language"",""name"":""Language"",""value"":""English""},{""id"":""student_status"",""name"":""Student status"",""value"":""No""},{""id"":""employment_status"",""name"":""Employment status"",""value"":""Not in paid work (e.g. homemaker', 'retired or disabled)""}]}",complete,GB,en,dashboard
44ea90be-e54d-5179-aa70-d338b95f8ec6,prolific,4ff1fe3d-08b0-5405-8548-204fe907eb8f,844188d74e82d9b372e2bff22095f46ffeca2980bf817a48f1128e93c2c737cd,fd41764421,unbookmarked,35,United Kingdom,Male,"{""panel_metadata"":{""status"":""AWAITING REVIEW"",""started_at"":""2026-01-12T13:34:09.583000Z"",""time_taken"":5706,""archived_at"":""2026-01-12T15:09:15.474032Z"",""completed_at"":""2026-01-12T15:09:15.124000Z"",""participant_id"":""665bae8786e39a9d3071ef7c"",""completion_code"":""FDC0MPL3T3"",""total_approvals"":1280,""custom_study_tncs_accepted_at"":""Not Applicable""},""extra_profiling_fields"":[{""id"":""llm_detection_result"",""name"":""Llm detection result"",""value"":""Passed""},{""id"":""ethnicity_simplified"",""name"":""Ethnicity simplified"",""value"":""Black""},{""id"":""country_of_birth"",""name"":""Country of birth"",""value"":""Nigeria""},{""id"":""nationality"",""name"":""Nationality"",""value"":""Nigeria""},{""id"":""language"",""name"":""Language"",""value"":""Afrikaans""},{""id"":""student_status"",""name"":""Student status"",""value"":""Yes""},{""id"":""employment_status"",""name"":""Employment status"",""value"":""Full-Time""}]}",complete,GB,en,dashboard
44ea90be-e54d-5179-aa70-d338b95f8ec6,prolific,4434c2a5-3215-5e1b-88b6-2a703cfa5903,1d2d8652263366a3222317ebe5a7fc74fded8b10ae7e0794555309a3a6b4e17b,fd91359993,unbookmarked,29,United Kingdom,Male,"{""panel_metadata"":{""status"":""AWAITING REVIEW"",""started_at"":""2026-01-12T14:03:43.517000Z"",""time_taken"":5094,""archived_at"":""2026-01-12T15:28:41.104799Z"",""completed_at"":""2026-01-12T15:28:36.751000Z"",""participant_id"":""6697c11cb2a452583e99cd86"",""completion_code"":""FDCOMPL3T3"",""total_approvals"":476,""custom_study_tncs_accepted_at"":""Not Applicable""},""extra_profiling_fields"":[{""id"":""llm_detection_result"",""name"":""Llm detection result"",""value"":""Passed""},{""id"":""ethnicity_simplified"",""name"":""Ethnicity simplified"",""value"":""White""},{""id"":""country_of_birth"",""name"":""Country of birth"",""value"":""United Kingdom""},{""id"":""nationality"",""name"":""Nationality"",""value"":""United Kingdom""},{""id"":""language"",""name"":""Language"",""value"":""English""},{""id"":""student_status"",""name"":""Student status"",""value"":""No""},{""id"":""employment_status"",""name"":""Employment status"",""value"":""Full-Time""}]}",complete,GB,en,dashboard
44ea90be-e54d-5179-aa70-d338b95f8ec6,prolific,ba9485e0-a3cc-5a00-84d3-2e6d07892eb2,c741537b03df94ad92761d55a593d499da3bed924d5f984543bfba5a3cc20eb2,fd74765283,unbookmarked,29,United Kingdom,Male,"{""panel_metadata"":{""status"":""AWAITING REVIEW"",""started_at"":""2026-01-12T13:33:24.961000Z"",""time_taken"":6159,""archived_at"":""2026-01-12T15:16:04.044156Z"",""completed_at"":""2026-01-12T15:16:03.685000Z"",""participant_id"":""609911e00dd4843e39cb88ac"",""completion_code"":""FDC0MPL3T3"",""total_approvals"":2619,""custom_study_tncs_accepted_at"":""Not Applicable""},""extra_profiling_fields"":[{""id"":""llm_detection_result"",""name"":""Llm detection result"",""value"":""Passed""},{""id"":""ethnicity_simplified"",""name"":""Ethnicity simplified"",""value"":""White""},{""id"":""country_of_birth"",""name"":""Country of birth"",""value"":""United Kingdom""},{""id"":""nationality"",""name"":""Nationality"",""value"":""United Kingdom""},{""id"":""language"",""name"":""Language"",""value"":""English""},{""id"":""student_status"",""name"":""Student status"",""value"":""No""},{""id"":""employment_status"",""name"":""Employment status"",""value"":""Full-Time""}]}",complete,GB,en,dashboard
44ea90be-e54d-5179-aa70-d338b95f8ec6,prolific,ee761856-d63e-5a5a-965f-6989386dab5a,30266df19f03876a09874dce16286706089b736402ec9d240aae9f8588558464,fd45496616,unbookmarked,35,United Kingdom,Male,"{""panel_metadata"":{""status"":""AWAITING REVIEW"",""started_at"":""2026-01-12T14:22:06.056000Z"",""time_taken"":6436,""archived_at"":""2026-01-12T16:09:22.177634Z"",""completed_at"":""2026-01-12T16:09:21.624000Z"",""participant_id"":""676a9b531cb65fc67fc7eecd"",""completion_code"":""FDC0MPL3T3"",""total_approvals"":995,""custom_study_tncs_accepted_at"":""Not Applicable""},""extra_profiling_fields"":[{""id"":""llm_detection_result"",""name"":""Llm detection result"",""value"":""Passed""},{""id"":""ethnicity_simplified"",""name"":""Ethnicity simplified"",""value"":""Black""},{""id"":""country_of_birth"",""name"":""Country of birth"",""value"":""Zimbabwe""},{""id"":""nationality"",""name"":""Nationality"",""value"":""United Kingdom""},{""id"":""language"",""name"":""Language"",""value"":""English""},{""id"":""student_status"",""name"":""Student status"",""value"":""Yes""},{""id"":""employment_status"",""name"":""Employment status"",""value"":""Full-Time""}]}",complete,GB,en,dashboard
44ea90be-e54d-5179-aa70-d338b95f8ec6,prolific,06d1ca70-29d9-5726-a4b0-e2cea36137ba,b54ceb7fe089d30796b88b3ac1adacf360dd5264d180a905e6c95b04411f8730,fd35002463,unbookmarked,36,United Kingdom,Female,"{""panel_metadata"":{""status"":""SCREENED OUT"",""started_at"":""2026-01-12T13:32:28.867000Z"",""time_taken"":3515,""archived_at"":""2026-01-12T14:31:03.582603Z"",""completed_at"":""2026-01-12T14:31:03.234000Z"",""participant_id"":""61364d250433ee40764f71b4"",""completion_code"":""FD5CR33N0UT"",""total_approvals"":2540,""custom_study_tncs_accepted_at"":""Not Applicable""},""extra_profiling_fields"":[{""id"":""llm_detection_result"",""name"":""Llm detection result"",""value"":""Passed""},{""id"":""ethnicity_simplified"",""name"":""Ethnicity simplified"",""value"":""Asian""},{""id"":""country_of_birth"",""name"":""Country of birth"",""value"":""Malaysia""},{""id"":""nationality"",""name"":""Nationality"",""value"":""Malaysia""},{""id"":""language"",""name"":""Language"",""value"":""English""},{""id"":""employment_status"",""name"":""Employment status"",""value"":""Full-Time""}]}",complete,GB,en,dashboard
44ea90be-e54d-5179-aa70-d338b95f8ec6,prolific,dce3e825-21c2-5874-b4ef-bdc0ae64f528,62ec5eb44b500d83c2d73af633ae5b763e6558a08a79c2ba0a3be38b12cc60ed,fd00141870,unbookmarked,37,United Kingdom,Female,"{""panel_metadata"":{""status"":""AWAITING REVIEW"",""started_at"":""2026-01-12T13:35:40.683000Z"",""time_taken"":5835,""archived_at"":""2026-01-12T15:12:55.298566Z"",""completed_at"":""2026-01-12T15:12:54.938000Z"",""participant_id"":""5fbaab3a72702f86dacb4152"",""completion_code"":""FDC0MPL3T3"",""total_approvals"":1376,""custom_study_tncs_accepted_at"":""Not Applicable""},""extra_profiling_fields"":[{""id"":""llm_detection_result"",""name"":""Llm detection result"",""value"":""Passed""},{""id"":""ethnicity_simplified"",""name"":""Ethnicity simplified"",""value"":""White""},{""id"":""country_of_birth"",""name"":""Country of birth"",""value"":""United Kingdom""},{""id"":""nationality"",""name"":""Nationality"",""value"":""United Kingdom""},{""id"":""language"",""name"":""Language"",""value"":""English""},{""id"":""student_status"",""name"":""Student status"",""value"":""No""},{""id"":""employment_status"",""name"":""Employment status"",""value"":""Not in paid work (e.g. homemaker', 'retired or disabled)""}]}",complete,GB,en,dashboard
44ea90be-e54d-5179-aa70-d338b95f8ec6,prolific,3d08e04f-cddf-575c-aa2c-2e6ebc08e11a,8ed69b0804a2d5897afe647830971362ac62152981d3b812879d6ed6fabedc9d,fd12160339,unbookmarked,31,United Kingdom,Male,"{""panel_metadata"":{""status"":""AWAITING REVIEW"",""started_at"":""2026-01-12T13:40:53.402000Z"",""time_taken"":3600,""archived_at"":""2026-01-12T14:40:53.580432Z"",""completed_at"":""2026-01-12T14:40:53.211000Z"",""participant_id"":""5ba22638474398000172c47b"",""completion_code"":""FDC0MPL3T3"",""total_approvals"":1888,""custom_study_tncs_accepted_at"":""Not Applicable""},""extra_profiling_fields"":[{""id"":""llm_detection_result"",""name"":""Llm detection result"",""value"":""Passed""},{""id"":""ethnicity_simplified"",""name"":""Ethnicity simplified"",""value"":""White""},{""id"":""country_of_birth"",""name"":""Country of birth"",""value"":""United Kingdom""},{""id"":""nationality"",""name"":""Nationality"",""value"":""United Kingdom""},{""id"":""language"",""name"":""Language"",""value"":""English""},{""id"":""student_status"",""name"":""Student status"",""value"":""No""},{""id"":""employment_status"",""name"":""Employment status"",""value"":""Full-Time""}]}",complete,GB,en,dashboard
44ea90be-e54d-5179-aa70-d338b95f8ec6,prolific,ae3bbb02-4a65-5c6e-b1b2-9821c0e5e244,2151af0a1f2d5a40677bd4dc646b3d3e4c66780fbd88f60e480da3047a4fe077,fd71970778,unbookmarked,29,United Kingdom,Female,"{""panel_metadata"":{""status"":""AWAITING REVIEW"",""started_at"":""2026-01-12T13:46:12.553000Z"",""time_taken"":6146,""archived_at"":""2026-01-12T15:28:44.152941Z"",""completed_at"":""2026-01-12T15:28:37.799000Z"",""participant_id"":""67118c5934ddcc26346c3183"",""completion_code"":""FDC0MPL3T3"",""total_approvals"":1799,""custom_study_tncs_accepted_at"":""Not Applicable""},""extra_profiling_fields"":[{""id"":""llm_detection_result"",""name"":""Llm detection result"",""value"":""Passed""},{""id"":""ethnicity_simplified"",""name"":""Ethnicity simplified"",""value"":""Asian""},{""id"":""country_of_birth"",""name"":""Country of birth"",""value"":""United Kingdom""},{""id"":""nationality"",""name"":""Nationality"",""value"":""Pakistan""},{""id"":""language"",""name"":""Language"",""value"":""English""},{""id"":""student_status"",""name"":""Student status"",""value"":""Yes""},{""id"":""employment_status"",""name"":""Employment status"",""value"":""Not in paid work (e.g. homemaker', 'retired or disabled)""}]}",complete,GB,en,dashboard
44ea90be-e54d-5179-aa70-d338b95f8ec6,prolific,da04f4d9-008a-5dcf-8e95-9fe032fdf1cd,eaa8db1cad45a88eb59b3bd71536cd6a51fb6a73828a768670f07b03b7719c2c,fd72124170,unbookmarked,35,United Kingdom,Female,"{""panel_metadata"":{""status"":""AWAITING REVIEW"",""started_at"":""2026-01-12T14:23:44.122000Z"",""time_taken"":3839,""archived_at"":""2026-01-12T15:27:43.349357Z"",""completed_at"":""2026-01-12T15:27:42.983000Z"",""participant_id"":""5a5e1ae68e6259000176271d"",""completion_code"":""FDC0MPL3T3"",""total_approvals"":1969,""custom_study_tncs_accepted_at"":""Not Applicable""},""extra_profiling_fields"":[{""id"":""llm_detection_result"",""name"":""Llm detection result"",""value"":""Passed""},{""id"":""ethnicity_simplified"",""name"":""Ethnicity simplified"",""value"":""White""},{""id"":""country_of_birth"",""name"":""Country of birth"",""value"":""United Kingdom""},{""id"":""nationality"",""name"":""Nationality"",""value"":""United Kingdom""},{""id"":""language"",""name"":""Language"",""value"":""English""},{""id"":""student_status"",""name"":""Student status"",""value"":""Yes""},{""id"":""employment_status"",""name"":""Employment status"",""value"":""Full-Time""}]}",complete,GB,en,dashboard
44ea90be-e54d-5179-aa70-d338b95f8ec6,prolific,3175959d-46cb-5b5b-9d14-7fa1b61b170f,5d426b2da43ff01c839dac0af332b6db2b6d4afd5fc9ec5a49249986dd63476f,fd15026825,unbookmarked,28,United Kingdom,Male,"{""panel_metadata"":{""status"":""AWAITING REVIEW"",""started_at"":""2026-01-12T15:05:55.977000Z"",""time_taken"":3714,""archived_at"":""2026-01-12T16:07:49.776880Z"",""completed_at"":""2026-01-12T16:07:49.387000Z"",""participant_id"":""67aa57d7de6f4c4edff8a1fb"",""completion_code"":""FDC0MPL3T3"",""total_approvals"":197,""custom_study_tncs_accepted_at"":""Not Applicable""},""extra_profiling_fields"":[{""id"":""llm_detection_result"",""name"":""Llm detection result"",""value"":""Passed""},{""id"":""ethnicity_simplified"",""name"":""Ethnicity simplified"",""value"":""White""},{""id"":""country_of_birth"",""name"":""Country of birth"",""value"":""United Kingdom""},{""id"":""nationality"",""name"":""Nationality"",""value"":""United Kingdom""},{""id"":""language"",""name"":""Language"",""value"":""English""},{""id"":""student_status"",""name"":""Student status"",""value"":""No""},{""id"":""employment_status"",""name"":""Employment status"",""value"":""Full-Time""}]}",complete,GB,en,dashboard
44ea90be-e54d-5179-aa70-d338b95f8ec6,prolific,ee3bdbfe-ddda-53d5-9f9b-0e70e11b3482,abff101990c925f9a42c555e499a4ebb0bcb8131998ed30895e149e7b3370180,fd78781787,unbookmarked,33,United Kingdom,Female,"{""panel_metadata"":{""status"":""AWAITING REVIEW"",""started_at"":""2026-01-12T13:53:49.245000Z"",""time_taken"":4144,""archived_at"":""2026-01-12T15:02:53.594941Z"",""completed_at"":""2026-01-12T15:02:53.243000Z"",""participant_id"":""6658b182bb57e6360147f2f5"",""completion_code"":""FDC0MPL3T3"",""total_approvals"":1828,""custom_study_tncs_accepted_at"":""Not Applicable""},""extra_profiling_fields"":[{""id"":""llm_detection_result"",""name"":""Llm detection result"",""value"":""Passed""},{""id"":""ethnicity_simplified"",""name"":""Ethnicity simplified"",""value"":""Black""},{""id"":""country_of_birth"",""name"":""Country of birth"",""value"":""United Kingdom""},{""id"":""nationality"",""name"":""Nationality"",""value"":""United Kingdom""},{""id"":""language"",""name"":""Language"",""value"":""English""},{""id"":""student_status"",""name"":""Student status"",""value"":""No""},{""id"":""employment_status"",""name"":""Employment status"",""value"":""Full-Time""}]}",complete,GB,en,dashboard
44ea90be-e54d-5179-aa70-d338b95f8ec6,prolific,c8a6af04-3e2e-5686-b59f-7beaab3cdda9,f403263d3da1b2ab9de6a6e02c470f2d05420981b1edf8a6fd4599ce11f8c986,fd13574931,unbookmarked,33,United Kingdom,Female,"{""panel_metadata"":{""status"":""AWAITING REVIEW"",""started_at"":""2026-01-12T13:35:28.101000Z"",""time_taken"":5630,""archived_at"":""2026-01-12T15:09:17.658055Z"",""completed_at"":""2026-01-12T15:09:17.319000Z"",""participant_id"":""5c158ec0c6b01c0001bcfa72"",""completion_code"":""FDC0MPL3T3"",""total_approvals"":3119,""custom_study_tncs_accepted_at"":""Not Applicable""},""extra_profiling_fields"":[{""id"":""llm_detection_result"",""name"":""Llm detection result"",""value"":""Passed""},{""id"":""ethnicity_simplified"",""name"":""Ethnicity simplified"",""value"":""White""},{""id"":""country_of_birth"",""name"":""Country of birth"",""value"":""Brazil""},{""id"":""nationality"",""name"":""Nationality"",""value"":""Brazil""},{""id"":""language"",""name"":""Language"",""value"":""Portuguese""},{""id"":""student_status"",""name"":""Student status"",""value"":""No""},{""id"":""employment_status"",""name"":""Employment status"",""value"":""Full-Time""}]}",complete,GB,en,dashboard
44ea90be-e54d-5179-aa70-d338b95f8ec6,prolific,756d9758-c022-585a-986a-048e02f5fdc8,8ae2a0268119c5cec36ccc463d2f652dcb1422daf0e6922394859512fb8cf881,fd67619736,unbookmarked,35,United Kingdom,Male,"{""panel_metadata"":{""status"":""AWAITING REVIEW"",""started_at"":""2026-01-12T14:03:42.499000Z"",""time_taken"":4846,""archived_at"":""2026-01-12T15:24:28.539809Z"",""completed_at"":""2026-01-12T15:24:28.145000Z"",""participant_id"":""63ea4d64095b3286433ed52e"",""completion_code"":""FDC0MPL3T3"",""total_approvals"":2713,""custom_study_tncs_accepted_at"":""Not Applicable""},""extra_profiling_fields"":[{""id"":""llm_detection_result"",""name"":""Llm detection result"",""value"":""Passed""},{""id"":""ethnicity_simplified"",""name"":""Ethnicity simplified"",""value"":""White""},{""id"":""country_of_birth"",""name"":""Country of birth"",""value"":""United Kingdom""},{""id"":""nationality"",""name"":""Nationality"",""value"":""United Kingdom""},{""id"":""language"",""name"":""Language"",""value"":""English""},{""id"":""student_status"",""name"":""Student status"",""value"":""No""},{""id"":""employment_status"",""name"":""Employment status"",""value"":""Full-Time""}]}",complete,GB,en,dashboard
44ea90be-e54d-5179-aa70-d338b95f8ec6,prolific,f7f341ce-eed3-50d6-992c-e0d697fdabef,75b30f27e5158fb9db06f08482613e67ffddb6cf9ead720e5bc7df7b95173e1c,fd06283471,unbookmarked,30,United Kingdom,Male,"{""panel_metadata"":{""status"":""AWAITING REVIEW"",""started_at"":""2026-01-12T13:36:28.080000Z"",""time_taken"":4990,""archived_at"":""2026-01-12T14:59:37.944213Z"",""completed_at"":""2026-01-12T14:59:37.591000Z"",""participant_id"":""5e9aff02f4a78b1a1fe7fc3c"",""completion_code"":""FDC0MPL3T3"",""total_approvals"":2517,""custom_study_tncs_accepted_at"":""Not Applicable""},""extra_profiling_fields"":[{""id"":""llm_detection_result"",""name"":""Llm detection result"",""value"":""Passed""},{""id"":""ethnicity_simplified"",""name"":""Ethnicity simplified"",""value"":""White""},{""id"":""country_of_birth"",""name"":""Country of birth"",""value"":""United Kingdom""},{""id"":""nationality"",""name"":""Nationality"",""value"":""United Kingdom""},{""id"":""language"",""name"":""Language"",""value"":""English""},{""id"":""employment_status"",""name"":""Employment status"",""value"":""Full-Time""}]}",complete,GB,en,dashboard
44ea90be-e54d-5179-aa70-d338b95f8ec6,prolific,349719e4-a89b-59da-b370-dbc03d3706bb,fd17ebe0f01a9ab6bc14de7f90557c4eb294b885abaab6fe52f476392e337e60,fd06960941,unbookmarked,38,United Kingdom,Female,"{""panel_metadata"":{""status"":""AWAITING REVIEW"",""started_at"":""2026-01-12T13:32:36.761000Z"",""time_taken"":5854,""archived_at"":""2026-01-12T15:10:10.319318Z"",""completed_at"":""2026-01-12T15:10:09.974000Z"",""participant_id"":""62d6d77df59450e545fb22f6"",""completion_code"":""FDC0MPL3T3"",""total_approvals"":2792,""custom_study_tncs_accepted_at"":""Not Applicable""},""extra_profiling_fields"":[{""id"":""llm_detection_result"",""name"":""Llm detection result"",""value"":""Passed""},{""id"":""ethnicity_simplified"",""name"":""Ethnicity simplified"",""value"":""Asian""},{""id"":""country_of_birth"",""name"":""Country of birth"",""value"":""United Kingdom""},{""id"":""nationality"",""name"":""Nationality"",""value"":""United Kingdom""},{""id"":""language"",""name"":""Language"",""value"":""English""},{""id"":""student_status"",""name"":""Student status"",""value"":""No""},{""id"":""employment_status"",""name"":""Employment status"",""value"":""Part-Time""}]}",complete,GB,en,dashboard
44ea90be-e54d-5179-aa70-d338b95f8ec6,prolific,59299c83-27e8-58e7-b8ce-176cfca37e67,c6f6d36a6f1fe154050344419059f7574b407ca6df08e6dc6b4348fd3e1fec88,fd08231842,unbookmarked,36,United Kingdom,Female,"{""panel_metadata"":{""status"":""AWAITING REVIEW"",""started_at"":""2026-01-12T13:38:38.467000Z"",""time_taken"":5514,""archived_at"":""2026-01-12T15:10:31.839819Z"",""completed_at"":""2026-01-12T15:10:31.497000Z"",""participant_id"":""6054cdc28222dc1ca6f58d8c"",""completion_code"":""FDC0MPL3T3"",""total_approvals"":2036,""custom_study_tncs_accepted_at"":""Not Applicable""},""extra_profiling_fields"":[{""id"":""llm_detection_result"",""name"":""Llm detection result"",""value"":""Passed""},{""id"":""ethnicity_simplified"",""name"":""Ethnicity simplified"",""value"":""White""},{""id"":""country_of_birth"",""name"":""Country of birth"",""value"":""United Kingdom""},{""id"":""nationality"",""name"":""Nationality"",""value"":""United Kingdom""},{""id"":""language"",""name"":""Language"",""value"":""English""},{""id"":""student_status"",""name"":""Student status"",""value"":""No""},{""id"":""employment_status"",""name"":""Employment status"",""value"":""Part-Time""}]}",complete,GB,en,dashboard
44ea90be-e54d-5179-aa70-d338b95f8ec6,prolific,4db6e05e-0259-57aa-be72-d612b64f891d,b0db974450e7c1c426d6aad096426ace79480d5fc052a45d0ec76514f647b749,fd73920109,unbookmarked,39,United Kingdom,Female,"{""panel_metadata"":{""status"":""AWAITING REVIEW"",""started_at"":""2026-01-12T13:33:50.942000Z"",""time_taken"":5054,""archived_at"":""2026-01-12T14:58:04.353093Z"",""completed_at"":""2026-01-12T14:58:03.988000Z"",""participant_id"":""65c347be7d456f4e0902823d"",""completion_code"":""FDC0MPL3T3"",""total_approvals"":1501,""custom_study_tncs_accepted_at"":""Not Applicable""},""extra_profiling_fields"":[{""id"":""llm_detection_result"",""name"":""Llm detection result"",""value"":""Passed""},{""id"":""ethnicity_simplified"",""name"":""Ethnicity simplified"",""value"":""White""},{""id"":""country_of_birth"",""name"":""Country of birth"",""value"":""United Kingdom""},{""id"":""nationality"",""name"":""Nationality"",""value"":""United Kingdom""},{""id"":""language"",""name"":""Language"",""value"":""English""},{""id"":""student_status"",""name"":""Student status"",""value"":""No""},{""id"":""employment_status"",""name"":""Employment status"",""value"":""Full-Time""}]}",complete,GB,en,dashboard
44ea90be-e54d-5179-aa70-d338b95f8ec6,prolific,b7d7a8af-6682-5603-81b0-593bc0528bf8,b1581841679e97ad1e9df40bfb99dcc08b6223fef9894e3c1a0f6684f6ef9721,fd50340663,unbookmarked,34,United Kingdom,Female,"{""panel_metadata"":{""status"":""AWAITING REVIEW"",""started_at"":""2026-01-12T13:50:56.479000Z"",""time_taken"":5139,""archived_at"":""2026-01-12T15:16:34.943452Z"",""completed_at"":""2026-01-12T15:16:34.594000Z"",""participant_id"":""60dc63cf94238618c443b2d9"",""completion_code"":""FDC0MPL3T3"",""total_approvals"":2082,""custom_study_tncs_accepted_at"":""Not Applicable""},""extra_profiling_fields"":[{""id"":""llm_detection_result"",""name"":""Llm detection result"",""value"":""Passed""},{""id"":""ethnicity_simplified"",""name"":""Ethnicity simplified"",""value"":""Mixed""},{""id"":""country_of_birth"",""name"":""Country of birth"",""value"":""United Kingdom""},{""id"":""nationality"",""name"":""Nationality"",""value"":""United Kingdom""},{""id"":""language"",""name"":""Language"",""value"":""English""},{""id"":""student_status"",""name"":""Student status"",""value"":""No""},{""id"":""employment_status"",""name"":""Employment status"",""value"":""Full-Time""}]}",complete,GB,en,dashboard
44ea90be-e54d-5179-aa70-d338b95f8ec6,prolific,e6d21df9-28a5-503c-af82-501185806c79,101145bbab544b4857b9b3b4db16fb831b914ecf04ea4a859ed71028a87ed177,fd23540241,unbookmarked,36,United Kingdom,Female,"{""panel_metadata"":{""status"":""AWAITING REVIEW"",""started_at"":""2026-01-12T14:06:55.883000Z"",""time_taken"":4816,""archived_at"":""2026-01-12T15:27:12.127642Z"",""completed_at"":""2026-01-12T15:27:11.767000Z"",""participant_id"":""677723f5cb416c3806aaf069"",""completion_code"":""FDC0MPL3T3"",""total_approvals"":429,""custom_study_tncs_accepted_at"":""Not Applicable""},""extra_profiling_fields"":[{""id"":""llm_detection_result"",""name"":""Llm detection result"",""value"":""Passed""},{""id"":""ethnicity_simplified"",""name"":""Ethnicity simplified"",""value"":""Black""},{""id"":""country_of_birth"",""name"":""Country of birth"",""value"":""United Kingdom""},{""id"":""nationality"",""name"":""Nationality"",""value"":""United Kingdom""},{""id"":""language"",""name"":""Language"",""value"":""English""},{""id"":""student_status"",""name"":""Student status"",""value"":""No""},{""id"":""employment_status"",""name"":""Employment status"",""value"":""Other""}]}",complete,GB,en,dashboard
44ea90be-e54d-5179-aa70-d338b95f8ec6,prolific,5b5c526c-5113-5a48-9dfd-669458cf44b9,c5f6f09a4f5cc98aa2e0db46eeac33c68432e20bbcb944bb3d77709d6c10ff0f,fd58215518,unbookmarked,27,United Kingdom,Female,"{""panel_metadata"":{""status"":""AWAITING REVIEW"",""started_at"":""2026-01-12T14:13:57.174000Z"",""time_taken"":4256,""archived_at"":""2026-01-12T15:24:53.089030Z"",""completed_at"":""2026-01-12T15:24:52.726000Z"",""participant_id"":""67ce2cf14a401fe15a9d7742"",""completion_code"":""FDC0MPL3T3"",""total_approvals"":379,""custom_study_tncs_accepted_at"":""Not Applicable""},""extra_profiling_fields"":[{""id"":""llm_detection_result"",""name"":""Llm detection result"",""value"":""Passed""},{""id"":""ethnicity_simplified"",""name"":""Ethnicity simplified"",""value"":""White""},{""id"":""country_of_birth"",""name"":""Country of birth"",""value"":""United States""},{""id"":""nationality"",""name"":""Nationality"",""value"":""United Kingdom""},{""id"":""language"",""name"":""Language"",""value"":""English""},{""id"":""student_status"",""name"":""Student status"",""value"":""No""}]}",complete,GB,en,dashboard
44ea90be-e54d-5179-aa70-d338b95f8ec6,prolific,2f0ddf24-8b32-551c-b552-c2f7d607e51d,0b68728be4dc6d6448732dd255649f9ab5dac9a17079495fed18ad335a4f1dcb,fd11650463,unbookmarked,37,United Kingdom,Male,"{""panel_metadata"":{""status"":""AWAITING REVIEW"",""started_at"":""2026-01-12T13:33:59.791000Z"",""time_taken"":5400,""archived_at"":""2026-01-12T15:03:59.284549Z"",""completed_at"":""2026-01-12T15:03:58.959000Z"",""participant_id"":""61169988cf61a1a4c41fdf9c"",""completion_code"":""FDC0MPL3T3"",""total_approvals"":1109,""custom_study_tncs_accepted_at"":""Not Applicable""},""extra_profiling_fields"":[{""id"":""llm_detection_result"",""name"":""Llm detection result"",""value"":""Passed""},{""id"":""ethnicity_simplified"",""name"":""Ethnicity simplified"",""value"":""White""},{""id"":""country_of_birth"",""name"":""Country of birth"",""value"":""United Kingdom""},{""id"":""nationality"",""name"":""Nationality"",""value"":""United Kingdom""},{""id"":""language"",""name"":""Language"",""value"":""English""},{""id"":""student_status"",""name"":""Student status"",""value"":""No""},{""id"":""employment_status"",""name"":""Employment status"",""value"":""Unemployed (and job seeking)""}]}",complete,GB,en,dashboard
44ea90be-e54d-5179-aa70-d338b95f8ec6,prolific,e5a0a93f-6a5b-5f2d-94d2-d5789b6787b5,b320961aac1a0c9726d828229c34330ff5c907f3e9b72241c30d4ee73e950c97,fd23355645,unbookmarked,27,United Kingdom,Male,"{""panel_metadata"":{""status"":""AWAITING REVIEW"",""started_at"":""2026-01-12T13:32:20.938000Z"",""time_taken"":6079,""archived_at"":""2026-01-12T15:13:39.501470Z"",""completed_at"":""2026-01-12T15:13:39.104000Z"",""participant_id"":""66f69dcc061074dacb886b52"",""completion_code"":""FDC0MPL3T3"",""total_approvals"":2098,""custom_study_tncs_accepted_at"":""Not Applicable""},""extra_profiling_fields"":[{""id"":""llm_detection_result"",""name"":""Llm detection result"",""value"":""Passed""},{""id"":""ethnicity_simplified"",""name"":""Ethnicity simplified"",""value"":""White""},{""id"":""country_of_birth"",""name"":""Country of birth"",""value"":""Germany""},{""id"":""nationality"",""name"":""Nationality"",""value"":""Germany""},{""id"":""language"",""name"":""Language"",""value"":""English""}]}",complete,GB,en,dashboard
44ea90be-e54d-5179-aa70-d338b95f8ec6,prolific,408453e1-383b-5b90-86c8-1d91d5564157,af9fd66d23d4dc035758f237477a34023126ff919558e0f6fca2f18be1934155,fd18595818,unbookmarked,30,United Kingdom,Female,"{""panel_metadata"":{""status"":""TIMED-OUT"",""started_at"":""2026-01-12T13:45:27.032000Z"",""time_taken"":11108,""archived_at"":""2026-01-12T16:50:34.807944Z"",""participant_id"":""6777b70043f615e26247a82c"",""total_approvals"":135,""custom_study_tncs_accepted_at"":""Not Applicable""},""extra_profiling_fields"":[{""id"":""llm_detection_result"",""name"":""Llm detection result"",""value"":""Passed""},{""id"":""ethnicity_simplified"",""name"":""Ethnicity simplified"",""value"":""Black""},{""id"":""country_of_birth"",""name"":""Country of birth"",""value"":""United Kingdom""},{""id"":""nationality"",""name"":""Nationality"",""value"":""United Kingdom""},{""id"":""language"",""name"":""Language"",""value"":""English""},{""id"":""employment_status"",""name"":""Employment status"",""value"":""Part-Time""}]}",complete,GB,en,dashboard
44ea90be-e54d-5179-aa70-d338b95f8ec6,prolific,bf0e350e-b9c3-5f5c-92b3-7a91555041b7,470bc26b98d18c72bb8693c4fb7c19908e96c0c61d84b0d77aa4ae6b0bffaffc,fd15446269,unbookmarked,29,United Kingdom,Female,"{""panel_metadata"":{""status"":""AWAITING REVIEW"",""started_at"":""2026-01-12T13:33:28.895000Z"",""time_taken"":4563,""archived_at"":""2026-01-12T14:49:31.437502Z"",""completed_at"":""2026-01-12T14:49:31.092000Z"",""participant_id"":""5ecd61476e04500905a6eed2"",""completion_code"":""FDC0MPL3T3"",""total_approvals"":1267,""custom_study_tncs_accepted_at"":""Not Applicable""},""extra_profiling_fields"":[{""id"":""llm_detection_result"",""name"":""Llm detection result"",""value"":""Passed""},{""id"":""ethnicity_simplified"",""name"":""Ethnicity simplified"",""value"":""White""},{""id"":""country_of_birth"",""name"":""Country of birth"",""value"":""United Kingdom""},{""id"":""nationality"",""name"":""Nationality"",""value"":""United Kingdom""},{""id"":""language"",""name"":""Language"",""value"":""English""},{""id"":""student_status"",""name"":""Student status"",""value"":""No""},{""id"":""employment_status"",""name"":""Employment status"",""value"":""Full-Time""}]}",complete,GB,en,dashboard
44ea90be-e54d-5179-aa70-d338b95f8ec6,prolific,10e3ce69-d5c2-5ac4-92f7-eed0dfc2782d,73932ce46f6ae630137fc79f0cdaee4b86d51114a451db55fa03cd12eb4d3207,fd07887107,unbookmarked,40,United Kingdom,Male,"{""panel_metadata"":{""status"":""AWAITING REVIEW"",""started_at"":""2026-01-12T13:47:06.190000Z"",""time_taken"":4938,""archived_at"":""2026-01-12T15:09:23.760860Z"",""completed_at"":""2026-01-12T15:09:23.428000Z"",""participant_id"":""5e32c95c87b8ef28e5aff6ea"",""completion_code"":""FDC0MPL3T3"",""total_approvals"":3108,""custom_study_tncs_accepted_at"":""Not Applicable""},""extra_profiling_fields"":[{""id"":""llm_detection_result"",""name"":""Llm detection result"",""value"":""Passed""},{""id"":""ethnicity_simplified"",""name"":""Ethnicity simplified"",""value"":""White""},{""id"":""country_of_birth"",""name"":""Country of birth"",""value"":""United Kingdom""},{""id"":""nationality"",""name"":""Nationality"",""value"":""Cyprus""},{""id"":""language"",""name"":""Language"",""value"":""English""},{""id"":""student_status"",""name"":""Student status"",""value"":""No""}]}",complete,GB,en,dashboard
44ea90be-e54d-5179-aa70-d338b95f8ec6,prolific,fc33e950-3955-539e-a15b-5ee0879745f6,6c82bbb99ab945935dcb626eaaa6fca1198f4088fc4f7bdcad998fccd0d90f25,fd64033479,unbookmarked,39,United Kingdom,Male,"{""panel_metadata"":{""status"":""AWAITING REVIEW"",""started_at"":""2026-01-12T14:08:38.783000Z"",""time_taken"":4397,""archived_at"":""2026-01-12T15:21:55.163700Z"",""completed_at"":""2026-01-12T15:21:54.809000Z"",""participant_id"":""6773dbc6ef23107f61c70eda"",""completion_code"":""FDC0MPL3T3"",""total_approvals"":698,""custom_study_tncs_accepted_at"":""Not Applicable""},""extra_profiling_fields"":[{""id"":""llm_detection_result"",""name"":""Llm detection result"",""value"":""Passed""},{""id"":""ethnicity_simplified"",""name"":""Ethnicity simplified"",""value"":""White""},{""id"":""country_of_birth"",""name"":""Country of birth"",""value"":""United Kingdom""},{""id"":""nationality"",""name"":""Nationality"",""value"":""United Kingdom""},{""id"":""language"",""name"":""Language"",""value"":""English""},{""id"":""student_status"",""name"":""Student status"",""value"":""No""},{""id"":""employment_status"",""name"":""Employment status"",""value"":""Full-Time""}]}",complete,GB,en,dashboard
44ea90be-e54d-5179-aa70-d338b95f8ec6,prolific,122ed0a1-293f-50af-b8e0-997b3e02bae8,55841b7a5b918c20686de6800f8eecd96f4e29040036deb7229001153b502fbf,fd04348326,unbookmarked,25,United Kingdom,Female,"{""panel_metadata"":{""status"":""AWAITING REVIEW"",""started_at"":""2026-01-12T13:56:15.512000Z"",""time_taken"":6841,""archived_at"":""2026-01-12T15:50:21.141537Z"",""completed_at"":""2026-01-12T15:50:16.108000Z"",""participant_id"":""673dfc450b2bd1b5f696ad48"",""completion_code"":""FDCOMPL3T3"",""total_approvals"":713,""custom_study_tncs_accepted_at"":""Not Applicable""},""extra_profiling_fields"":[{""id"":""llm_detection_result"",""name"":""Llm detection result"",""value"":""Passed""},{""id"":""ethnicity_simplified"",""name"":""Ethnicity simplified"",""value"":""White""},{""id"":""country_of_birth"",""name"":""Country of birth"",""value"":""United Kingdom""},{""id"":""nationality"",""name"":""Nationality"",""value"":""United Kingdom""},{""id"":""language"",""name"":""Language"",""value"":""English""},{""id"":""student_status"",""name"":""Student status"",""value"":""No""},{""id"":""employment_status"",""name"":""Employment status"",""value"":""Full-Time""}]}",complete,GB,en,dashboard
44ea90be-e54d-5179-aa70-d338b95f8ec6,prolific,d0d13262-4721-5c86-87e6-12421fb4d611,86f4b6c84a21f06d9634595637cf8fec8afb5ad86d0c1eeb1bc0940945d1792c,fd78430155,unbookmarked,39,United Kingdom,Female,"{""panel_metadata"":{""status"":""AWAITING REVIEW"",""started_at"":""2026-01-12T13:42:41.221000Z"",""time_taken"":5320,""archived_at"":""2026-01-12T15:11:21.165371Z"",""completed_at"":""2026-01-12T15:11:20.747000Z"",""participant_id"":""677564db10691f008b2aba14"",""completion_code"":""FDC0MPL3T3"",""total_approvals"":357,""custom_study_tncs_accepted_at"":""Not Applicable""},""extra_profiling_fields"":[{""id"":""llm_detection_result"",""name"":""Llm detection result"",""value"":""Passed""},{""id"":""ethnicity_simplified"",""name"":""Ethnicity simplified"",""value"":""White""},{""id"":""country_of_birth"",""name"":""Country of birth"",""value"":""United Kingdom""},{""id"":""nationality"",""name"":""Nationality"",""value"":""United Kingdom""},{""id"":""language"",""name"":""Language"",""value"":""English""}]}",complete,GB,en,dashboard
44ea90be-e54d-5179-aa70-d338b95f8ec6,prolific,106121a3-1582-5a84-b254-cac3bdfba130,edad2617ba4eb8ea4e4ea018b8d2e784fc991e841299fa1c1a15ff3829044403,fd04300461,unbookmarked,27,United Kingdom,Female,"{""panel_metadata"":{""status"":""AWAITING REVIEW"",""started_at"":""2026-01-12T13:46:19.741000Z"",""time_taken"":5453,""archived_at"":""2026-01-12T15:17:12.786015Z"",""completed_at"":""2026-01-12T15:17:12.449000Z"",""participant_id"":""6717d1d0d323342f71f132bd"",""completion_code"":""FDC0MPL3T3"",""total_approvals"":558,""custom_study_tncs_accepted_at"":""Not Applicable""},""extra_profiling_fields"":[{""id"":""llm_detection_result"",""name"":""Llm detection result"",""value"":""Passed""},{""id"":""ethnicity_simplified"",""name"":""Ethnicity simplified"",""value"":""White""},{""id"":""country_of_birth"",""name"":""Country of birth"",""value"":""United Kingdom""},{""id"":""nationality"",""name"":""Nationality"",""value"":""United Kingdom""},{""id"":""language"",""name"":""Language"",""value"":""English""},{""id"":""student_status"",""name"":""Student status"",""value"":""No""},{""id"":""employment_status"",""name"":""Employment status"",""value"":""Full-Time""}]}",complete,GB,en,dashboard
44ea90be-e54d-5179-aa70-d338b95f8ec6,prolific,8eb6db5e-448a-5437-9b39-6df4c6014568,d07786eb17892ca6a2f24561c8902c46a9fd0ddad4b18467ba5fe87a10b50946,fd14354853,unbookmarked,33,United Kingdom,Male,"{""panel_metadata"":{""status"":""AWAITING REVIEW"",""started_at"":""2026-01-12T13:39:04.703000Z"",""time_taken"":5240,""archived_at"":""2026-01-12T15:06:31.367362Z"",""completed_at"":""2026-01-12T15:06:23.828000Z"",""participant_id"":""5ea2f8ff57400807b6f53ddf"",""completion_code"":""FDC0MPL3T3"",""total_approvals"":2238,""custom_study_tncs_accepted_at"":""Not Applicable""},""extra_profiling_fields"":[{""id"":""llm_detection_result"",""name"":""Llm detection result"",""value"":""Passed""},{""id"":""ethnicity_simplified"",""name"":""Ethnicity simplified"",""value"":""White""},{""id"":""country_of_birth"",""name"":""Country of birth"",""value"":""United Kingdom""},{""id"":""nationality"",""name"":""Nationality"",""value"":""United Kingdom""},{""id"":""language"",""name"":""Language"",""value"":""English""},{""id"":""student_status"",""name"":""Student status"",""value"":""No""},{""id"":""employment_status"",""name"":""Employment status"",""value"":""Full-Time""}]}",complete,GB,en,dashboard
44ea90be-e54d-5179-aa70-d338b95f8ec6,prolific,70a96467-53e3-5171-9277-c28bb35146f0,8531ceebaeb61a10a1740f1c700599bf7f6bb25c8442335f153e89ab6f2c5ff1,fd34185491,unbookmarked,36,United Kingdom,Male,"{""panel_metadata"":{""status"":""AWAITING REVIEW"",""started_at"":""2026-01-12T13:34:39.473000Z"",""time_taken"":4295,""archived_at"":""2026-01-12T14:46:21.035811Z"",""completed_at"":""2026-01-12T14:46:13.756000Z"",""participant_id"":""62b626b7cc2365d4e7f5c5aa"",""completion_code"":""FDC0MPL3T3"",""total_approvals"":3361,""custom_study_tncs_accepted_at"":""Not Applicable""},""extra_profiling_fields"":[{""id"":""llm_detection_result"",""name"":""Llm detection result"",""value"":""Passed""},{""id"":""ethnicity_simplified"",""name"":""Ethnicity simplified"",""value"":""Asian""},{""id"":""country_of_birth"",""name"":""Country of birth"",""value"":""United Kingdom""},{""id"":""nationality"",""name"":""Nationality"",""value"":""United Kingdom""},{""id"":""language"",""name"":""Language"",""value"":""English""},{""id"":""student_status"",""name"":""Student status"",""value"":""No""},{""id"":""employment_status"",""name"":""Employment status"",""value"":""Other""}]}",complete,GB,en,dashboard
44ea90be-e54d-5179-aa70-d338b95f8ec6,prolific,fc246a31-8c63-526d-a473-7671404b2c8d,6fa8f2d94f2a0f7bbdd94f5e11fa76c28f35487375d77e2407c66e6d2e22f1da,fd09024167,unbookmarked,25,United Kingdom,Female,"{""panel_metadata"":{""status"":""AWAITING REVIEW"",""started_at"":""2026-01-12T13:35:38.334000Z"",""time_taken"":5478,""archived_at"":""2026-01-12T15:06:55.854815Z"",""completed_at"":""2026-01-12T15:06:55.510000Z"",""participant_id"":""666af621e0cefa7dc393bbc5"",""completion_code"":""FDC0MPL3T3"",""total_approvals"":1355,""custom_study_tncs_accepted_at"":""Not Applicable""},""extra_profiling_fields"":[{""id"":""llm_detection_result"",""name"":""Llm detection result"",""value"":""Passed""},{""id"":""ethnicity_simplified"",""name"":""Ethnicity simplified"",""value"":""White""},{""id"":""country_of_birth"",""name"":""Country of birth"",""value"":""United Kingdom""},{""id"":""nationality"",""name"":""Nationality"",""value"":""United Kingdom""},{""id"":""language"",""name"":""Language"",""value"":""English""},{""id"":""student_status"",""name"":""Student status"",""value"":""No""},{""id"":""employment_status"",""name"":""Employment status"",""value"":""Part-Time""}]}",complete,GB,en,dashboard
44ea90be-e54d-5179-aa70-d338b95f8ec6,prolific,c3a7824b-33ac-58a2-a6e1-1e5bf06b885b,c01802c5c4146f71e0b3d21cfc22046300eaf8d64ede1889fd16a24fe134693c,fd04818420,unbookmarked,26,United Kingdom,Female,"{""panel_metadata"":{""status"":""AWAITING REVIEW"",""started_at"":""2026-01-12T13:50:07.694000Z"",""time_taken"":4675,""archived_at"":""2026-01-12T15:08:02.145649Z"",""completed_at"":""2026-01-12T15:08:01.796000Z"",""participant_id"":""5bdcdbe6ee652a0001eff5f2"",""completion_code"":""FDC0MPL3T3"",""total_approvals"":1609,""custom_study_tncs_accepted_at"":""Not Applicable""},""extra_profiling_fields"":[{""id"":""llm_detection_result"",""name"":""Llm detection result"",""value"":""Passed""},{""id"":""ethnicity_simplified"",""name"":""Ethnicity simplified"",""value"":""White""},{""id"":""country_of_birth"",""name"":""Country of birth"",""value"":""United Kingdom""},{""id"":""nationality"",""name"":""Nationality"",""value"":""United Kingdom""},{""id"":""language"",""name"":""Language"",""value"":""English""},{""id"":""student_status"",""name"":""Student status"",""value"":""No""}]}",complete,GB,en,dashboard
44ea90be-e54d-5179-aa70-d338b95f8ec6,prolific,3373d476-6120-5f38-a76f-9e45d1b09f5e,c1ae4c183ef3502f8e98b4b6efb82af35772c71435404dba94a7bc69683f4b4a,fd12266924,unbookmarked,34,United Kingdom,Female,"{""panel_metadata"":{""status"":""AWAITING REVIEW"",""started_at"":""2026-01-12T14:12:30.787000Z"",""time_taken"":5639,""archived_at"":""2026-01-12T15:46:29.702375Z"",""completed_at"":""2026-01-12T15:46:29.347000Z"",""participant_id"":""6044aeec82a9db5312244eff"",""completion_code"":""FDC0MPL3T3"",""total_approvals"":1404,""custom_study_tncs_accepted_at"":""Not Applicable""},""extra_profiling_fields"":[{""id"":""llm_detection_result"",""name"":""Llm detection result"",""value"":""Passed""},{""id"":""ethnicity_simplified"",""name"":""Ethnicity simplified"",""value"":""Black""},{""id"":""country_of_birth"",""name"":""Country of birth"",""value"":""Nigeria""},{""id"":""nationality"",""name"":""Nationality"",""value"":""Nigeria""},{""id"":""language"",""name"":""Language"",""value"":""English""},{""id"":""student_status"",""name"":""Student status"",""value"":""No""},{""id"":""employment_status"",""name"":""Employment status"",""value"":""Full-Time""}]}",complete,GB,en,dashboard
44ea90be-e54d-5179-aa70-d338b95f8ec6,prolific,c2f1e8e3-177e-5502-b3e6-95a185043e7b,ddd71cce48a5f2c01e1beb3709dfa6fd129089611bb6e420ebe6456bc2ef7219,fd72325397,unbookmarked,32,United Kingdom,Male,"{""panel_metadata"":{""status"":""AWAITING REVIEW"",""started_at"":""2026-01-12T13:43:13.814000Z"",""time_taken"":5991,""archived_at"":""2026-01-12T15:23:04.537374Z"",""completed_at"":""2026-01-12T15:23:04.136000Z"",""participant_id"":""6570824312e21ad0a49858f4"",""completion_code"":""FDC0MPL3T3"",""total_approvals"":2422,""custom_study_tncs_accepted_at"":""Not Applicable""},""extra_profiling_fields"":[{""id"":""llm_detection_result"",""name"":""Llm detection result"",""value"":""Passed""},{""id"":""ethnicity_simplified"",""name"":""Ethnicity simplified"",""value"":""Asian""},{""id"":""country_of_birth"",""name"":""Country of birth"",""value"":""Malaysia""},{""id"":""nationality"",""name"":""Nationality"",""value"":""Malaysia""},{""id"":""language"",""name"":""Language"",""value"":""Chinese""},{""id"":""student_status"",""name"":""Student status"",""value"":""Yes""},{""id"":""employment_status"",""name"":""Employment status"",""value"":""Full-Time""}]}",complete,GB,en,dashboard
44ea90be-e54d-5179-aa70-d338b95f8ec6,prolific,47809698-e2ce-542a-9b6e-562a58445eda,301bb9ca8c5110ea96d26486eadad6ea92b4e2d83f24fa315ba61ac1679f8ca4,fd60701953,unbookmarked,34,United Kingdom,Female,"{""panel_metadata"":{""status"":""AWAITING REVIEW"",""started_at"":""2026-01-12T13:33:58.529000Z"",""time_taken"":6686,""archived_at"":""2026-01-12T15:25:24.875660Z"",""completed_at"":""2026-01-12T15:25:24.523000Z"",""participant_id"":""6679f0648b065bdab20a6d7a"",""completion_code"":""FDC0MPL3T3"",""total_approvals"":563,""custom_study_tncs_accepted_at"":""Not Applicable""},""extra_profiling_fields"":[{""id"":""llm_detection_result"",""name"":""Llm detection result"",""value"":""Passed""},{""id"":""ethnicity_simplified"",""name"":""Ethnicity simplified"",""value"":""Black""},{""id"":""country_of_birth"",""name"":""Country of birth"",""value"":""Nigeria""},{""id"":""nationality"",""name"":""Nationality"",""value"":""Nigeria""},{""id"":""language"",""name"":""Language"",""value"":""English""},{""id"":""student_status"",""name"":""Student status"",""value"":""Yes""},{""id"":""employment_status"",""name"":""Employment status"",""value"":""Full-Time""}]}",complete,GB,en,dashboard
44ea90be-e54d-5179-aa70-d338b95f8ec6,prolific,653ae687-5284-599c-946d-24f82dd6400f,ef238e3d2511ebb6004afe0718d5fb7a676818d4da2615e68232494a9d4e1b24,fd21161748,unbookmarked,37,United Kingdom,Female,"{""panel_metadata"":{""status"":""AWAITING REVIEW"",""started_at"":""2026-01-12T13:33:07.404000Z"",""time_taken"":4239,""archived_at"":""2026-01-12T14:43:45.946135Z"",""completed_at"":""2026-01-12T14:43:45.571000Z"",""participant_id"":""673775b8e50e84ab46068f30"",""completion_code"":""NOCODE"",""total_approvals"":956,""custom_study_tncs_accepted_at"":""Not Applicable""},""extra_profiling_fields"":[{""id"":""llm_detection_result"",""name"":""Llm detection result"",""value"":""Passed""},{""id"":""ethnicity_simplified"",""name"":""Ethnicity simplified"",""value"":""White""},{""id"":""country_of_birth"",""name"":""Country of birth"",""value"":""United Kingdom""},{""id"":""nationality"",""name"":""Nationality"",""value"":""United Kingdom""},{""id"":""language"",""name"":""Language"",""value"":""English""},{""id"":""student_status"",""name"":""Student status"",""value"":""No""},{""id"":""employment_status"",""name"":""Employment status"",""value"":""Part-Time""}]}",complete,GB,en,dashboard
44ea90be-e54d-5179-aa70-d338b95f8ec6,prolific,3b933722-522d-5667-9018-5a8aaac985dc,67e2869c498d3685e60b055ddf5851d0ead33e1b66b06b84b2300f8da5092010,fd46235514,unbookmarked,34,United Kingdom,Female,"{""panel_metadata"":{""status"":""AWAITING REVIEW"",""started_at"":""2026-01-12T13:48:30.877000Z"",""time_taken"":5399,""archived_at"":""2026-01-12T15:18:30.260683Z"",""completed_at"":""2026-01-12T15:18:29.848000Z"",""participant_id"":""6765725e60d784b1342dd052"",""completion_code"":""FDC0MPL3T3"",""total_approvals"":533,""custom_study_tncs_accepted_at"":""Not Applicable""},""extra_profiling_fields"":[{""id"":""llm_detection_result"",""name"":""Llm detection result"",""value"":""Passed""},{""id"":""ethnicity_simplified"",""name"":""Ethnicity simplified"",""value"":""White""},{""id"":""country_of_birth"",""name"":""Country of birth"",""value"":""United Kingdom""},{""id"":""nationality"",""name"":""Nationality"",""value"":""United Kingdom""},{""id"":""language"",""name"":""Language"",""value"":""English""},{""id"":""employment_status"",""name"":""Employment status"",""value"":""Full-Time""}]}",complete,GB,en,dashboard
44ea90be-e54d-5179-aa70-d338b95f8ec6,prolific,531f3f37-37fa-5dc5-8ac9-a6bcf6002b5e,accc7ca5532074d18679abe265d64be363630cc4227b64a84d5ac964c397af5b,fd75684784,unbookmarked,34,United Kingdom,Male,"{""panel_metadata"":{""status"":""AWAITING REVIEW"",""started_at"":""2026-01-12T13:40:46.728000Z"",""time_taken"":5354,""archived_at"":""2026-01-12T15:10:06.014367Z"",""completed_at"":""2026-01-12T15:10:00.208000Z"",""participant_id"":""67a96562e2b052e6c15ed963"",""completion_code"":""FDCOMPL3T3"",""total_approvals"":1844,""custom_study_tncs_accepted_at"":""Not Applicable""},""extra_profiling_fields"":[{""id"":""llm_detection_result"",""name"":""Llm detection result"",""value"":""Passed""},{""id"":""ethnicity_simplified"",""name"":""Ethnicity simplified"",""value"":""White""},{""id"":""country_of_birth"",""name"":""Country of birth"",""value"":""United Kingdom""},{""id"":""nationality"",""name"":""Nationality"",""value"":""United Kingdom""},{""id"":""language"",""name"":""Language"",""value"":""English""},{""id"":""student_status"",""name"":""Student status"",""value"":""No""},{""id"":""employment_status"",""name"":""Employment status"",""value"":""Other""}]}",complete,GB,en,dashboard
44ea90be-e54d-5179-aa70-d338b95f8ec6,prolific,d20cc8ac-bfee-52c6-81c5-db221a932353,6e1786397b65fc8b57b1d98ff8432612aeaf608bae4e0d786d27392cb7421498,fd40830878,unbookmarked,35,United Kingdom,Female,"{""panel_metadata"":{""status"":""AWAITING REVIEW"",""started_at"":""2026-01-12T14:00:25.883000Z"",""time_taken"":5019,""archived_at"":""2026-01-12T15:24:05.001818Z"",""completed_at"":""2026-01-12T15:24:04.645000Z"",""participant_id"":""59bc25620ac77f0001f05574"",""completion_code"":""FDC0MPL3T3"",""total_approvals"":2820,""custom_study_tncs_accepted_at"":""Not Applicable""},""extra_profiling_fields"":[{""id"":""llm_detection_result"",""name"":""Llm detection result"",""value"":""Passed""},{""id"":""ethnicity_simplified"",""name"":""Ethnicity simplified"",""value"":""White""},{""id"":""country_of_birth"",""name"":""Country of birth"",""value"":""United Kingdom""},{""id"":""nationality"",""name"":""Nationality"",""value"":""United Kingdom""},{""id"":""language"",""name"":""Language"",""value"":""English""},{""id"":""student_status"",""name"":""Student status"",""value"":""No""},{""id"":""employment_status"",""name"":""Employment status"",""value"":""Not in paid work (e.g. homemaker', 'retired or disabled)""}]}",complete,GB,en,dashboard
44ea90be-e54d-5179-aa70-d338b95f8ec6,prolific,2dc1c497-2230-5323-8f7f-98423b916f29,f860a343b8413d77aa04ea53f3da3c46b50a9f5e7909d69f91861a29cedcba06,fd15475613,unbookmarked,36,United Kingdom,Male,"{""panel_metadata"":{""status"":""AWAITING REVIEW"",""started_at"":""2026-01-12T13:34:17.018000Z"",""time_taken"":6878,""archived_at"":""2026-01-12T15:47:34.113906Z"",""completed_at"":""2026-01-12T15:28:54.407000Z"",""participant_id"":""608da9dd3e630867a6efd9b2"",""completion_code"":""NOCODE"",""total_approvals"":3024,""custom_study_tncs_accepted_at"":""Not Applicable""},""extra_profiling_fields"":[{""id"":""llm_detection_result"",""name"":""Llm detection result"",""value"":""Passed""},{""id"":""ethnicity_simplified"",""name"":""Ethnicity simplified"",""value"":""White""},{""id"":""country_of_birth"",""name"":""Country of birth"",""value"":""Poland""},{""id"":""nationality"",""name"":""Nationality"",""value"":""Poland""},{""id"":""language"",""name"":""Language"",""value"":""Polish""},{""id"":""employment_status"",""name"":""Employment status"",""value"":""Full-Time""}]}",complete,GB,en,dashboard
44ea90be-e54d-5179-aa70-d338b95f8ec6,prolific,d080557e-06ad-5322-b3a2-19ccc64550ad,f64f1bfcd1bbc58c58142b12dd0d6f8199a43a8009aa7ff94881bf08a3e9d9dc,fd03903183,unbookmarked,30,United Kingdom,Male,"{""panel_metadata"":{""status"":""AWAITING REVIEW"",""started_at"":""2026-01-12T13:54:14.528000Z"",""time_taken"":5372,""archived_at"":""2026-01-12T15:23:46.818557Z"",""completed_at"":""2026-01-12T15:23:46.448000Z"",""participant_id"":""640485331e13a7bfa4a43d46"",""completion_code"":""FDC0MPL3T3"",""total_approvals"":1393,""custom_study_tncs_accepted_at"":""Not Applicable""},""extra_profiling_fields"":[{""id"":""llm_detection_result"",""name"":""Llm detection result"",""value"":""Passed""},{""id"":""ethnicity_simplified"",""name"":""Ethnicity simplified"",""value"":""White""},{""id"":""country_of_birth"",""name"":""Country of birth"",""value"":""United Kingdom""},{""id"":""nationality"",""name"":""Nationality"",""value"":""United Kingdom""},{""id"":""language"",""name"":""Language"",""value"":""English""},{""id"":""student_status"",""name"":""Student status"",""value"":""No""},{""id"":""employment_status"",""name"":""Employment status"",""value"":""Full-Time""}]}",complete,GB,en,dashboard
44ea90be-e54d-5179-aa70-d338b95f8ec6,prolific,ba2f6e13-e9bd-58f1-a00c-4f1b41bd933a,828fc9c7bfefb568d5ef8b0324125657348f2e495f373cb860805d5058480415,fd06851537,unbookmarked,33,United Kingdom,Female,"{""panel_metadata"":{""status"":""TIMED-OUT"",""started_at"":""2026-01-12T13:34:20.499000Z"",""time_taken"":11775,""archived_at"":""2026-01-12T16:50:34.743621Z"",""participant_id"":""5a9949f035237b00011286a6"",""total_approvals"":1024,""custom_study_tncs_accepted_at"":""Not Applicable""},""extra_profiling_fields"":[{""id"":""llm_detection_result"",""name"":""Llm detection result"",""value"":""Passed""},{""id"":""ethnicity_simplified"",""name"":""Ethnicity simplified"",""value"":""White""},{""id"":""country_of_birth"",""name"":""Country of birth"",""value"":""United Kingdom""},{""id"":""nationality"",""name"":""Nationality"",""value"":""United Kingdom""},{""id"":""language"",""name"":""Language"",""value"":""English""},{""id"":""student_status"",""name"":""Student status"",""value"":""No""},{""id"":""employment_status"",""name"":""Employment status"",""value"":""Full-Time""}]}",complete,GB,en,dashboard
44ea90be-e54d-5179-aa70-d338b95f8ec6,prolific,8a55c9f7-4e65-54c7-85e9-253e8a5904f8,11fc562dc46e1b9a884c43e4e08d2f9f52c1646a557b92b7d70aea42cf9bfa09,fd32604856,unbookmarked,38,United Kingdom,Male,"{""panel_metadata"":{""status"":""AWAITING REVIEW"",""started_at"":""2026-01-12T13:53:08.880000Z"",""time_taken"":5606,""archived_at"":""2026-01-12T15:26:35.214616Z"",""completed_at"":""2026-01-12T15:26:34.860000Z"",""participant_id"":""5c1575e62a407b0001ff2a4c"",""completion_code"":""FDC0MPL3T3"",""total_approvals"":4886,""custom_study_tncs_accepted_at"":""Not Applicable""},""extra_profiling_fields"":[{""id"":""llm_detection_result"",""name"":""Llm detection result"",""value"":""Passed""},{""id"":""ethnicity_simplified"",""name"":""Ethnicity simplified"",""value"":""White""},{""id"":""country_of_birth"",""name"":""Country of birth"",""value"":""United Kingdom""},{""id"":""nationality"",""name"":""Nationality"",""value"":""United Kingdom""},{""id"":""language"",""name"":""Language"",""value"":""English""},{""id"":""student_status"",""name"":""Student status"",""value"":""No""},{""id"":""employment_status"",""name"":""Employment status"",""value"":""Full-Time""}]}",complete,GB,en,dashboard
44ea90be-e54d-5179-aa70-d338b95f8ec6,prolific,e8217008-40fc-536b-a9c7-174e627070fa,6676c55049ac24aaa9cad1e25de40bae08bad30357e1ff59c23d3e2b5503d723,fd78600352,unbookmarked,29,United Kingdom,Male,"{""panel_metadata"":{""status"":""AWAITING REVIEW"",""started_at"":""2026-01-12T14:03:24.282000Z"",""time_taken"":4932,""archived_at"":""2026-01-12T15:25:36.683036Z"",""completed_at"":""2026-01-12T15:25:35.775000Z"",""participant_id"":""5bcdc51fad25080001447512"",""completion_code"":""FDCOMPL3T3"",""total_approvals"":1587,""custom_study_tncs_accepted_at"":""Not Applicable""},""extra_profiling_fields"":[{""id"":""llm_detection_result"",""name"":""Llm detection result"",""value"":""Passed""},{""id"":""ethnicity_simplified"",""name"":""Ethnicity simplified"",""value"":""White""},{""id"":""country_of_birth"",""name"":""Country of birth"",""value"":""United Kingdom""},{""id"":""nationality"",""name"":""Nationality"",""value"":""United Kingdom""},{""id"":""language"",""name"":""Language"",""value"":""English""},{""id"":""student_status"",""name"":""Student status"",""value"":""Yes""},{""id"":""employment_status"",""name"":""Employment status"",""value"":""Full-Time""}]}",complete,GB,en,dashboard
44ea90be-e54d-5179-aa70-d338b95f8ec6,prolific,3a31e584-889e-57d4-b91c-cb2a436af6ad,876a253b3a328fb4c4275c706cffcf288c113f841121e60a80a54e3463e48b89,fd51555092,unbookmarked,26,United Kingdom,Female,"{""panel_metadata"":{""status"":""AWAITING REVIEW"",""started_at"":""2026-01-12T13:55:06.779000Z"",""time_taken"":6333,""archived_at"":""2026-01-12T15:40:39.712784Z"",""completed_at"":""2026-01-12T15:40:39.341000Z"",""participant_id"":""67605e6a382a3f0292c2c6c5"",""completion_code"":""FDC0MPL3T3"",""total_approvals"":864,""custom_study_tncs_accepted_at"":""Not Applicable""},""extra_profiling_fields"":[{""id"":""llm_detection_result"",""name"":""Llm detection result"",""value"":""Passed""},{""id"":""ethnicity_simplified"",""name"":""Ethnicity simplified"",""value"":""White""},{""id"":""country_of_birth"",""name"":""Country of birth"",""value"":""United Kingdom""},{""id"":""nationality"",""name"":""Nationality"",""value"":""United Kingdom""},{""id"":""language"",""name"":""Language"",""value"":""English""}]}",complete,GB,en,dashboard
44ea90be-e54d-5179-aa70-d338b95f8ec6,prolific,163ac3fd-ee6a-56c4-b6e4-54582587bb8d,b13a8908e0ea2383970856754960518d3d86a1e43b0151266a19041a2304dd57,fd10297759,unbookmarked,34,United Kingdom,Male,"{""panel_metadata"":{""status"":""AWAITING REVIEW"",""started_at"":""2026-01-12T13:34:08.997000Z"",""time_taken"":6756,""archived_at"":""2026-01-12T15:26:44.653783Z"",""completed_at"":""2026-01-12T15:26:44.238000Z"",""participant_id"":""6522fa3ac0163b9e739d097d"",""completion_code"":""FDC0MPL3T3"",""total_approvals"":192,""custom_study_tncs_accepted_at"":""Not Applicable""},""extra_profiling_fields"":[{""id"":""llm_detection_result"",""name"":""Llm detection result"",""value"":""Passed""},{""id"":""ethnicity_simplified"",""name"":""Ethnicity simplified"",""value"":""Asian""},{""id"":""country_of_birth"",""name"":""Country of birth"",""value"":""United Kingdom""},{""id"":""nationality"",""name"":""Nationality"",""value"":""United Kingdom""},{""id"":""language"",""name"":""Language"",""value"":""English""},{""id"":""student_status"",""name"":""Student status"",""value"":""No""},{""id"":""employment_status"",""name"":""Employment status"",""value"":""Full-Time""}]}",complete,GB,en,dashboard
44ea90be-e54d-5179-aa70-d338b95f8ec6,prolific,6ebf1869-0798-5a34-a1fb-a35c320f2281,7ada2573d5630dde76ff9b75c5063ebda561729a14f88a68e5454b09bda49547,fd89194785,unbookmarked,34,United Kingdom,Female,"{""panel_metadata"":{""status"":""AWAITING REVIEW"",""started_at"":""2026-01-12T13:53:42.766000Z"",""time_taken"":5939,""archived_at"":""2026-01-12T15:32:41.882589Z"",""completed_at"":""2026-01-12T15:32:41.541000Z"",""participant_id"":""5907759360850a00019b399e"",""completion_code"":""FDCOMPL3T3"",""total_approvals"":1261,""custom_study_tncs_accepted_at"":""Not Applicable""},""extra_profiling_fields"":[{""id"":""llm_detection_result"",""name"":""Llm detection result"",""value"":""Passed""},{""id"":""ethnicity_simplified"",""name"":""Ethnicity simplified"",""value"":""White""},{""id"":""country_of_birth"",""name"":""Country of birth"",""value"":""United Kingdom""},{""id"":""nationality"",""name"":""Nationality"",""value"":""United Kingdom""},{""id"":""language"",""name"":""Language"",""value"":""English""},{""id"":""student_status"",""name"":""Student status"",""value"":""No""},{""id"":""employment_status"",""name"":""Employment status"",""value"":""Full-Time""}]}",complete,GB,en,dashboard
44ea90be-e54d-5179-aa70-d338b95f8ec6,prolific,8a17d6a3-96c8-5c34-a794-6055f3e5583e,d02e95db8d92d6999ac15120738cb3fbf9f26aabbe4738d756db6d7ee340a7d6,fd42160528,unbookmarked,39,United Kingdom,Female,"{""panel_metadata"":{""status"":""AWAITING REVIEW"",""started_at"":""2026-01-12T13:41:09.091000Z"",""time_taken"":5152,""archived_at"":""2026-01-12T15:44:29.630040Z"",""completed_at"":""2026-01-12T15:07:00.250000Z"",""participant_id"":""6127d9f67a9a57d0ef7a6f52"",""completion_code"":""NOCODE"",""total_approvals"":1088,""custom_study_tncs_accepted_at"":""Not Applicable""},""extra_profiling_fields"":[{""id"":""llm_detection_result"",""name"":""Llm detection result"",""value"":""Passed""},{""id"":""ethnicity_simplified"",""name"":""Ethnicity simplified"",""value"":""White""},{""id"":""country_of_birth"",""name"":""Country of birth"",""value"":""United Kingdom""},{""id"":""nationality"",""name"":""Nationality"",""value"":""United Kingdom""},{""id"":""language"",""name"":""Language"",""value"":""English""},{""id"":""student_status"",""name"":""Student status"",""value"":""No""},{""id"":""employment_status"",""name"":""Employment status"",""value"":""Part-Time""}]}",complete,GB,en,dashboard
44ea90be-e54d-5179-aa70-d338b95f8ec6,prolific,ae5cb46a-a2e2-505e-9a8b-a9aab4a68578,e9d4d4d6e15974e56b3961dc1ed1077a8320e1d36258a73ffd4ed2b4056eb657,fd20657454,unbookmarked,27,United Kingdom,Male,"{""panel_metadata"":{""status"":""AWAITING REVIEW"",""started_at"":""2026-01-12T13:46:24.049000Z"",""time_taken"":5223,""archived_at"":""2026-01-12T15:13:26.633791Z"",""completed_at"":""2026-01-12T15:13:26.294000Z"",""participant_id"":""5f4412624052727181839e3a"",""completion_code"":""FDC0MPL3T3"",""total_approvals"":3289,""custom_study_tncs_accepted_at"":""Not Applicable""},""extra_profiling_fields"":[{""id"":""llm_detection_result"",""name"":""Llm detection result"",""value"":""Passed""},{""id"":""ethnicity_simplified"",""name"":""Ethnicity simplified"",""value"":""White""},{""id"":""country_of_birth"",""name"":""Country of birth"",""value"":""United Kingdom""},{""id"":""nationality"",""name"":""Nationality"",""value"":""United Kingdom""},{""id"":""language"",""name"":""Language"",""value"":""English""},{""id"":""student_status"",""name"":""Student status"",""value"":""No""},{""id"":""employment_status"",""name"":""Employment status"",""value"":""Full-Time""}]}",complete,GB,en,dashboard
44ea90be-e54d-5179-aa70-d338b95f8ec6,prolific,66191019-d004-54d2-b598-590b35d83910,cd7295e782ba1a6c8e284ffdc4597320f451b0084822edd34620f4a3f316f9f8,fd24312219,unbookmarked,29,United Kingdom,Female,"{""panel_metadata"":{""status"":""AWAITING REVIEW"",""started_at"":""2026-01-12T13:43:27.846000Z"",""time_taken"":5203,""archived_at"":""2026-01-12T15:10:10.995301Z"",""completed_at"":""2026-01-12T15:10:10.636000Z"",""participant_id"":""5eeb58ec4c86582a76ff55ec"",""completion_code"":""FDC0MPL3T3"",""total_approvals"":2633,""custom_study_tncs_accepted_at"":""Not Applicable""},""extra_profiling_fields"":[{""id"":""llm_detection_result"",""name"":""Llm detection result"",""value"":""Passed""},{""id"":""ethnicity_simplified"",""name"":""Ethnicity simplified"",""value"":""White""},{""id"":""country_of_birth"",""name"":""Country of birth"",""value"":""United Kingdom""},{""id"":""nationality"",""name"":""Nationality"",""value"":""United Kingdom""},{""id"":""language"",""name"":""Language"",""value"":""English""},{""id"":""student_status"",""name"":""Student status"",""value"":""No""},{""id"":""employment_status"",""name"":""Employment status"",""value"":""Full-Time""}]}",complete,GB,en,dashboard
44ea90be-e54d-5179-aa70-d338b95f8ec6,prolific,85fac454-23a5-50d1-aa2a-dbec452be82b,65a07ade39d907764f22102defddb40fc38c1df6888708adbb2c4b7752a12a30,fd85109236,unbookmarked,29,United Kingdom,Female,"{""panel_metadata"":{""status"":""AWAITING REVIEW"",""started_at"":""2026-01-12T13:40:46.072000Z"",""time_taken"":6141,""archived_at"":""2026-01-12T15:23:07.185342Z"",""completed_at"":""2026-01-12T15:23:06.803000Z"",""participant_id"":""5d766978f47e6200019a2acf"",""completion_code"":""FDC0MPL3T3"",""total_approvals"":2189,""custom_study_tncs_accepted_at"":""Not Applicable""},""extra_profiling_fields"":[{""id"":""llm_detection_result"",""name"":""Llm detection result"",""value"":""Passed""},{""id"":""ethnicity_simplified"",""name"":""Ethnicity simplified"",""value"":""Other""},{""id"":""country_of_birth"",""name"":""Country of birth"",""value"":""United Kingdom""},{""id"":""nationality"",""name"":""Nationality"",""value"":""United Kingdom""},{""id"":""language"",""name"":""Language"",""value"":""English""},{""id"":""student_status"",""name"":""Student status"",""value"":""No""},{""id"":""employment_status"",""name"":""Employment status"",""value"":""Other""}]}",complete,GB,en,dashboard
44ea90be-e54d-5179-aa70-d338b95f8ec6,prolific,23d725a8-1dbd-5c84-9c93-e4540447b426,5a3282cdd697a5ac4c81dc3da7829f8f4487708be9fdf9d47b66b7d5bf48ec66,fd65506068,unbookmarked,36,United Kingdom,Female,"{""panel_metadata"":{""status"":""AWAITING REVIEW"",""started_at"":""2026-01-12T13:54:19.101000Z"",""time_taken"":5373,""archived_at"":""2026-01-12T15:23:51.746492Z"",""completed_at"":""2026-01-12T15:23:51.414000Z"",""participant_id"":""5cca067547bb9e00134bd672"",""completion_code"":""FDC0MPL3T3"",""total_approvals"":1319,""custom_study_tncs_accepted_at"":""Not Applicable""},""extra_profiling_fields"":[{""id"":""llm_detection_result"",""name"":""Llm detection result"",""value"":""Passed""},{""id"":""ethnicity_simplified"",""name"":""Ethnicity simplified"",""value"":""White""},{""id"":""country_of_birth"",""name"":""Country of birth"",""value"":""United Kingdom""},{""id"":""nationality"",""name"":""Nationality"",""value"":""United Kingdom""},{""id"":""language"",""name"":""Language"",""value"":""English""},{""id"":""student_status"",""name"":""Student status"",""value"":""No""},{""id"":""employment_status"",""name"":""Employment status"",""value"":""Full-Time""}]}",complete,GB,en,dashboard
44ea90be-e54d-5179-aa70-d338b95f8ec6,prolific,8b17c00f-50e5-57a1-8e6a-4cee9d86c641,a2ee52964a0074a618f5c5abad4c6c23cdd945f2e9c34328ae28aff053ae2a59,fd97782649,unbookmarked,33,United Kingdom,Female,"{""panel_metadata"":{""status"":""AWAITING REVIEW"",""started_at"":""2026-01-12T13:34:58.384000Z"",""time_taken"":5679,""archived_at"":""2026-01-12T15:09:37.629907Z"",""completed_at"":""2026-01-12T15:09:37.308000Z"",""participant_id"":""5e50ecfc5bac4311db8b381b"",""completion_code"":""FDC0MPL3T3"",""total_approvals"":2102,""custom_study_tncs_accepted_at"":""Not Applicable""},""extra_profiling_fields"":[{""id"":""llm_detection_result"",""name"":""Llm detection result"",""value"":""Passed""},{""id"":""ethnicity_simplified"",""name"":""Ethnicity simplified"",""value"":""White""},{""id"":""country_of_birth"",""name"":""Country of birth"",""value"":""United Kingdom""},{""id"":""nationality"",""name"":""Nationality"",""value"":""United Kingdom""},{""id"":""language"",""name"":""Language"",""value"":""English""},{""id"":""student_status"",""name"":""Student status"",""value"":""No""},{""id"":""employment_status"",""name"":""Employment status"",""value"":""Full-Time""}]}",complete,GB,en,dashboard
44ea90be-e54d-5179-aa70-d338b95f8ec6,prolific,3b80479c-6662-5f02-9439-856c7395e334,88adff558f183b7d47a984104c05ea6be994c393791463b49231d362c3d41005,fd61374036,unbookmarked,32,United Kingdom,Female,"{""panel_metadata"":{""status"":""AWAITING REVIEW"",""started_at"":""2026-01-12T13:35:21.215000Z"",""time_taken"":5039,""archived_at"":""2026-01-12T14:59:20.492158Z"",""completed_at"":""2026-01-12T14:59:20.163000Z"",""participant_id"":""595fd893a670a10001941bf9"",""completion_code"":""NOCODE"",""total_approvals"":608,""custom_study_tncs_accepted_at"":""Not Applicable""},""extra_profiling_fields"":[{""id"":""llm_detection_result"",""name"":""Llm detection result"",""value"":""Passed""},{""id"":""ethnicity_simplified"",""name"":""Ethnicity simplified"",""value"":""White""},{""id"":""country_of_birth"",""name"":""Country of birth"",""value"":""United Kingdom""},{""id"":""nationality"",""name"":""Nationality"",""value"":""United Kingdom""},{""id"":""language"",""name"":""Language"",""value"":""English""},{""id"":""student_status"",""name"":""Student status"",""value"":""No""},{""id"":""employment_status"",""name"":""Employment status"",""value"":""Full-Time""}]}",complete,GB,en,dashboard
44ea90be-e54d-5179-aa70-d338b95f8ec6,prolific,239d389f-3f2f-51f3-850b-07a0c8cb2e0c,0b4eee51924dbefe1fccc89abe58ec1ed38c91fdf1b4aa8c1d511022b037b368,fd84176432,unbookmarked,30,United Kingdom,Female,"{""panel_metadata"":{""status"":""AWAITING REVIEW"",""started_at"":""2026-01-12T13:44:59.400000Z"",""time_taken"":4924,""archived_at"":""2026-01-12T15:07:03.555136Z"",""completed_at"":""2026-01-12T15:07:03.205000Z"",""participant_id"":""56f699e876348f000c883bba"",""completion_code"":""FDC0MPL3T3"",""total_approvals"":5704,""custom_study_tncs_accepted_at"":""Not Applicable""},""extra_profiling_fields"":[{""id"":""llm_detection_result"",""name"":""Llm detection result"",""value"":""Passed""},{""id"":""ethnicity_simplified"",""name"":""Ethnicity simplified"",""value"":""White""},{""id"":""country_of_birth"",""name"":""Country of birth"",""value"":""United Kingdom""},{""id"":""nationality"",""name"":""Nationality"",""value"":""United Kingdom""},{""id"":""language"",""name"":""Language"",""value"":""English""},{""id"":""student_status"",""name"":""Student status"",""value"":""No""},{""id"":""employment_status"",""name"":""Employment status"",""value"":""Full-Time""}]}",complete,GB,en,dashboard
44ea90be-e54d-5179-aa70-d338b95f8ec6,prolific,48ddb0f2-10b6-57fa-8cf8-210f4ace5fbc,6deca56bc250825d56c98a3f7886e8320610b5017e0fe12a7f8e5985867ebc09,fd29403856,unbookmarked,29,United Kingdom,Female,"{""panel_metadata"":{""status"":""TIMED-OUT"",""started_at"":""2026-01-12T13:32:58.203000Z"",""time_taken"":11857,""archived_at"":""2026-01-12T16:50:34.739712Z"",""participant_id"":""65c8d70512b2fc050e53d0d1"",""total_approvals"":1930,""custom_study_tncs_accepted_at"":""Not Applicable""},""extra_profiling_fields"":[{""id"":""llm_detection_result"",""name"":""Llm detection result"",""value"":""Passed""},{""id"":""ethnicity_simplified"",""name"":""Ethnicity simplified"",""value"":""Black""},{""id"":""country_of_birth"",""name"":""Country of birth"",""value"":""United Kingdom""},{""id"":""nationality"",""name"":""Nationality"",""value"":""United Kingdom""},{""id"":""language"",""name"":""Language"",""value"":""English""},{""id"":""student_status"",""name"":""Student status"",""value"":""No""},{""id"":""employment_status"",""name"":""Employment status"",""value"":""Full-Time""}]}",complete,GB,en,dashboard
44ea90be-e54d-5179-aa70-d338b95f8ec6,prolific,12910e7a-a205-5798-9d2d-41554574dfef,4b247691294091d881dff84ee606c63db2a8ec14c96f1bbf1d3df1dbc631105c,fd25936740,unbookmarked,31,United Kingdom,Female,"{""panel_metadata"":{""status"":""AWAITING REVIEW"",""started_at"":""2026-01-12T13:33:23.846000Z"",""time_taken"":4840,""archived_at"":""2026-01-12T14:54:03.423142Z"",""completed_at"":""2026-01-12T14:54:03.070000Z"",""participant_id"":""671de38b70419e476bff2e09"",""completion_code"":""FDC0MPL3T3"",""total_approvals"":786,""custom_study_tncs_accepted_at"":""Not Applicable""},""extra_profiling_fields"":[{""id"":""llm_detection_result"",""name"":""Llm detection result"",""value"":""Passed""},{""id"":""ethnicity_simplified"",""name"":""Ethnicity simplified"",""value"":""White""},{""id"":""country_of_birth"",""name"":""Country of birth"",""value"":""United Kingdom""},{""id"":""nationality"",""name"":""Nationality"",""value"":""United Kingdom""},{""id"":""language"",""name"":""Language"",""value"":""English""},{""id"":""student_status"",""name"":""Student status"",""value"":""No""},{""id"":""employment_status"",""name"":""Employment status"",""value"":""Full-Time""}]}",complete,GB,en,dashboard
44ea90be-e54d-5179-aa70-d338b95f8ec6,prolific,79cb7fed-a5f4-54db-b005-b93cbc1eab5c,cc90263c9d4e5bdfa6402526c4ec1e7d24df1483d09208bc90b691e4732a25f1,fd13117687,unbookmarked,32,United Kingdom,Female,"{""panel_metadata"":{""status"":""AWAITING REVIEW"",""started_at"":""2026-01-12T14:06:13.643000Z"",""time_taken"":6115,""archived_at"":""2026-01-12T15:48:08.908453Z"",""completed_at"":""2026-01-12T15:48:08.533000Z"",""participant_id"":""5a1dda5480acd8000104a12b"",""completion_code"":""FDC0MPL3T3"",""total_approvals"":1489,""custom_study_tncs_accepted_at"":""Not Applicable""},""extra_profiling_fields"":[{""id"":""llm_detection_result"",""name"":""Llm detection result"",""value"":""Passed""},{""id"":""ethnicity_simplified"",""name"":""Ethnicity simplified"",""value"":""Asian""},{""id"":""country_of_birth"",""name"":""Country of birth"",""value"":""United Kingdom""},{""id"":""nationality"",""name"":""Nationality"",""value"":""United Kingdom""},{""id"":""student_status"",""name"":""Student status"",""value"":""No""},{""id"":""employment_status"",""name"":""Employment status"",""value"":""Not in paid work (e.g. homemaker', 'retired or disabled)""}]}",complete,GB,en,dashboard
44ea90be-e54d-5179-aa70-d338b95f8ec6,prolific,55f451e1-91f1-5682-9aea-d8d11ea6eb78,ee9837b2927479cfec1d5dfd850f17bc9c21bf2b09cd93d8d318e1fd10c12e9a,fd80517268,unbookmarked,36,United Kingdom,Male,"{""panel_metadata"":{""status"":""AWAITING REVIEW"",""started_at"":""2026-01-12T13:35:13.268000Z"",""time_taken"":6227,""archived_at"":""2026-01-12T15:19:00.450915Z"",""completed_at"":""2026-01-12T15:19:00.118000Z"",""participant_id"":""5c3f9ae8ef1d0d0001b2d5e4"",""completion_code"":""FDC0MPL3T3"",""total_approvals"":5100,""custom_study_tncs_accepted_at"":""Not Applicable""},""extra_profiling_fields"":[{""id"":""llm_detection_result"",""name"":""Llm detection result"",""value"":""Passed""},{""id"":""ethnicity_simplified"",""name"":""Ethnicity simplified"",""value"":""White""},{""id"":""country_of_birth"",""name"":""Country of birth"",""value"":""United Kingdom""},{""id"":""nationality"",""name"":""Nationality"",""value"":""United Kingdom""},{""id"":""language"",""name"":""Language"",""value"":""English""},{""id"":""student_status"",""name"":""Student status"",""value"":""No""},{""id"":""employment_status"",""name"":""Employment status"",""value"":""Full-Time""}]}",complete,GB,en,dashboard
44ea90be-e54d-5179-aa70-d338b95f8ec6,prolific,b8f7b67a-4a99-5e20-889f-c9012f921870,c4d6b4efb7773683949fcf3c28401f6777970d0742d74106bf39b26ef95ada86,fd19344653,unbookmarked,38,United Kingdom,Female,"{""panel_metadata"":{""status"":""AWAITING REVIEW"",""started_at"":""2026-01-12T13:34:19.807000Z"",""time_taken"":2532,""archived_at"":""2026-01-12T14:49:57.208865Z"",""completed_at"":""2026-01-12T14:16:31.142000Z"",""participant_id"":""5e51dc7483c96c2148353e25"",""completion_code"":""NOCODE"",""total_approvals"":2273,""custom_study_tncs_accepted_at"":""Not Applicable""},""extra_profiling_fields"":[{""id"":""llm_detection_result"",""name"":""Llm detection result"",""value"":""Passed""},{""id"":""ethnicity_simplified"",""name"":""Ethnicity simplified"",""value"":""White""},{""id"":""country_of_birth"",""name"":""Country of birth"",""value"":""United States""},{""id"":""nationality"",""name"":""Nationality"",""value"":""United States""},{""id"":""language"",""name"":""Language"",""value"":""English""},{""id"":""student_status"",""name"":""Student status"",""value"":""Yes""},{""id"":""employment_status"",""name"":""Employment status"",""value"":""Full-Time""}]}",complete,GB,en,dashboard
44ea90be-e54d-5179-aa70-d338b95f8ec6,prolific,ea701384-952f-5f01-82d6-51df27e86d16,f9230896ed60457d135b3cb042ce4a3f1321f8c6053c66919ffdf460f97d9d53,fd35414173,unbookmarked,32,United Kingdom,Female,"{""panel_metadata"":{""status"":""AWAITING REVIEW"",""started_at"":""2026-01-12T14:01:22.648000Z"",""time_taken"":5396,""archived_at"":""2026-01-12T15:31:18.185913Z"",""completed_at"":""2026-01-12T15:31:17.842000Z"",""participant_id"":""671a5785170a0f6380c51f28"",""completion_code"":""FDC0MPL3T3"",""total_approvals"":2412,""custom_study_tncs_accepted_at"":""Not Applicable""},""extra_profiling_fields"":[{""id"":""llm_detection_result"",""name"":""Llm detection result"",""value"":""Passed""},{""id"":""ethnicity_simplified"",""name"":""Ethnicity simplified"",""value"":""Black""},{""id"":""country_of_birth"",""name"":""Country of birth"",""value"":""Nigeria""},{""id"":""nationality"",""name"":""Nationality"",""value"":""Nigeria""},{""id"":""language"",""name"":""Language"",""value"":""English""},{""id"":""student_status"",""name"":""Student status"",""value"":""No""},{""id"":""employment_status"",""name"":""Employment status"",""value"":""Part-Time""}]}",complete,GB,en,dashboard
44ea90be-e54d-5179-aa70-d338b95f8ec6,prolific,c63a26e3-744d-5c90-bd02-248c63aac6a8,615ca3365d91ccda1b4bf8cf5343ab56a343e8f432c63a3e0cdad5d981e3942e,fd82110363,unbookmarked,38,United Kingdom,Female,"{""panel_metadata"":{""status"":""AWAITING REVIEW"",""started_at"":""2026-01-12T13:45:02.334000Z"",""time_taken"":5625,""archived_at"":""2026-01-12T15:18:47.612314Z"",""completed_at"":""2026-01-12T15:18:47.266000Z"",""participant_id"":""5d53e3e4c5248c0018e31d79"",""completion_code"":""FDC0MPL3T3"",""total_approvals"":959,""custom_study_tncs_accepted_at"":""Not Applicable""},""extra_profiling_fields"":[{""id"":""llm_detection_result"",""name"":""Llm detection result"",""value"":""Passed""},{""id"":""ethnicity_simplified"",""name"":""Ethnicity simplified"",""value"":""Mixed""},{""id"":""country_of_birth"",""name"":""Country of birth"",""value"":""Brunei Darussalam""},{""id"":""nationality"",""name"":""Nationality"",""value"":""United Kingdom""},{""id"":""language"",""name"":""Language"",""value"":""English""},{""id"":""student_status"",""name"":""Student status"",""value"":""No""},{""id"":""employment_status"",""name"":""Employment status"",""value"":""Part-Time""}]}",complete,GB,en,dashboard
44ea90be-e54d-5179-aa70-d338b95f8ec6,prolific,b7b1f801-4a04-5d47-83cf-3a5578f24815,e210467a8797a5d77dcb562a4622c95db316242030105327b599c5a626c68d39,fd60779953,unbookmarked,27,United Kingdom,Female,"{""panel_metadata"":{""status"":""AWAITING REVIEW"",""started_at"":""2026-01-12T13:37:06.926000Z"",""time_taken"":5778,""archived_at"":""2026-01-12T15:13:24.628483Z"",""completed_at"":""2026-01-12T15:13:24.279000Z"",""participant_id"":""6658b12b0f761f4d8def85b3"",""completion_code"":""FDC0MPL3T3"",""total_approvals"":677,""custom_study_tncs_accepted_at"":""Not Applicable""},""extra_profiling_fields"":[{""id"":""llm_detection_result"",""name"":""Llm detection result"",""value"":""Passed""},{""id"":""ethnicity_simplified"",""name"":""Ethnicity simplified"",""value"":""White""},{""id"":""country_of_birth"",""name"":""Country of birth"",""value"":""Poland""},{""id"":""nationality"",""name"":""Nationality"",""value"":""United Kingdom""},{""id"":""language"",""name"":""Language"",""value"":""Polish""},{""id"":""student_status"",""name"":""Student status"",""value"":""No""},{""id"":""employment_status"",""name"":""Employment status"",""value"":""Full-Time""}]}",complete,GB,en,dashboard
44ea90be-e54d-5179-aa70-d338b95f8ec6,prolific,7bbfec1d-7355-5a10-9888-e15ab6322fd3,3b0c75558a7f7266cbee4df053e6359a79664c938ceba17c973059eac91bc816,fd04774989,unbookmarked,27,United Kingdom,Female,"{""panel_metadata"":{""status"":""AWAITING REVIEW"",""started_at"":""2026-01-12T13:50:07.588000Z"",""time_taken"":5278,""archived_at"":""2026-01-12T15:18:05.869561Z"",""completed_at"":""2026-01-12T15:18:05.516000Z"",""participant_id"":""62fb8e94ce94179d6a4e8277"",""completion_code"":""FDC0MPL3T3"",""total_approvals"":2282,""custom_study_tncs_accepted_at"":""Not Applicable""},""extra_profiling_fields"":[{""id"":""llm_detection_result"",""name"":""Llm detection result"",""value"":""Passed""},{""id"":""ethnicity_simplified"",""name"":""Ethnicity simplified"",""value"":""White""},{""id"":""country_of_birth"",""name"":""Country of birth"",""value"":""United Kingdom""},{""id"":""nationality"",""name"":""Nationality"",""value"":""United Kingdom""},{""id"":""language"",""name"":""Language"",""value"":""English""},{""id"":""student_status"",""name"":""Student status"",""value"":""No""},{""id"":""employment_status"",""name"":""Employment status"",""value"":""Full-Time""}]}",complete,GB,en,dashboard
44ea90be-e54d-5179-aa70-d338b95f8ec6,prolific,a95adea7-b764-5996-8f1b-c08194928381,1be466cb6331ac903da4c09a50a88a675695dc7129a6949290a7d28f29511c06,fd12906121,unbookmarked,31,United Kingdom,Female,"{""panel_metadata"":{""status"":""AWAITING REVIEW"",""started_at"":""2026-01-12T14:05:29.833000Z"",""time_taken"":4895,""archived_at"":""2026-01-12T15:27:04.922616Z"",""completed_at"":""2026-01-12T15:27:04.597000Z"",""participant_id"":""60fd10c732b8b8975b595649"",""completion_code"":""FDC0MPL3T3"",""total_approvals"":1115,""custom_study_tncs_accepted_at"":""Not Applicable""},""extra_profiling_fields"":[{""id"":""llm_detection_result"",""name"":""Llm detection result"",""value"":""Passed""},{""id"":""ethnicity_simplified"",""name"":""Ethnicity simplified"",""value"":""White""},{""id"":""country_of_birth"",""name"":""Country of birth"",""value"":""United Kingdom""},{""id"":""nationality"",""name"":""Nationality"",""value"":""United Kingdom""},{""id"":""language"",""name"":""Language"",""value"":""English""},{""id"":""student_status"",""name"":""Student status"",""value"":""No""},{""id"":""employment_status"",""name"":""Employment status"",""value"":""Full-Time""}]}",complete,GB,en,dashboard
44ea90be-e54d-5179-aa70-d338b95f8ec6,prolific,f0797db9-3b56-586c-ab67-6385a8401766,98bfd85894c49894ef890070367dabdde146d1d30fce123c2b6c99a60bda42e8,fd91797256,unbookmarked,40,United Kingdom,Male,"{""panel_metadata"":{""status"":""AWAITING REVIEW"",""started_at"":""2026-01-12T14:08:18.703000Z"",""time_taken"":6742,""archived_at"":""2026-01-12T16:00:40.576106Z"",""completed_at"":""2026-01-12T16:00:40.206000Z"",""participant_id"":""56cb314508d7300005fd312a"",""completion_code"":""FDC0MPL3T3"",""total_approvals"":2817,""custom_study_tncs_accepted_at"":""Not Applicable""},""extra_profiling_fields"":[{""id"":""llm_detection_result"",""name"":""Llm detection result"",""value"":""Passed""},{""id"":""ethnicity_simplified"",""name"":""Ethnicity simplified"",""value"":""White""},{""id"":""country_of_birth"",""name"":""Country of birth"",""value"":""Bulgaria""},{""id"":""nationality"",""name"":""Nationality"",""value"":""Bulgaria""},{""id"":""language"",""name"":""Language"",""value"":""Bulgarian""},{""id"":""student_status"",""name"":""Student status"",""value"":""No""},{""id"":""employment_status"",""name"":""Employment status"",""value"":""Full-Time""}]}",complete,GB,en,dashboard
44ea90be-e54d-5179-aa70-d338b95f8ec6,prolific,57fd088a-8011-5590-aa96-c20bfa57808b,0c7c7e3fd8a8eba455126d141c533cf777cffc8067ddddab6d6c3dad5ac261e0,fd43558894,unbookmarked,29,United Kingdom,Male,"{""panel_metadata"":{""status"":""AWAITING REVIEW"",""started_at"":""2026-01-12T13:57:42.465000Z"",""time_taken"":5357,""archived_at"":""2026-01-12T15:26:59.168953Z"",""completed_at"":""2026-01-12T15:26:58.808000Z"",""participant_id"":""6779b59fcee735f80b55aa62"",""completion_code"":""FDC0MPL3T3"",""total_approvals"":521,""custom_study_tncs_accepted_at"":""Not Applicable""},""extra_profiling_fields"":[{""id"":""llm_detection_result"",""name"":""Llm detection result"",""value"":""Passed""},{""id"":""ethnicity_simplified"",""name"":""Ethnicity simplified"",""value"":""Black""},{""id"":""country_of_birth"",""name"":""Country of birth"",""value"":""United Kingdom""},{""id"":""nationality"",""name"":""Nationality"",""value"":""United Kingdom""},{""id"":""language"",""name"":""Language"",""value"":""English""},{""id"":""student_status"",""name"":""Student status"",""value"":""No""},{""id"":""employment_status"",""name"":""Employment status"",""value"":""Full-Time""}]}",complete,GB,en,dashboard
44ea90be-e54d-5179-aa70-d338b95f8ec6,prolific,be4881f8-9e9f-5f64-8b44-1ada306b06b2,9df18a125c5744c38133aab20973baa55469ffd4d13dbb28855f58dc066dd16c,fd22362376,unbookmarked,39,United Kingdom,Male,"{""panel_metadata"":{""status"":""TIMED-OUT"",""started_at"":""2026-01-12T13:33:02.399000Z"",""time_taken"":11853,""archived_at"":""2026-01-12T16:50:34.742999Z"",""participant_id"":""5de4eec72cf204481c6e5c1e"",""total_approvals"":2988,""custom_study_tncs_accepted_at"":""Not Applicable""},""extra_profiling_fields"":[{""id"":""llm_detection_result"",""name"":""Llm detection result"",""value"":""Passed""},{""id"":""ethnicity_simplified"",""name"":""Ethnicity simplified"",""value"":""White""},{""id"":""country_of_birth"",""name"":""Country of birth"",""value"":""United Kingdom""},{""id"":""nationality"",""name"":""Nationality"",""value"":""United Kingdom""},{""id"":""language"",""name"":""Language"",""value"":""English""},{""id"":""student_status"",""name"":""Student status"",""value"":""No""},{""id"":""employment_status"",""name"":""Employment status"",""value"":""Full-Time""}]}",complete,GB,en,dashboard
44ea90be-e54d-5179-aa70-d338b95f8ec6,prolific,68ebec05-77ba-5027-9cd9-824ecf583cdb,82dc99957da5ea457c4bdeffeef63678343b9416d0ad9a5c8fe97f70482b07fd,fd15215607,unbookmarked,30,United Kingdom,Male,"{""panel_metadata"":{""status"":""AWAITING REVIEW"",""started_at"":""2026-01-12T13:34:59.623000Z"",""time_taken"":5533,""archived_at"":""2026-01-12T15:07:12.584814Z"",""completed_at"":""2026-01-12T15:07:12.223000Z"",""participant_id"":""63d7a26f594b17eba6a83328"",""completion_code"":""FDC0MPL3T3"",""total_approvals"":1701,""custom_study_tncs_accepted_at"":""Not Applicable""},""extra_profiling_fields"":[{""id"":""llm_detection_result"",""name"":""Llm detection result"",""value"":""Passed""},{""id"":""ethnicity_simplified"",""name"":""Ethnicity simplified"",""value"":""White""},{""id"":""country_of_birth"",""name"":""Country of birth"",""value"":""United Kingdom""},{""id"":""nationality"",""name"":""Nationality"",""value"":""United Kingdom""},{""id"":""language"",""name"":""Language"",""value"":""English""},{""id"":""student_status"",""name"":""Student status"",""value"":""No""},{""id"":""employment_status"",""name"":""Employment status"",""value"":""Full-Time""}]}",complete,GB,en,dashboard
44ea90be-e54d-5179-aa70-d338b95f8ec6,prolific,4de0d909-e6e7-5f4b-ab4f-e54ad4d62444,456c4530ca9bfcb05d0c26881393e1374210ddc25e5dc818793ba6e4d4d681d2,fd45340876,unbookmarked,29,United Kingdom,Female,"{""panel_metadata"":{""status"":""AWAITING REVIEW"",""started_at"":""2026-01-12T14:04:29.630000Z"",""time_taken"":5344,""archived_at"":""2026-01-12T15:33:33.960624Z"",""completed_at"":""2026-01-12T15:33:33.596000Z"",""participant_id"":""672e9251945824dd3bd2cf51"",""completion_code"":""FDC0MPL3T3"",""total_approvals"":375,""custom_study_tncs_accepted_at"":""Not Applicable""},""extra_profiling_fields"":[{""id"":""llm_detection_result"",""name"":""Llm detection result"",""value"":""Passed""},{""id"":""ethnicity_simplified"",""name"":""Ethnicity simplified"",""value"":""Black""},{""id"":""country_of_birth"",""name"":""Country of birth"",""value"":""United Kingdom""},{""id"":""nationality"",""name"":""Nationality"",""value"":""United Kingdom""},{""id"":""language"",""name"":""Language"",""value"":""English""}]}",complete,GB,en,dashboard
44ea90be-e54d-5179-aa70-d338b95f8ec6,prolific,25b0e0df-6c8d-567c-bc64-a8858954bbb9,d4dc15f24cdde0a35fe2ff94d532cf625e00a1c8354c0ebfc9ad20a2b5998d73,fd07665192,unbookmarked,31,United Kingdom,Female,"{""panel_metadata"":{""status"":""AWAITING REVIEW"",""started_at"":""2026-01-12T13:59:24.947000Z"",""time_taken"":4961,""archived_at"":""2026-01-12T15:22:05.888496Z"",""completed_at"":""2026-01-12T15:22:05.544000Z"",""participant_id"":""671961a21d864743f6277a27"",""completion_code"":""FDC0MPL3T3"",""total_approvals"":911,""custom_study_tncs_accepted_at"":""Not Applicable""},""extra_profiling_fields"":[{""id"":""llm_detection_result"",""name"":""Llm detection result"",""value"":""Passed""},{""id"":""ethnicity_simplified"",""name"":""Ethnicity simplified"",""value"":""White""},{""id"":""country_of_birth"",""name"":""Country of birth"",""value"":""Germany""},{""id"":""nationality"",""name"":""Nationality"",""value"":""United Kingdom""},{""id"":""language"",""name"":""Language"",""value"":""English""},{""id"":""student_status"",""name"":""Student status"",""value"":""No""},{""id"":""employment_status"",""name"":""Employment status"",""value"":""Full-Time""}]}",complete,GB,en,dashboard
44ea90be-e54d-5179-aa70-d338b95f8ec6,prolific,4ec58ef7-f378-55e0-8feb-56be1c9191dd,2e650c600dba466ea4d6f96a717e39383eee9123a93a392c6a5a025491fa1eb1,fd74980779,unbookmarked,27,United Kingdom,Male,"{""panel_metadata"":{""status"":""AWAITING REVIEW"",""started_at"":""2026-01-12T13:32:45.953000Z"",""time_taken"":4222,""archived_at"":""2026-01-12T14:43:08.080803Z"",""completed_at"":""2026-01-12T14:43:07.752000Z"",""participant_id"":""5eea256b9e506b0d09822cdc"",""completion_code"":""FDC0MPL3T3"",""total_approvals"":2032,""custom_study_tncs_accepted_at"":""Not Applicable""},""extra_profiling_fields"":[{""id"":""llm_detection_result"",""name"":""Llm detection result"",""value"":""Passed""},{""id"":""ethnicity_simplified"",""name"":""Ethnicity simplified"",""value"":""Mixed""},{""id"":""country_of_birth"",""name"":""Country of birth"",""value"":""United Kingdom""},{""id"":""nationality"",""name"":""Nationality"",""value"":""United Kingdom""},{""id"":""language"",""name"":""Language"",""value"":""English""},{""id"":""student_status"",""name"":""Student status"",""value"":""No""},{""id"":""employment_status"",""name"":""Employment status"",""value"":""Part-Time""}]}",complete,GB,en,dashboard
44ea90be-e54d-5179-aa70-d338b95f8ec6,prolific,27fc0773-f5e6-5c1e-8bd2-2554c71c19bc,cd8039cb16cc76f6750154625ee710bfda5e5eccd32d44588f5b2bd009efcd27,fd16838114,unbookmarked,25,United Kingdom,Female,"{""panel_metadata"":{""status"":""AWAITING REVIEW"",""started_at"":""2026-01-12T14:30:07.996000Z"",""time_taken"":4013,""archived_at"":""2026-01-12T15:37:00.612113Z"",""completed_at"":""2026-01-12T15:37:00.253000Z"",""participant_id"":""6759980d797dbe50150130e0"",""completion_code"":""FDC0MPL3T3"",""total_approvals"":1031,""custom_study_tncs_accepted_at"":""Not Applicable""},""extra_profiling_fields"":[{""id"":""llm_detection_result"",""name"":""Llm detection result"",""value"":""Passed""},{""id"":""ethnicity_simplified"",""name"":""Ethnicity simplified"",""value"":""White""},{""id"":""country_of_birth"",""name"":""Country of birth"",""value"":""United Kingdom""},{""id"":""nationality"",""name"":""Nationality"",""value"":""United Kingdom""},{""id"":""language"",""name"":""Language"",""value"":""English""},{""id"":""student_status"",""name"":""Student status"",""value"":""No""},{""id"":""employment_status"",""name"":""Employment status"",""value"":""Full-Time""}]}",complete,GB,en,dashboard
44ea90be-e54d-5179-aa70-d338b95f8ec6,prolific,1fe63f77-c166-560a-94c4-00fcaed217a1,e2240bb2dc774d881a5c185743c821ac506f0b4e4460c1f4381f906008dbbd28,fd42962820,unbookmarked,34,United Kingdom,Male,"{""panel_metadata"":{""status"":""AWAITING REVIEW"",""started_at"":""2026-01-12T13:32:46.853000Z"",""time_taken"":6368,""archived_at"":""2026-01-12T15:18:55.109090Z"",""completed_at"":""2026-01-12T15:18:54.735000Z"",""participant_id"":""6384fe2038dec3b99036f822"",""completion_code"":""FDC0MPL3T3"",""total_approvals"":843,""custom_study_tncs_accepted_at"":""Not Applicable""},""extra_profiling_fields"":[{""id"":""llm_detection_result"",""name"":""Llm detection result"",""value"":""Passed""},{""id"":""ethnicity_simplified"",""name"":""Ethnicity simplified"",""value"":""White""},{""id"":""country_of_birth"",""name"":""Country of birth"",""value"":""United Kingdom""},{""id"":""nationality"",""name"":""Nationality"",""value"":""United Kingdom""},{""id"":""language"",""name"":""Language"",""value"":""English""},{""id"":""student_status"",""name"":""Student status"",""value"":""No""},{""id"":""employment_status"",""name"":""Employment status"",""value"":""Full-Time""}]}",complete,GB,en,dashboard
44ea90be-e54d-5179-aa70-d338b95f8ec6,prolific,b8b97f9b-cd8a-50c8-ba5a-9ab4e9cbeabf,a05286e7e59d46494962cd6686149362f6152804ca8b70ed48583a1671fd912f,fd93517378,unbookmarked,31,United Kingdom,Female,"{""panel_metadata"":{""status"":""AWAITING REVIEW"",""started_at"":""2026-01-12T13:56:02.113000Z"",""time_taken"":5728,""archived_at"":""2026-01-12T15:31:31.686751Z"",""completed_at"":""2026-01-12T15:31:29.740000Z"",""participant_id"":""5f25e860dd98342ce97e7403"",""completion_code"":""FDCOMPL3T3"",""total_approvals"":3069,""custom_study_tncs_accepted_at"":""Not Applicable""},""extra_profiling_fields"":[{""id"":""llm_detection_result"",""name"":""Llm detection result"",""value"":""Passed""},{""id"":""ethnicity_simplified"",""name"":""Ethnicity simplified"",""value"":""White""},{""id"":""country_of_birth"",""name"":""Country of birth"",""value"":""United Kingdom""},{""id"":""nationality"",""name"":""Nationality"",""value"":""United Kingdom""},{""id"":""language"",""name"":""Language"",""value"":""English""},{""id"":""student_status"",""name"":""Student status"",""value"":""No""},{""id"":""employment_status"",""name"":""Employment status"",""value"":""Full-Time""}]}",complete,GB,en,dashboard
44ea90be-e54d-5179-aa70-d338b95f8ec6,prolific,01f56158-b34b-5886-b651-4bc10a7938f7,dd613757169a190175f799be646050ac97711279bc65dd88bf45317e418e0272,fd29295062,unbookmarked,25,United Kingdom,Female,"{""panel_metadata"":{""status"":""AWAITING REVIEW"",""started_at"":""2026-01-12T13:35:47.729000Z"",""time_taken"":4977,""archived_at"":""2026-01-12T14:58:44.893222Z"",""completed_at"":""2026-01-12T14:58:44.562000Z"",""participant_id"":""5f25d3c98418832b5877a713"",""completion_code"":""FDC0MPL3T3"",""total_approvals"":519,""custom_study_tncs_accepted_at"":""Not Applicable""},""extra_profiling_fields"":[{""id"":""llm_detection_result"",""name"":""Llm detection result"",""value"":""Passed""},{""id"":""ethnicity_simplified"",""name"":""Ethnicity simplified"",""value"":""White""},{""id"":""country_of_birth"",""name"":""Country of birth"",""value"":""United Kingdom""},{""id"":""nationality"",""name"":""Nationality"",""value"":""United Kingdom""},{""id"":""language"",""name"":""Language"",""value"":""English""},{""id"":""student_status"",""name"":""Student status"",""value"":""Yes""},{""id"":""employment_status"",""name"":""Employment status"",""value"":""Part-Time""}]}",complete,GB,en,dashboard
44ea90be-e54d-5179-aa70-d338b95f8ec6,prolific,3e432bc9-ea8e-58bc-9b22-87d5eeb33690,a4738735239ccf7ec59a95ce10ce5ddda3b70f3bb91de7138fc44307c231738c,fd24561113,unbookmarked,35,United Kingdom,Female,"{""panel_metadata"":{""status"":""AWAITING REVIEW"",""started_at"":""2026-01-12T13:35:59.121000Z"",""time_taken"":5752,""archived_at"":""2026-01-12T15:11:50.793889Z"",""completed_at"":""2026-01-12T15:11:50.454000Z"",""participant_id"":""65c637e0e76b878b89b9bae2"",""completion_code"":""FDC0MPL3T3"",""total_approvals"":1485,""custom_study_tncs_accepted_at"":""Not Applicable""},""extra_profiling_fields"":[{""id"":""llm_detection_result"",""name"":""Llm detection result"",""value"":""Passed""},{""id"":""ethnicity_simplified"",""name"":""Ethnicity simplified"",""value"":""White""},{""id"":""country_of_birth"",""name"":""Country of birth"",""value"":""United Kingdom""},{""id"":""nationality"",""name"":""Nationality"",""value"":""United Kingdom""},{""id"":""language"",""name"":""Language"",""value"":""English""},{""id"":""student_status"",""name"":""Student status"",""value"":""No""},{""id"":""employment_status"",""name"":""Employment status"",""value"":""Full-Time""}]}",complete,GB,en,dashboard
44ea90be-e54d-5179-aa70-d338b95f8ec6,prolific,a14e9dc8-b43f-5f09-b5ad-3b666e47fb19,b3cb12c7eb526f45cc7c98a9ad343f57ea9d33fad8570c9a8116f5d789cf5894,fd00754755,unbookmarked,35,United Kingdom,Female,"{""panel_metadata"":{""status"":""AWAITING REVIEW"",""started_at"":""2026-01-12T13:32:14.657000Z"",""time_taken"":4648,""archived_at"":""2026-01-12T14:49:42.391947Z"",""completed_at"":""2026-01-12T14:49:42.045000Z"",""participant_id"":""5eba5cf82cbf431a3276c90b"",""completion_code"":""FDC0MPL3T3"",""total_approvals"":3907,""custom_study_tncs_accepted_at"":""Not Applicable""},""extra_profiling_fields"":[{""id"":""llm_detection_result"",""name"":""Llm detection result"",""value"":""Passed""},{""id"":""ethnicity_simplified"",""name"":""Ethnicity simplified"",""value"":""White""},{""id"":""country_of_birth"",""name"":""Country of birth"",""value"":""Bulgaria""},{""id"":""nationality"",""name"":""Nationality"",""value"":""Bulgaria""},{""id"":""language"",""name"":""Language"",""value"":""Bulgarian""},{""id"":""student_status"",""name"":""Student status"",""value"":""No""},{""id"":""employment_status"",""name"":""Employment status"",""value"":""Part-Time""}]}",complete,GB,en,dashboard
44ea90be-e54d-5179-aa70-d338b95f8ec6,prolific,2d7d8c40-da21-5cff-af87-8aba3d3f9627,5bd4995e1d1310235b4ee86a0df75a388c82e7b7e0aef8668a2388c88e8205a8,fd71469507,unbookmarked,25,United Kingdom,Female,"{""panel_metadata"":{""status"":""AWAITING REVIEW"",""started_at"":""2026-01-12T13:35:04.477000Z"",""time_taken"":5642,""archived_at"":""2026-01-12T15:09:06.818563Z"",""completed_at"":""2026-01-12T15:09:06.450000Z"",""participant_id"":""5d131f87906ece001a15fb92"",""completion_code"":""FDC0MPL3T3"",""total_approvals"":1215,""custom_study_tncs_accepted_at"":""Not Applicable""},""extra_profiling_fields"":[{""id"":""llm_detection_result"",""name"":""Llm detection result"",""value"":""Passed""},{""id"":""ethnicity_simplified"",""name"":""Ethnicity simplified"",""value"":""White""},{""id"":""country_of_birth"",""name"":""Country of birth"",""value"":""United Kingdom""},{""id"":""nationality"",""name"":""Nationality"",""value"":""United Kingdom""},{""id"":""language"",""name"":""Language"",""value"":""English""},{""id"":""student_status"",""name"":""Student status"",""value"":""No""},{""id"":""employment_status"",""name"":""Employment status"",""value"":""Full-Time""}]}",complete,GB,en,dashboard
44ea90be-e54d-5179-aa70-d338b95f8ec6,prolific,29288707-6dbe-5f99-9d29-d4c7292a773b,05a9a5dafe54dc6f7a0a31e4962e59e1d3ccf3e005bda62000b0af9073757a0a,fd18503218,unbookmarked,36,United Kingdom,Female,"{""panel_metadata"":{""status"":""AWAITING REVIEW"",""started_at"":""2026-01-12T14:06:44.091000Z"",""time_taken"":5844,""archived_at"":""2026-01-12T15:44:08.349572Z"",""completed_at"":""2026-01-12T15:44:07.970000Z"",""participant_id"":""66b485452daa29e0a1f1c753"",""completion_code"":""FDC0MPL3T3"",""total_approvals"":675,""custom_study_tncs_accepted_at"":""Not Applicable""},""extra_profiling_fields"":[{""id"":""llm_detection_result"",""name"":""Llm detection result"",""value"":""Passed""},{""id"":""ethnicity_simplified"",""name"":""Ethnicity simplified"",""value"":""White""},{""id"":""country_of_birth"",""name"":""Country of birth"",""value"":""United Kingdom""},{""id"":""nationality"",""name"":""Nationality"",""value"":""United Kingdom""},{""id"":""language"",""name"":""Language"",""value"":""English""}]}",complete,GB,en,dashboard
44ea90be-e54d-5179-aa70-d338b95f8ec6,prolific,c9d037c9-942a-5590-8159-a50198a87732,f4046df016502c1b2bf61f9e2faf5cea2b2f30295fd115d1432012d940694875,fd10728431,unbookmarked,36,United Kingdom,Female,"{""panel_metadata"":{""status"":""AWAITING REVIEW"",""started_at"":""2026-01-12T13:39:05.451000Z"",""time_taken"":4996,""archived_at"":""2026-01-12T15:02:21.239401Z"",""completed_at"":""2026-01-12T15:02:20.899000Z"",""participant_id"":""5e5d1e6449f9e902b14ed0c3"",""completion_code"":""FDC0MPL3T3"",""total_approvals"":945,""custom_study_tncs_accepted_at"":""Not Applicable""},""extra_profiling_fields"":[{""id"":""llm_detection_result"",""name"":""Llm detection result"",""value"":""Passed""},{""id"":""ethnicity_simplified"",""name"":""Ethnicity simplified"",""value"":""White""},{""id"":""country_of_birth"",""name"":""Country of birth"",""value"":""United Kingdom""},{""id"":""nationality"",""name"":""Nationality"",""value"":""United Kingdom""},{""id"":""language"",""name"":""Language"",""value"":""English""},{""id"":""student_status"",""name"":""Student status"",""value"":""No""},{""id"":""employment_status"",""name"":""Employment status"",""value"":""Full-Time""}]}",complete,GB,en,dashboard
44ea90be-e54d-5179-aa70-d338b95f8ec6,prolific,7e4044d9-f599-561b-b284-4092f43272df,c4b238b82e49bfdd264404ea7ee1c0f70be5bf6bc8f3635a376d7fc9970d4cf9,fd17138212,unbookmarked,28,United Kingdom,Female,"{""panel_metadata"":{""status"":""AWAITING REVIEW"",""started_at"":""2026-01-12T13:45:50.816000Z"",""time_taken"":5952,""archived_at"":""2026-01-12T15:25:02.750581Z"",""completed_at"":""2026-01-12T15:25:02.382000Z"",""participant_id"":""5beffd4ac5260b0001d5a130"",""completion_code"":""FDC0MPL3T3"",""total_approvals"":882,""custom_study_tncs_accepted_at"":""Not Applicable""},""extra_profiling_fields"":[{""id"":""llm_detection_result"",""name"":""Llm detection result"",""value"":""Passed""},{""id"":""ethnicity_simplified"",""name"":""Ethnicity simplified"",""value"":""White""},{""id"":""country_of_birth"",""name"":""Country of birth"",""value"":""United Kingdom""},{""id"":""nationality"",""name"":""Nationality"",""value"":""United Kingdom""},{""id"":""language"",""name"":""Language"",""value"":""English""},{""id"":""employment_status"",""name"":""Employment status"",""value"":""Full-Time""}]}",complete,GB,en,dashboard
44ea90be-e54d-5179-aa70-d338b95f8ec6,prolific,b06f2ea1-c010-5d96-9529-f087e943f360,c620f487678e149c05a7f3b2eb42f0367a2153be5b3101035c2c0445ff90dc2e,fd58267354,unbookmarked,35,United Kingdom,Female,"{""panel_metadata"":{""status"":""AWAITING REVIEW"",""started_at"":""2026-01-12T13:34:13.961000Z"",""time_taken"":6528,""archived_at"":""2026-01-12T15:23:02.148993Z"",""completed_at"":""2026-01-12T15:23:01.763000Z"",""participant_id"":""613dd5fb512aabe8d5d32393"",""completion_code"":""FDC0MPL3T3"",""total_approvals"":6083,""custom_study_tncs_accepted_at"":""Not Applicable""},""extra_profiling_fields"":[{""id"":""llm_detection_result"",""name"":""Llm detection result"",""value"":""Passed""},{""id"":""ethnicity_simplified"",""name"":""Ethnicity simplified"",""value"":""White""},{""id"":""country_of_birth"",""name"":""Country of birth"",""value"":""United Kingdom""},{""id"":""nationality"",""name"":""Nationality"",""value"":""United Kingdom""},{""id"":""language"",""name"":""Language"",""value"":""English""},{""id"":""student_status"",""name"":""Student status"",""value"":""Yes""},{""id"":""employment_status"",""name"":""Employment status"",""value"":""Other""}]}",complete,GB,en,dashboard
44ea90be-e54d-5179-aa70-d338b95f8ec6,prolific,81374cd1-0763-5631-85c5-d6721d573526,af16de098b536e70d70e90a8845bf560bf953e61d94953510e4d8074f6b617b0,fd37590684,unbookmarked,34,United Kingdom,Male,"{""panel_metadata"":{""status"":""AWAITING REVIEW"",""started_at"":""2026-01-12T13:40:52.841000Z"",""time_taken"":5662,""archived_at"":""2026-01-12T15:15:14.819773Z"",""completed_at"":""2026-01-12T15:15:14.490000Z"",""participant_id"":""63d7abc6aa9f10a4fc6a5e10"",""completion_code"":""FDC0MPL3T3"",""total_approvals"":1741,""custom_study_tncs_accepted_at"":""Not Applicable""},""extra_profiling_fields"":[{""id"":""llm_detection_result"",""name"":""Llm detection result"",""value"":""Passed""},{""id"":""ethnicity_simplified"",""name"":""Ethnicity simplified"",""value"":""White""},{""id"":""country_of_birth"",""name"":""Country of birth"",""value"":""United Kingdom""},{""id"":""nationality"",""name"":""Nationality"",""value"":""Ireland""},{""id"":""language"",""name"":""Language"",""value"":""English""},{""id"":""student_status"",""name"":""Student status"",""value"":""No""},{""id"":""employment_status"",""name"":""Employment status"",""value"":""Full-Time""}]}",complete,GB,en,dashboard
44ea90be-e54d-5179-aa70-d338b95f8ec6,prolific,1b5a7f83-835a-5361-912e-491fc3ad049b,1b23869af4e79d36480675fcdd7033566a76c823e2cca6f7f86e69b0a4c2e03a,fd87831725,unbookmarked,33,United Kingdom,Male,"{""panel_metadata"":{""status"":""AWAITING REVIEW"",""started_at"":""2026-01-12T13:54:25.524000Z"",""time_taken"":6350,""archived_at"":""2026-01-12T17:49:04.511709Z"",""completed_at"":""2026-01-12T15:40:15.005000Z"",""participant_id"":""61bb371940db417c1a1389b4"",""completion_code"":""FDC0MPL3T3"",""total_approvals"":737,""custom_study_tncs_accepted_at"":""Not Applicable""},""extra_profiling_fields"":[{""id"":""llm_detection_result"",""name"":""Llm detection result"",""value"":""Passed""},{""id"":""ethnicity_simplified"",""name"":""Ethnicity simplified"",""value"":""White""},{""id"":""country_of_birth"",""name"":""Country of birth"",""value"":""United Kingdom""},{""id"":""nationality"",""name"":""Nationality"",""value"":""United Kingdom""},{""id"":""language"",""name"":""Language"",""value"":""English""}]}",complete,GB,en,dashboard
44ea90be-e54d-5179-aa70-d338b95f8ec6,prolific,94503bfd-ec54-5fce-8273-5d5b625b49e6,33a36717067cd930f22bc2a6e78d01639c61737b8572edaf6b3287b4f8dba63b,fd67248465,unbookmarked,29,United Kingdom,Male,"{""panel_metadata"":{""status"":""AWAITING REVIEW"",""started_at"":""2026-01-12T13:58:50.138000Z"",""time_taken"":5339,""archived_at"":""2026-01-12T15:27:49.020692Z"",""completed_at"":""2026-01-12T15:27:48.682000Z"",""participant_id"":""5e3373696bf31c344217d6e6"",""completion_code"":""FDC0MPL3T3"",""total_approvals"":1371,""custom_study_tncs_accepted_at"":""Not Applicable""},""extra_profiling_fields"":[{""id"":""llm_detection_result"",""name"":""Llm detection result"",""value"":""Passed""},{""id"":""ethnicity_simplified"",""name"":""Ethnicity simplified"",""value"":""White""},{""id"":""country_of_birth"",""name"":""Country of birth"",""value"":""United Kingdom""},{""id"":""nationality"",""name"":""Nationality"",""value"":""United Kingdom""},{""id"":""language"",""name"":""Language"",""value"":""English""},{""id"":""student_status"",""name"":""Student status"",""value"":""No""},{""id"":""employment_status"",""name"":""Employment status"",""value"":""Full-Time""}]}",complete,GB,en,dashboard
44ea90be-e54d-5179-aa70-d338b95f8ec6,prolific,79d0db6e-54ed-5e87-a4c7-5a2709632e91,493be0042c09b0ad009f6cf8e4db213ce59dd2508160b2d35ed439fc10063e79,fd77892848,unbookmarked,30,United Kingdom,Female,"{""panel_metadata"":{""status"":""TIMED-OUT"",""started_at"":""2026-01-12T13:51:15.553000Z"",""time_taken"":10760,""archived_at"":""2026-01-12T16:50:34.826796Z"",""participant_id"":""66635b0f4a3d5b9452f10d7f"",""total_approvals"":489,""custom_study_tncs_accepted_at"":""Not Applicable""},""extra_profiling_fields"":[{""id"":""llm_detection_result"",""name"":""Llm detection result"",""value"":""Passed""},{""id"":""ethnicity_simplified"",""name"":""Ethnicity simplified"",""value"":""Black""},{""id"":""country_of_birth"",""name"":""Country of birth"",""value"":""Nigeria""},{""id"":""nationality"",""name"":""Nationality"",""value"":""Nigeria""},{""id"":""language"",""name"":""Language"",""value"":""English""},{""id"":""student_status"",""name"":""Student status"",""value"":""No""},{""id"":""employment_status"",""name"":""Employment status"",""value"":""Full-Time""}]}",complete,GB,en,dashboard
44ea90be-e54d-5179-aa70-d338b95f8ec6,prolific,d012cfae-3f98-5756-85bb-a79563b356c5,342699798e87c480d3d019f99d1cf78095351275afb00f319425997756e7a8fb,fd28505361,unbookmarked,37,United Kingdom,Male,"{""panel_metadata"":{""status"":""AWAITING REVIEW"",""started_at"":""2026-01-12T13:33:40.168000Z"",""time_taken"":3542,""archived_at"":""2026-01-12T14:32:42.181863Z"",""completed_at"":""2026-01-12T14:32:41.841000Z"",""participant_id"":""66855395948d6d88d5a55521"",""completion_code"":""NOCODE"",""total_approvals"":1619,""custom_study_tncs_accepted_at"":""Not Applicable""},""extra_profiling_fields"":[{""id"":""llm_detection_result"",""name"":""Llm detection result"",""value"":""Passed""},{""id"":""ethnicity_simplified"",""name"":""Ethnicity simplified"",""value"":""Asian""},{""id"":""country_of_birth"",""name"":""Country of birth"",""value"":""China""},{""id"":""nationality"",""name"":""Nationality"",""value"":""United Kingdom""},{""id"":""language"",""name"":""Language"",""value"":""Chinese""},{""id"":""student_status"",""name"":""Student status"",""value"":""No""},{""id"":""employment_status"",""name"":""Employment status"",""value"":""Full-Time""}]}",complete,GB,en,dashboard
44ea90be-e54d-5179-aa70-d338b95f8ec6,prolific,9d2e0a7a-eff1-5707-acdf-cdaa4f147bb1,12b083ed15699ff3ac8258679cdf78ab03c7e785136f1a3f0987497e6c52b93a,fd28325990,unbookmarked,39,United Kingdom,Female,"{""panel_metadata"":{""status"":""AWAITING REVIEW"",""started_at"":""2026-01-12T13:42:32.209000Z"",""time_taken"":5447,""archived_at"":""2026-01-12T15:13:18.947680Z"",""completed_at"":""2026-01-12T15:13:18.593000Z"",""participant_id"":""67693b69371357770f713607"",""completion_code"":""FDC0MPL3T3"",""total_approvals"":813,""custom_study_tncs_accepted_at"":""Not Applicable""},""extra_profiling_fields"":[{""id"":""llm_detection_result"",""name"":""Llm detection result"",""value"":""Passed""},{""id"":""ethnicity_simplified"",""name"":""Ethnicity simplified"",""value"":""Asian""},{""id"":""country_of_birth"",""name"":""Country of birth"",""value"":""United Kingdom""},{""id"":""nationality"",""name"":""Nationality"",""value"":""United Kingdom""},{""id"":""language"",""name"":""Language"",""value"":""English""},{""id"":""student_status"",""name"":""Student status"",""value"":""No""}]}",complete,GB,en,dashboard
44ea90be-e54d-5179-aa70-d338b95f8ec6,prolific,990f40eb-92f0-5e8b-8941-036e50328709,6d0a5d0c5f2ebcb9cb9dc38114c644e7ffb7b2d0f35f4f04d56bd906dbc04e28,fd27466016,unbookmarked,36,United Kingdom,Female,"{""panel_metadata"":{""status"":""AWAITING REVIEW"",""started_at"":""2026-01-12T13:34:02.938000Z"",""time_taken"":6494,""archived_at"":""2026-01-12T15:22:16.636700Z"",""completed_at"":""2026-01-12T15:22:16.287000Z"",""participant_id"":""67694ed279dcc7886422c247"",""completion_code"":""FDC0MPL3T3"",""total_approvals"":590,""custom_study_tncs_accepted_at"":""Not Applicable""},""extra_profiling_fields"":[{""id"":""llm_detection_result"",""name"":""Llm detection result"",""value"":""Passed""},{""id"":""ethnicity_simplified"",""name"":""Ethnicity simplified"",""value"":""White""},{""id"":""country_of_birth"",""name"":""Country of birth"",""value"":""United Kingdom""},{""id"":""nationality"",""name"":""Nationality"",""value"":""United Kingdom""},{""id"":""language"",""name"":""Language"",""value"":""English""},{""id"":""student_status"",""name"":""Student status"",""value"":""No""},{""id"":""employment_status"",""name"":""Employment status"",""value"":""Not in paid work (e.g. homemaker', 'retired or disabled)""}]}",complete,GB,en,dashboard
44ea90be-e54d-5179-aa70-d338b95f8ec6,prolific,737a3eb5-1488-55c0-bdb4-9ef7ea2fd8af,95630c0587c8804d73fcfa3d4edd32d5b3df96c93e0d7e1c709cf5b9479964d2,fd87899344,unbookmarked,27,United Kingdom,Male,"{""panel_metadata"":{""status"":""AWAITING REVIEW"",""started_at"":""2026-01-12T14:42:29.330000Z"",""time_taken"":4410,""archived_at"":""2026-01-12T15:55:58.953524Z"",""completed_at"":""2026-01-12T15:55:58.600000Z"",""participant_id"":""67d7de6a1dfb7a9e45d11308"",""completion_code"":""FDC0MPL3T3"",""total_approvals"":449,""custom_study_tncs_accepted_at"":""Not Applicable""},""extra_profiling_fields"":[{""id"":""llm_detection_result"",""name"":""Llm detection result"",""value"":""Passed""},{""id"":""ethnicity_simplified"",""name"":""Ethnicity simplified"",""value"":""Black""},{""id"":""country_of_birth"",""name"":""Country of birth"",""value"":""United Kingdom""},{""id"":""nationality"",""name"":""Nationality"",""value"":""United Kingdom""},{""id"":""language"",""name"":""Language"",""value"":""English""},{""id"":""student_status"",""name"":""Student status"",""value"":""No""},{""id"":""employment_status"",""name"":""Employment status"",""value"":""Full-Time""}]}",complete,GB,en,dashboard
44ea90be-e54d-5179-aa70-d338b95f8ec6,prolific,876991f8-ba83-542d-a3ab-a07a27a20548,9389be2f38b210b1c94c326afa27dde1606a5f929965b0a0aec4210e5a1783fb,fd08316537,unbookmarked,37,United Kingdom,Male,"{""panel_metadata"":{""status"":""AWAITING REVIEW"",""started_at"":""2026-01-12T13:39:02.357000Z"",""time_taken"":5522,""archived_at"":""2026-01-12T15:11:03.863781Z"",""completed_at"":""2026-01-12T15:11:03.544000Z"",""participant_id"":""5fbe50a463dec2107d243ed4"",""completion_code"":""FDC0MPL3T3"",""total_approvals"":2035,""custom_study_tncs_accepted_at"":""Not Applicable""},""extra_profiling_fields"":[{""id"":""llm_detection_result"",""name"":""Llm detection result"",""value"":""Passed""},{""id"":""ethnicity_simplified"",""name"":""Ethnicity simplified"",""value"":""White""},{""id"":""country_of_birth"",""name"":""Country of birth"",""value"":""United Kingdom""},{""id"":""nationality"",""name"":""Nationality"",""value"":""United Kingdom""},{""id"":""language"",""name"":""Language"",""value"":""English""},{""id"":""student_status"",""name"":""Student status"",""value"":""No""},{""id"":""employment_status"",""name"":""Employment status"",""value"":""Full-Time""}]}",complete,GB,en,dashboard
44ea90be-e54d-5179-aa70-d338b95f8ec6,prolific,526e7271-00c9-5dfe-bfaf-b508880574b6,d95bfd718c72fa97a9280674aa600b31c299ecc116e0a0fd90e14974a784af9a,fd33881873,unbookmarked,34,United Kingdom,Male,"{""panel_metadata"":{""status"":""AWAITING REVIEW"",""started_at"":""2026-01-12T13:36:45.654000Z"",""time_taken"":4924,""archived_at"":""2026-01-12T14:58:49.541387Z"",""completed_at"":""2026-01-12T14:58:49.177000Z"",""participant_id"":""605e9cc770aa6d1947d02bfa"",""completion_code"":""FDC0MPL3T3"",""total_approvals"":3472,""custom_study_tncs_accepted_at"":""Not Applicable""},""extra_profiling_fields"":[{""id"":""llm_detection_result"",""name"":""Llm detection result"",""value"":""Passed""},{""id"":""ethnicity_simplified"",""name"":""Ethnicity simplified"",""value"":""White""},{""id"":""country_of_birth"",""name"":""Country of birth"",""value"":""United Kingdom""},{""id"":""nationality"",""name"":""Nationality"",""value"":""United Kingdom""},{""id"":""language"",""name"":""Language"",""value"":""English""},{""id"":""student_status"",""name"":""Student status"",""value"":""No""},{""id"":""employment_status"",""name"":""Employment status"",""value"":""Full-Time""}]}",complete,GB,en,dashboard
44ea90be-e54d-5179-aa70-d338b95f8ec6,prolific,128259fe-b45f-50cc-8592-0d9a78846796,b780338876459b23ffdb76d1307d5d5179c0eb5ecc60b2f3f160d9ce53f0ba73,fd33332613,unbookmarked,29,United Kingdom,Female,"{""panel_metadata"":{""status"":""AWAITING REVIEW"",""started_at"":""2026-01-12T13:40:46.245000Z"",""time_taken"":5500,""archived_at"":""2026-01-12T15:12:26.574887Z"",""completed_at"":""2026-01-12T15:12:26.224000Z"",""participant_id"":""5b52f4933234ab00014ca442"",""completion_code"":""FDC0MPL3T3"",""total_approvals"":2655,""custom_study_tncs_accepted_at"":""Not Applicable""},""extra_profiling_fields"":[{""id"":""llm_detection_result"",""name"":""Llm detection result"",""value"":""Passed""},{""id"":""ethnicity_simplified"",""name"":""Ethnicity simplified"",""value"":""White""},{""id"":""country_of_birth"",""name"":""Country of birth"",""value"":""United Kingdom""},{""id"":""nationality"",""name"":""Nationality"",""value"":""United Kingdom""},{""id"":""language"",""name"":""Language"",""value"":""English""},{""id"":""student_status"",""name"":""Student status"",""value"":""No""},{""id"":""employment_status"",""name"":""Employment status"",""value"":""Part-Time""}]}",complete,GB,en,dashboard
44ea90be-e54d-5179-aa70-d338b95f8ec6,prolific,aee7afdf-6c3e-584c-9758-c5767cc2c4c8,5170c50386341bcead22370aede30dee1fed4d33d08339233e7efd5e67c10f2b,fd76016045,unbookmarked,33,United Kingdom,Male,"{""panel_metadata"":{""status"":""AWAITING REVIEW"",""started_at"":""2026-01-12T13:35:23.325000Z"",""time_taken"":3554,""archived_at"":""2026-01-12T14:40:17.383778Z"",""completed_at"":""2026-01-12T14:34:37.198000Z"",""participant_id"":""5ebc168e8b24060127d0dae6"",""completion_code"":""NOCODE"",""total_approvals"":919,""custom_study_tncs_accepted_at"":""Not Applicable""},""extra_profiling_fields"":[{""id"":""llm_detection_result"",""name"":""Llm detection result"",""value"":""Passed""},{""id"":""ethnicity_simplified"",""name"":""Ethnicity simplified"",""value"":""White""},{""id"":""country_of_birth"",""name"":""Country of birth"",""value"":""United Kingdom""},{""id"":""nationality"",""name"":""Nationality"",""value"":""United Kingdom""},{""id"":""language"",""name"":""Language"",""value"":""English""}]}",complete,GB,en,dashboard
44ea90be-e54d-5179-aa70-d338b95f8ec6,prolific,eff4e746-7c72-53c3-82d1-193cd88a210a,463e3ba5bac33f5262774d476a1f2fc86213c44ab4f8731fc9603f749b557ef2,fd04066085,unbookmarked,34,United Kingdom,Male,"{""panel_metadata"":{""status"":""AWAITING REVIEW"",""started_at"":""2026-01-12T13:53:04.191000Z"",""time_taken"":6173,""archived_at"":""2026-01-12T15:35:56.608974Z"",""completed_at"":""2026-01-12T15:35:56.263000Z"",""participant_id"":""671c060104c301eb142661a4"",""completion_code"":""FDC0MPL3T3"",""total_approvals"":802,""custom_study_tncs_accepted_at"":""Not Applicable""},""extra_profiling_fields"":[{""id"":""llm_detection_result"",""name"":""Llm detection result"",""value"":""Passed""},{""id"":""ethnicity_simplified"",""name"":""Ethnicity simplified"",""value"":""Black""},{""id"":""country_of_birth"",""name"":""Country of birth"",""value"":""Nigeria""},{""id"":""nationality"",""name"":""Nationality"",""value"":""Nigeria""},{""id"":""language"",""name"":""Language"",""value"":""English""},{""id"":""student_status"",""name"":""Student status"",""value"":""No""},{""id"":""employment_status"",""name"":""Employment status"",""value"":""Full-Time""}]}",complete,GB,en,dashboard
44ea90be-e54d-5179-aa70-d338b95f8ec6,prolific,e7808f24-bb41-58e2-b886-f421f1dae319,8e61c8aceff2889fbc2479c2560b201197a1a3e81ec886562a27088c5e420a3b,fd35564271,unbookmarked,38,United Kingdom,Female,"{""panel_metadata"":{""status"":""AWAITING REVIEW"",""started_at"":""2026-01-12T13:58:34.300000Z"",""time_taken"":5194,""archived_at"":""2026-01-12T15:25:08.263406Z"",""completed_at"":""2026-01-12T15:25:07.918000Z"",""participant_id"":""60205d8a88ba9165dda2b151"",""completion_code"":""FDC0MPL3T3"",""total_approvals"":1130,""custom_study_tncs_accepted_at"":""Not Applicable""},""extra_profiling_fields"":[{""id"":""llm_detection_result"",""name"":""Llm detection result"",""value"":""Passed""},{""id"":""ethnicity_simplified"",""name"":""Ethnicity simplified"",""value"":""White""},{""id"":""country_of_birth"",""name"":""Country of birth"",""value"":""United Kingdom""},{""id"":""nationality"",""name"":""Nationality"",""value"":""United Kingdom""},{""id"":""language"",""name"":""Language"",""value"":""English""}]}",complete,GB,en,dashboard
44ea90be-e54d-5179-aa70-d338b95f8ec6,prolific,e9e52335-0057-5c3d-8e0a-4e9589c391b5,4ed3237492aaeb3c915c4434e98052fea0f68f4e6ffbde1d6b4fa17388a4be32,fd39633203,unbookmarked,36,United Kingdom,Male,"{""panel_metadata"":{""status"":""AWAITING REVIEW"",""started_at"":""2026-01-12T14:05:01.339000Z"",""time_taken"":5036,""archived_at"":""2026-01-12T15:28:57.259906Z"",""completed_at"":""2026-01-12T15:28:56.928000Z"",""participant_id"":""5deae08fe4f84020dfafac72"",""completion_code"":""FDC0MPL3T3"",""total_approvals"":1346,""custom_study_tncs_accepted_at"":""Not Applicable""},""extra_profiling_fields"":[{""id"":""llm_detection_result"",""name"":""Llm detection result"",""value"":""Passed""},{""id"":""ethnicity_simplified"",""name"":""Ethnicity simplified"",""value"":""White""},{""id"":""country_of_birth"",""name"":""Country of birth"",""value"":""United Kingdom""},{""id"":""nationality"",""name"":""Nationality"",""value"":""United Kingdom""},{""id"":""language"",""name"":""Language"",""value"":""English""},{""id"":""student_status"",""name"":""Student status"",""value"":""No""},{""id"":""employment_status"",""name"":""Employment status"",""value"":""Full-Time""}]}",complete,GB,en,dashboard
44ea90be-e54d-5179-aa70-d338b95f8ec6,prolific,373f700d-c9cc-5aa7-a6dc-88c8178827d8,55b375b026db532a6e522edfe510aed8ede6d5cf590cd2df9bdc94f661ca1a3a,fd40624156,unbookmarked,40,United Kingdom,Female,"{""panel_metadata"":{""status"":""AWAITING REVIEW"",""started_at"":""2026-01-12T13:45:43.507000Z"",""time_taken"":5120,""archived_at"":""2026-01-12T15:11:03.284495Z"",""completed_at"":""2026-01-12T15:11:02.949000Z"",""participant_id"":""5a4cc0ecac413f0001e60aa3"",""completion_code"":""FDC0MPL3T3"",""total_approvals"":1656,""custom_study_tncs_accepted_at"":""Not Applicable""},""extra_profiling_fields"":[{""id"":""llm_detection_result"",""name"":""Llm detection result"",""value"":""Passed""},{""id"":""ethnicity_simplified"",""name"":""Ethnicity simplified"",""value"":""Mixed""},{""id"":""country_of_birth"",""name"":""Country of birth"",""value"":""United Kingdom""},{""id"":""nationality"",""name"":""Nationality"",""value"":""United Kingdom""},{""id"":""language"",""name"":""Language"",""value"":""English""},{""id"":""student_status"",""name"":""Student status"",""value"":""No""},{""id"":""employment_status"",""name"":""Employment status"",""value"":""Full-Time""}]}",complete,GB,en,dashboard
44ea90be-e54d-5179-aa70-d338b95f8ec6,prolific,3a21b8b3-5ad9-591a-88f9-6a243615b246,a737022f8a3d6720a55cd1e45de93faecf91b817cce75c919f39f12820d584a7,fd62719796,unbookmarked,31,United Kingdom,Male,"{""panel_metadata"":{""status"":""AWAITING REVIEW"",""started_at"":""2026-01-12T14:33:53.644000Z"",""time_taken"":3179,""archived_at"":""2026-01-12T15:26:51.992554Z"",""completed_at"":""2026-01-12T15:26:51.654000Z"",""participant_id"":""5bf3feb0345b9b00016ead01"",""completion_code"":""FDC0MPL3T3"",""total_approvals"":1435,""custom_study_tncs_accepted_at"":""Not Applicable""},""extra_profiling_fields"":[{""id"":""llm_detection_result"",""name"":""Llm detection result"",""value"":""Passed""},{""id"":""ethnicity_simplified"",""name"":""Ethnicity simplified"",""value"":""White""},{""id"":""country_of_birth"",""name"":""Country of birth"",""value"":""United Kingdom""},{""id"":""nationality"",""name"":""Nationality"",""value"":""United Kingdom""},{""id"":""language"",""name"":""Language"",""value"":""English""},{""id"":""student_status"",""name"":""Student status"",""value"":""No""},{""id"":""employment_status"",""name"":""Employment status"",""value"":""Part-Time""}]}",complete,GB,en,dashboard
44ea90be-e54d-5179-aa70-d338b95f8ec6,prolific,2470b069-37a1-5b42-b498-5c54e433f9c5,587e54e01ceaa45e42c4d4d22d95e0eb2eb435ec2ee2c932899e15b65d3dbc0c,fd51627017,unbookmarked,34,United Kingdom,Male,"{""panel_metadata"":{""status"":""AWAITING REVIEW"",""started_at"":""2026-01-12T13:40:01.073000Z"",""time_taken"":5335,""archived_at"":""2026-01-12T15:08:55.730273Z"",""completed_at"":""2026-01-12T15:08:55.389000Z"",""participant_id"":""654a56ff9b8baf6c84eb9b69"",""completion_code"":""FDC0MPL3T3"",""total_approvals"":1795,""custom_study_tncs_accepted_at"":""Not Applicable""},""extra_profiling_fields"":[{""id"":""llm_detection_result"",""name"":""Llm detection result"",""value"":""Passed""},{""id"":""ethnicity_simplified"",""name"":""Ethnicity simplified"",""value"":""White""},{""id"":""country_of_birth"",""name"":""Country of birth"",""value"":""United Kingdom""},{""id"":""nationality"",""name"":""Nationality"",""value"":""United Kingdom""},{""id"":""language"",""name"":""Language"",""value"":""English""},{""id"":""student_status"",""name"":""Student status"",""value"":""Yes""},{""id"":""employment_status"",""name"":""Employment status"",""value"":""Full-Time""}]}",complete,GB,en,dashboard
44ea90be-e54d-5179-aa70-d338b95f8ec6,prolific,a6f4fffa-b9ea-5b61-a1c1-ae9599d7ede5,23405cdafd8d5f8f09fd829a38a17f9b1a0f7107892adc86e85a0e07af3c60ce,fd23532402,unbookmarked,27,United Kingdom,Male,"{""panel_metadata"":{""status"":""AWAITING REVIEW"",""started_at"":""2026-01-12T13:44:48.935000Z"",""time_taken"":5471,""archived_at"":""2026-01-12T15:15:59.331992Z"",""completed_at"":""2026-01-12T15:15:58.984000Z"",""participant_id"":""66b370883fc774c23e102c46"",""completion_code"":""FDC0MPL3T3"",""total_approvals"":2251,""custom_study_tncs_accepted_at"":""Not Applicable""},""extra_profiling_fields"":[{""id"":""llm_detection_result"",""name"":""Llm detection result"",""value"":""Passed""},{""id"":""ethnicity_simplified"",""name"":""Ethnicity simplified"",""value"":""White""},{""id"":""country_of_birth"",""name"":""Country of birth"",""value"":""United Kingdom""},{""id"":""nationality"",""name"":""Nationality"",""value"":""United Kingdom""},{""id"":""language"",""name"":""Language"",""value"":""English""},{""id"":""student_status"",""name"":""Student status"",""value"":""No""},{""id"":""employment_status"",""name"":""Employment status"",""value"":""Full-Time""}]}",complete,GB,en,dashboard
44ea90be-e54d-5179-aa70-d338b95f8ec6,prolific,354f2eb8-eeed-5991-9d70-d65d60ce4ee2,e54de544aa6a8fc235e035215520ed6d9badab1dacfa3ccb6ec7bd3f989856e3,fd27615563,unbookmarked,34,United Kingdom,Female,"{""panel_metadata"":{""status"":""AWAITING REVIEW"",""started_at"":""2026-01-12T13:42:54.746000Z"",""time_taken"":6051,""archived_at"":""2026-01-12T15:23:45.984440Z"",""completed_at"":""2026-01-12T15:23:45.642000Z"",""participant_id"":""6130f53a32652a779403e9ad"",""completion_code"":""FDC0MPL3T3"",""total_approvals"":970,""custom_study_tncs_accepted_at"":""Not Applicable""},""extra_profiling_fields"":[{""id"":""llm_detection_result"",""name"":""Llm detection result"",""value"":""Passed, Passed""},{""id"":""ethnicity_simplified"",""name"":""Ethnicity simplified"",""value"":""White""},{""id"":""country_of_birth"",""name"":""Country of birth"",""value"":""United Kingdom""},{""id"":""nationality"",""name"":""Nationality"",""value"":""United Kingdom""},{""id"":""language"",""name"":""Language"",""value"":""English""},{""id"":""student_status"",""name"":""Student status"",""value"":""No""},{""id"":""employment_status"",""name"":""Employment status"",""value"":""Part-Time""}]}",complete,GB,en,dashboard
44ea90be-e54d-5179-aa70-d338b95f8ec6,prolific,f2590a4e-f0b0-5c35-b21e-f2e86df6a630,4ebea43449ec0ae1d1b4aab4ccd924f64b05f6224245a8d715a5b1b6e108cdef,fd55289397,unbookmarked,31,United Kingdom,Female,"{""panel_metadata"":{""status"":""AWAITING REVIEW"",""started_at"":""2026-01-12T13:37:42.018000Z"",""time_taken"":6279,""archived_at"":""2026-01-12T15:22:20.760598Z"",""completed_at"":""2026-01-12T15:22:20.426000Z"",""participant_id"":""652ae54b698bbd5c18c0c90e"",""completion_code"":""FDC0MPL3T3"",""total_approvals"":2084,""custom_study_tncs_accepted_at"":""Not Applicable""},""extra_profiling_fields"":[{""id"":""llm_detection_result"",""name"":""Llm detection result"",""value"":""Passed""},{""id"":""ethnicity_simplified"",""name"":""Ethnicity simplified"",""value"":""White""},{""id"":""country_of_birth"",""name"":""Country of birth"",""value"":""United Kingdom""},{""id"":""nationality"",""name"":""Nationality"",""value"":""United Kingdom""},{""id"":""language"",""name"":""Language"",""value"":""English""},{""id"":""student_status"",""name"":""Student status"",""value"":""No""},{""id"":""employment_status"",""name"":""Employment status"",""value"":""Not in paid work (e.g. homemaker', 'retired or disabled)""}]}",complete,GB,en,dashboard
44ea90be-e54d-5179-aa70-d338b95f8ec6,prolific,de04b40e-9146-5d4d-87a7-c1b08f67e66c,18b02c33d561ecf0226cadf58e55f664712bff530835d86d6fa2f2f75541d833,fd20566022,unbookmarked,32,United Kingdom,Female,"{""panel_metadata"":{""status"":""AWAITING REVIEW"",""started_at"":""2026-01-12T13:43:23.579000Z"",""time_taken"":5182,""archived_at"":""2026-01-12T15:09:45.759578Z"",""completed_at"":""2026-01-12T15:09:45.398000Z"",""participant_id"":""5f3bd727a1276993eee15875"",""completion_code"":""FDC0MPL3T3"",""total_approvals"":1864,""custom_study_tncs_accepted_at"":""Not Applicable""},""extra_profiling_fields"":[{""id"":""llm_detection_result"",""name"":""Llm detection result"",""value"":""Passed""},{""id"":""ethnicity_simplified"",""name"":""Ethnicity simplified"",""value"":""White""},{""id"":""country_of_birth"",""name"":""Country of birth"",""value"":""United Kingdom""},{""id"":""nationality"",""name"":""Nationality"",""value"":""United Kingdom""},{""id"":""language"",""name"":""Language"",""value"":""English""},{""id"":""student_status"",""name"":""Student status"",""value"":""No""},{""id"":""employment_status"",""name"":""Employment status"",""value"":""Not in paid work (e.g. homemaker', 'retired or disabled)""}]}",complete,GB,en,dashboard
44ea90be-e54d-5179-aa70-d338b95f8ec6,prolific,e3f5ab66-9b40-54f3-a0d0-4400aab5879c,873a8b5af6bf57f01597eab1471565007a6a5a75baf4cfbd80e1d442a66fe8c0,fd13675543,unbookmarked,38,United Kingdom,Female,"{""panel_metadata"":{""status"":""AWAITING REVIEW"",""started_at"":""2026-01-12T13:51:20.372000Z"",""time_taken"":6382,""archived_at"":""2026-01-12T15:37:41.918365Z"",""completed_at"":""2026-01-12T15:37:41.554000Z"",""participant_id"":""673f069497dc06b5ecbf7470"",""completion_code"":""FDC0MPL3T3"",""total_approvals"":446,""custom_study_tncs_accepted_at"":""Not Applicable""},""extra_profiling_fields"":[{""id"":""llm_detection_result"",""name"":""Llm detection result"",""value"":""Passed""},{""id"":""ethnicity_simplified"",""name"":""Ethnicity simplified"",""value"":""White""},{""id"":""country_of_birth"",""name"":""Country of birth"",""value"":""United Kingdom""},{""id"":""nationality"",""name"":""Nationality"",""value"":""United Kingdom""},{""id"":""language"",""name"":""Language"",""value"":""English""},{""id"":""student_status"",""name"":""Student status"",""value"":""Yes""},{""id"":""employment_status"",""name"":""Employment status"",""value"":""Not in paid work (e.g. homemaker', 'retired or disabled)""}]}",complete,GB,en,dashboard
44ea90be-e54d-5179-aa70-d338b95f8ec6,prolific,01fac03b-57fd-52d7-94b7-98171ab8df49,8ce1111dcbb73b2f400043ec100564c39b577a5e0490f6ea25a974f5cd97f382,fd64847333,unbookmarked,36,United Kingdom,Female,"{""panel_metadata"":{""status"":""AWAITING REVIEW"",""started_at"":""2026-01-12T14:45:58.153000Z"",""time_taken"":2733,""archived_at"":""2026-01-12T15:31:31.411485Z"",""completed_at"":""2026-01-12T15:31:31.071000Z"",""participant_id"":""665ae4a2c2815b2a78502f1e"",""completion_code"":""FDC0MPL3T3"",""total_approvals"":441,""custom_study_tncs_accepted_at"":""Not Applicable""},""extra_profiling_fields"":[{""id"":""llm_detection_result"",""name"":""Llm detection result"",""value"":""Passed""},{""id"":""ethnicity_simplified"",""name"":""Ethnicity simplified"",""value"":""White""},{""id"":""country_of_birth"",""name"":""Country of birth"",""value"":""United Kingdom""},{""id"":""nationality"",""name"":""Nationality"",""value"":""United Kingdom""},{""id"":""language"",""name"":""Language"",""value"":""English""},{""id"":""student_status"",""name"":""Student status"",""value"":""No""},{""id"":""employment_status"",""name"":""Employment status"",""value"":""Unemployed (and job seeking)""}]}",complete,GB,en,dashboard
44ea90be-e54d-5179-aa70-d338b95f8ec6,prolific,04c56f92-5849-5234-8610-a1bc36740b5c,ce162042c78ac78b3dfe673c19ca11dbea83fb8292f79d60818d9f9de67d7ecf,fd76504964,unbookmarked,26,United Kingdom,Female,"{""panel_metadata"":{""status"":""AWAITING REVIEW"",""started_at"":""2026-01-12T13:38:40.365000Z"",""time_taken"":6114,""archived_at"":""2026-01-12T15:20:34.612116Z"",""completed_at"":""2026-01-12T15:20:34.270000Z"",""participant_id"":""6745f46c86b3a0d19cd1d4b7"",""completion_code"":""FDC0MPL3T3"",""total_approvals"":478,""custom_study_tncs_accepted_at"":""Not Applicable""},""extra_profiling_fields"":[{""id"":""llm_detection_result"",""name"":""Llm detection result"",""value"":""Passed""},{""id"":""ethnicity_simplified"",""name"":""Ethnicity simplified"",""value"":""White""},{""id"":""country_of_birth"",""name"":""Country of birth"",""value"":""Brazil""},{""id"":""nationality"",""name"":""Nationality"",""value"":""Italy""},{""id"":""language"",""name"":""Language"",""value"":""Italian""},{""id"":""student_status"",""name"":""Student status"",""value"":""Yes""},{""id"":""employment_status"",""name"":""Employment status"",""value"":""Other""}]}",complete,GB,en,dashboard
44ea90be-e54d-5179-aa70-d338b95f8ec6,prolific,4f0507db-52e9-5031-a227-96a7d20fa676,6d40425f39fdcec39bb7e80df5732eb8a34eef27e7ecf119ff4b05431c1a7e7d,fd68549289,unbookmarked,30,United Kingdom,Male,"{""panel_metadata"":{""status"":""AWAITING REVIEW"",""started_at"":""2026-01-12T13:45:10.451000Z"",""time_taken"":4894,""archived_at"":""2026-01-12T15:06:44.421360Z"",""completed_at"":""2026-01-12T15:06:44.014000Z"",""participant_id"":""62aaea96f2e434cf331b5a66"",""completion_code"":""Stuck in study for  1 hour 15 minutes but no completion code, no end"",""total_approvals"":474,""custom_study_tncs_accepted_at"":""Not Applicable""},""extra_profiling_fields"":[{""id"":""llm_detection_result"",""name"":""Llm detection result"",""value"":""Passed""},{""id"":""ethnicity_simplified"",""name"":""Ethnicity simplified"",""value"":""Asian""},{""id"":""country_of_birth"",""name"":""Country of birth"",""value"":""United Kingdom""},{""id"":""nationality"",""name"":""Nationality"",""value"":""United Kingdom""},{""id"":""language"",""name"":""Language"",""value"":""English""},{""id"":""student_status"",""name"":""Student status"",""value"":""No""},{""id"":""employment_status"",""name"":""Employment status"",""value"":""Full-Time""}]}",complete,GB,en,dashboard
44ea90be-e54d-5179-aa70-d338b95f8ec6,prolific,1bc00bae-a1ba-515e-b81c-a5b19fcdcddd,83648806f8da0286233e2bb5179cff85efbbfc4592a5f3b2e56fd9bfd5054b4a,fd23797347,unbookmarked,34,United Kingdom,Female,"{""panel_metadata"":{""status"":""AWAITING REVIEW"",""started_at"":""2026-01-12T13:32:37.827000Z"",""time_taken"":5435,""archived_at"":""2026-01-12T15:03:12.453790Z"",""completed_at"":""2026-01-12T15:03:12.103000Z"",""participant_id"":""615244e111aefca2b42a35f9"",""completion_code"":""FDC0MPL3T3"",""total_approvals"":1657,""custom_study_tncs_accepted_at"":""Not Applicable""},""extra_profiling_fields"":[{""id"":""llm_detection_result"",""name"":""Llm detection result"",""value"":""Passed""},{""id"":""ethnicity_simplified"",""name"":""Ethnicity simplified"",""value"":""Mixed""},{""id"":""country_of_birth"",""name"":""Country of birth"",""value"":""Egypt""},{""id"":""nationality"",""name"":""Nationality"",""value"":""Egypt""},{""id"":""language"",""name"":""Language"",""value"":""Arabic""},{""id"":""student_status"",""name"":""Student status"",""value"":""No""},{""id"":""employment_status"",""name"":""Employment status"",""value"":""Not in paid work (e.g. homemaker', 'retired or disabled)""}]}",complete,GB,en,dashboard
44ea90be-e54d-5179-aa70-d338b95f8ec6,prolific,18b61570-6cdd-55fc-9789-fb03df4b0042,6d0e96212f8e83e6c57dc7e5ff86637136697d450cc246bd8a5fe60958b4b4ef,fd75441587,unbookmarked,37,United Kingdom,Female,"{""panel_metadata"":{""status"":""AWAITING REVIEW"",""started_at"":""2026-01-12T13:32:24.839000Z"",""time_taken"":4485,""archived_at"":""2026-01-12T14:47:09.298399Z"",""completed_at"":""2026-01-12T14:47:08.940000Z"",""participant_id"":""5e6a923f59a3bd04d5edc606"",""completion_code"":""FDC0MPL3T3"",""total_approvals"":3873,""custom_study_tncs_accepted_at"":""Not Applicable""},""extra_profiling_fields"":[{""id"":""llm_detection_result"",""name"":""Llm detection result"",""value"":""Passed""},{""id"":""ethnicity_simplified"",""name"":""Ethnicity simplified"",""value"":""White""},{""id"":""country_of_birth"",""name"":""Country of birth"",""value"":""United Kingdom""},{""id"":""nationality"",""name"":""Nationality"",""value"":""United Kingdom""},{""id"":""language"",""name"":""Language"",""value"":""English""},{""id"":""student_status"",""name"":""Student status"",""value"":""No""},{""id"":""employment_status"",""name"":""Employment status"",""value"":""Not in paid work (e.g. homemaker', 'retired or disabled)""}]}",complete,GB,en,dashboard
44ea90be-e54d-5179-aa70-d338b95f8ec6,prolific,dfc9464c-66bf-5721-87b1-4db57f21ff8c,84e40c7e71e516cc8b02b68d53cf7f04dab8e5e2f3d9cae9d2329fe2c60a6f34,fd47812450,unbookmarked,37,United Kingdom,Male,"{""panel_metadata"":{""status"":""AWAITING REVIEW"",""started_at"":""2026-01-12T13:32:59.198000Z"",""time_taken"":5348,""archived_at"":""2026-01-12T15:02:06.630184Z"",""completed_at"":""2026-01-12T15:02:06.269000Z"",""participant_id"":""5f3d6ca05772161108bc0e2e"",""completion_code"":""FDC0MPL3T3"",""total_approvals"":2417,""custom_study_tncs_accepted_at"":""Not Applicable""},""extra_profiling_fields"":[{""id"":""llm_detection_result"",""name"":""Llm detection result"",""value"":""Passed""},{""id"":""ethnicity_simplified"",""name"":""Ethnicity simplified"",""value"":""White""},{""id"":""country_of_birth"",""name"":""Country of birth"",""value"":""United States""},{""id"":""nationality"",""name"":""Nationality"",""value"":""United States""},{""id"":""language"",""name"":""Language"",""value"":""English""},{""id"":""student_status"",""name"":""Student status"",""value"":""No""},{""id"":""employment_status"",""name"":""Employment status"",""value"":""Other""}]}",complete,GB,en,dashboard
44ea90be-e54d-5179-aa70-d338b95f8ec6,prolific,771e9a98-c35b-5549-8ad5-1cb8331ebade,219e1f9c35f6e7202212b21681d7f7ca527beed7a897a820b672611ac55c0886,fd03021230,unbookmarked,25,United Kingdom,Female,"{""panel_metadata"":{""status"":""AWAITING REVIEW"",""started_at"":""2026-01-12T13:32:02.140000Z"",""time_taken"":5800,""archived_at"":""2026-01-12T15:08:41.860664Z"",""completed_at"":""2026-01-12T15:08:41.529000Z"",""participant_id"":""60e57112c8726a1f5cf5c63a"",""completion_code"":""FDC0MPL3T3"",""total_approvals"":1777,""custom_study_tncs_accepted_at"":""Not Applicable""},""extra_profiling_fields"":[{""id"":""llm_detection_result"",""name"":""Llm detection result"",""value"":""Passed""},{""id"":""ethnicity_simplified"",""name"":""Ethnicity simplified"",""value"":""White""},{""id"":""country_of_birth"",""name"":""Country of birth"",""value"":""United Kingdom""},{""id"":""nationality"",""name"":""Nationality"",""value"":""United Kingdom""},{""id"":""language"",""name"":""Language"",""value"":""English""},{""id"":""student_status"",""name"":""Student status"",""value"":""No""},{""id"":""employment_status"",""name"":""Employment status"",""value"":""Full-Time""}]}",complete,GB,en,dashboard
44ea90be-e54d-5179-aa70-d338b95f8ec6,prolific,db4ae150-3ced-51d3-baaa-cf1bd0218028,f6fb89596cb26735bbc2082e444fef3172df49c2b9d104a0469043f199fb6106,fd85175892,unbookmarked,34,United Kingdom,Female,"{""panel_metadata"":{""status"":""AWAITING REVIEW"",""started_at"":""2026-01-12T13:34:08.065000Z"",""time_taken"":5329,""archived_at"":""2026-01-12T15:02:57.464699Z"",""completed_at"":""2026-01-12T15:02:57.030000Z"",""participant_id"":""6659f601d56e7e7f20ceb67d"",""completion_code"":""FDC0MPL3T3"",""total_approvals"":1392,""custom_study_tncs_accepted_at"":""Not Applicable""},""extra_profiling_fields"":[{""id"":""llm_detection_result"",""name"":""Llm detection result"",""value"":""Passed""},{""id"":""ethnicity_simplified"",""name"":""Ethnicity simplified"",""value"":""White""},{""id"":""country_of_birth"",""name"":""Country of birth"",""value"":""United Kingdom""},{""id"":""nationality"",""name"":""Nationality"",""value"":""United Kingdom""},{""id"":""language"",""name"":""Language"",""value"":""English""},{""id"":""student_status"",""name"":""Student status"",""value"":""No""},{""id"":""employment_status"",""name"":""Employment status"",""value"":""Full-Time""}]}",complete,GB,en,dashboard
44ea90be-e54d-5179-aa70-d338b95f8ec6,prolific,c3aab170-d3f8-5e40-b4ff-a7946dd0cd5a,822068b3e602ef507d3249e49717fdf19ba0102c8f23f4a1ad94b22ff67b666a,fd55295279,unbookmarked,33,United Kingdom,Male,"{""panel_metadata"":{""status"":""AWAITING REVIEW"",""started_at"":""2026-01-12T13:32:55.668000Z"",""time_taken"":6445,""archived_at"":""2026-01-12T15:20:20.499379Z"",""completed_at"":""2026-01-12T15:20:20.127000Z"",""participant_id"":""60819ba1a8862e33495f8914"",""completion_code"":""FDC0MPL3T3"",""total_approvals"":2710,""custom_study_tncs_accepted_at"":""Not Applicable""},""extra_profiling_fields"":[{""id"":""llm_detection_result"",""name"":""Llm detection result"",""value"":""Passed, Passed""},{""id"":""ethnicity_simplified"",""name"":""Ethnicity simplified"",""value"":""White""},{""id"":""country_of_birth"",""name"":""Country of birth"",""value"":""United Kingdom""},{""id"":""nationality"",""name"":""Nationality"",""value"":""United Kingdom""},{""id"":""language"",""name"":""Language"",""value"":""English""},{""id"":""employment_status"",""name"":""Employment status"",""value"":""Part-Time""}]}",complete,GB,en,dashboard
44ea90be-e54d-5179-aa70-d338b95f8ec6,prolific,8d344939-58d8-5c45-9070-eac057f271a4,909335eb5dc2b4343b995dae4d495f6fbd2aa2656a5ef5786b1f9f7776cbdd48,fd66932219,unbookmarked,28,United Kingdom,Male,"{""panel_metadata"":{""status"":""AWAITING REVIEW"",""started_at"":""2026-01-12T13:37:35.395000Z"",""time_taken"":6459,""archived_at"":""2026-01-12T15:25:14.057822Z"",""completed_at"":""2026-01-12T15:25:13.708000Z"",""participant_id"":""66914783ed9646ac1537525a"",""completion_code"":""FDC0MPL3T3"",""total_approvals"":514,""custom_study_tncs_accepted_at"":""Not Applicable""},""extra_profiling_fields"":[{""id"":""llm_detection_result"",""name"":""Llm detection result"",""value"":""Passed""},{""id"":""ethnicity_simplified"",""name"":""Ethnicity simplified"",""value"":""White""},{""id"":""country_of_birth"",""name"":""Country of birth"",""value"":""United Kingdom""},{""id"":""nationality"",""name"":""Nationality"",""value"":""United Kingdom""},{""id"":""language"",""name"":""Language"",""value"":""English""},{""id"":""student_status"",""name"":""Student status"",""value"":""No""},{""id"":""employment_status"",""name"":""Employment status"",""value"":""Full-Time""}]}",complete,GB,en,dashboard
44ea90be-e54d-5179-aa70-d338b95f8ec6,prolific,a0a18c34-8d28-50f3-93a0-4c9461c5c3b2,91db7eff2a32891a2f2a505b2e67ca33a93c73ba76b15134496bf08a2f403acb,fd62839167,unbookmarked,35,United Kingdom,Female,"{""panel_metadata"":{""status"":""AWAITING REVIEW"",""started_at"":""2026-01-12T14:05:57.880000Z"",""time_taken"":4506,""archived_at"":""2026-01-12T15:21:03.938963Z"",""completed_at"":""2026-01-12T15:21:03.612000Z"",""participant_id"":""6658e2cb395c02efada6a7a1"",""completion_code"":""FDC0MPL3T3"",""total_approvals"":1959,""custom_study_tncs_accepted_at"":""Not Applicable""},""extra_profiling_fields"":[{""id"":""llm_detection_result"",""name"":""Llm detection result"",""value"":""Passed""},{""id"":""ethnicity_simplified"",""name"":""Ethnicity simplified"",""value"":""White""},{""id"":""country_of_birth"",""name"":""Country of birth"",""value"":""United Kingdom""},{""id"":""nationality"",""name"":""Nationality"",""value"":""United Kingdom""},{""id"":""language"",""name"":""Language"",""value"":""English""},{""id"":""student_status"",""name"":""Student status"",""value"":""No""},{""id"":""employment_status"",""name"":""Employment status"",""value"":""Part-Time""}]}",complete,GB,en,dashboard
44ea90be-e54d-5179-aa70-d338b95f8ec6,prolific,6fffa32a-2e32-5852-98f9-1491045fff30,0408a7950c7816d8109e8bdec4f64278b079d282bcd05f10266c1f4dc4fdec71,fd07568068,unbookmarked,31,United Kingdom,Male,"{""panel_metadata"":{""status"":""AWAITING REVIEW"",""started_at"":""2026-01-07T12:47:02.362000Z"",""time_taken"":3485,""archived_at"":""2026-01-07T13:45:06.859524Z"",""completed_at"":""2026-01-07T13:45:06.525000Z"",""participant_id"":""5a7df8a0b093f80001a79a72"",""completion_code"":""FDC0MPL3T3"",""total_approvals"":1357,""custom_study_tncs_accepted_at"":""Not Applicable""},""extra_profiling_fields"":[{""id"":""llm_detection_result"",""name"":""Llm detection result"",""value"":""Passed""},{""id"":""ethnicity_simplified"",""name"":""Ethnicity simplified"",""value"":""White""},{""id"":""country_of_birth"",""name"":""Country of birth"",""value"":""United Kingdom""},{""id"":""nationality"",""name"":""Nationality"",""value"":""United Kingdom""},{""id"":""language"",""name"":""Language"",""value"":""English""},{""id"":""student_status"",""name"":""Student status"",""value"":""Yes""},{""id"":""employment_status"",""name"":""Employment status"",""value"":""Full-Time""}]}",complete,GB,en,orchestra
44ea90be-e54d-5179-aa70-d338b95f8ec6,prolific,6e250b9b-9629-50e6-9ddd-e7d3e0f01c74,338b17435675afa3962041420e0f0946504444d4162e820b33f5e9b9cf0f8eb1,fd79130405,unbookmarked,32,United Kingdom,Female,"{""panel_metadata"":{""status"":""AWAITING REVIEW"",""started_at"":""2026-01-07T12:45:25.101000Z"",""time_taken"":1627,""archived_at"":""2026-01-07T13:12:32.235326Z"",""completed_at"":""2026-01-07T13:12:31.894000Z"",""participant_id"":""62850a0870919ee287a7a338"",""completion_code"":""FDC0MPL3T3"",""total_approvals"":1430,""custom_study_tncs_accepted_at"":""Not Applicable""},""extra_profiling_fields"":[{""id"":""llm_detection_result"",""name"":""Llm detection result"",""value"":""Passed""},{""id"":""ethnicity_simplified"",""name"":""Ethnicity simplified"",""value"":""White""},{""id"":""country_of_birth"",""name"":""Country of birth"",""value"":""Ireland""},{""id"":""nationality"",""name"":""Nationality"",""value"":""Ireland""},{""id"":""language"",""name"":""Language"",""value"":""English""},{""id"":""student_status"",""name"":""Student status"",""value"":""No""},{""id"":""employment_status"",""name"":""Employment status"",""value"":""Full-Time""}]}",complete,GB,en,orchestra
44ea90be-e54d-5179-aa70-d338b95f8ec6,prolific,f3f222c8-fdba-54a0-b5c3-2accdddf478d,2a115b7b5b8af8aad040ad0b6d4970c29a766265a115bf85977e0c9f60b490ce,fd80638742,unbookmarked,39,United Kingdom,Female,"{""panel_metadata"":{""status"":""AWAITING REVIEW"",""started_at"":""2026-01-07T12:46:28.857000Z"",""time_taken"":2332,""archived_at"":""2026-01-07T13:25:20.355197Z"",""completed_at"":""2026-01-07T13:25:19.883000Z"",""participant_id"":""586400dfec49b5000158fbea"",""completion_code"":""FDC0MPL3T3"",""total_approvals"":2313,""custom_study_tncs_accepted_at"":""Not Applicable""},""extra_profiling_fields"":[{""id"":""llm_detection_result"",""name"":""Llm detection result"",""value"":""Passed""},{""id"":""ethnicity_simplified"",""name"":""Ethnicity simplified"",""value"":""White""},{""id"":""country_of_birth"",""name"":""Country of birth"",""value"":""United Kingdom""},{""id"":""nationality"",""name"":""Nationality"",""value"":""United Kingdom""},{""id"":""language"",""name"":""Language"",""value"":""English""},{""id"":""student_status"",""name"":""Student status"",""value"":""Yes""},{""id"":""employment_status"",""name"":""Employment status"",""value"":""Full-Time""}]}",complete,GB,en,orchestra
44ea90be-e54d-5179-aa70-d338b95f8ec6,prolific,98776960-fd2c-51a0-ae5d-3ff341f69017,fba85539580aed0df8496c1a0aff8ed7fa7db910db9134a900b2e1c088f923c1,fd75909498,unbookmarked,31,United Kingdom,Female,"{""panel_metadata"":{""status"":""AWAITING REVIEW"",""started_at"":""2026-01-07T12:44:10.414000Z"",""time_taken"":2537,""archived_at"":""2026-01-07T13:26:28.726173Z"",""completed_at"":""2026-01-07T13:26:27.249000Z"",""participant_id"":""6775d2dc10021f9d74ab65aa"",""completion_code"":""FDC0MPL3T3"",""total_approvals"":481,""custom_study_tncs_accepted_at"":""Not Applicable""},""extra_profiling_fields"":[{""id"":""llm_detection_result"",""name"":""Llm detection result"",""value"":""Passed""},{""id"":""ethnicity_simplified"",""name"":""Ethnicity simplified"",""value"":""White""},{""id"":""country_of_birth"",""name"":""Country of birth"",""value"":""United Kingdom""},{""id"":""nationality"",""name"":""Nationality"",""value"":""United Kingdom""},{""id"":""language"",""name"":""Language"",""value"":""English""},{""id"":""student_status"",""name"":""Student status"",""value"":""No""},{""id"":""employment_status"",""name"":""Employment status"",""value"":""Full-Time""}]}",complete,GB,en,orchestra
44ea90be-e54d-5179-aa70-d338b95f8ec6,prolific,5e1ca996-7120-5327-b5a9-825002ae390a,69790227bc28b91fdb7fbdaedb061ac7c038a7ccba5414869e9c7e6833fcfa81,fd75995481,unbookmarked,36,United Kingdom,Male,"{""panel_metadata"":{""status"":""AWAITING REVIEW"",""started_at"":""2026-01-07T13:04:17.769000Z"",""time_taken"":2835,""archived_at"":""2026-01-07T13:51:32.377722Z"",""completed_at"":""2026-01-07T13:51:31.885000Z"",""participant_id"":""6544fed196a4a783c9887d59"",""completion_code"":""FDC0MPL3T3"",""total_approvals"":2501,""custom_study_tncs_accepted_at"":""Not Applicable""},""extra_profiling_fields"":[{""id"":""llm_detection_result"",""name"":""Llm detection result"",""value"":""Passed""},{""id"":""ethnicity_simplified"",""name"":""Ethnicity simplified"",""value"":""White""},{""id"":""country_of_birth"",""name"":""Country of birth"",""value"":""United Kingdom""},{""id"":""nationality"",""name"":""Nationality"",""value"":""United Kingdom""},{""id"":""language"",""name"":""Language"",""value"":""English""},{""id"":""student_status"",""name"":""Student status"",""value"":""No""},{""id"":""employment_status"",""name"":""Employment status"",""value"":""Full-Time""}]}",complete,GB,en,orchestra
44ea90be-e54d-5179-aa70-d338b95f8ec6,prolific,d394c4df-4cbd-5df6-92f1-31f011781d2b,efd2a388c225c1fedb759de3b1206abf4ef77c0ab2bb50f27756fb2b5dac10a9,fd22264620,unbookmarked,33,United Kingdom,Female,"{""panel_metadata"":{""status"":""AWAITING REVIEW"",""started_at"":""2026-01-07T17:13:55.798000Z"",""time_taken"":3314,""archived_at"":""2026-01-07T18:09:09.273931Z"",""completed_at"":""2026-01-07T18:09:08.921000Z"",""participant_id"":""66c1fd214577c228c0d0b287"",""completion_code"":""FDC0MPL3T3"",""total_approvals"":1350,""custom_study_tncs_accepted_at"":""Not Applicable""},""extra_profiling_fields"":[{""id"":""llm_detection_result"",""name"":""Llm detection result"",""value"":""Passed""},{""id"":""ethnicity_simplified"",""name"":""Ethnicity simplified"",""value"":""Black""},{""id"":""country_of_birth"",""name"":""Country of birth"",""value"":""Zimbabwe""},{""id"":""nationality"",""name"":""Nationality"",""value"":""Zimbabwe""},{""id"":""language"",""name"":""Language"",""value"":""Other""},{""id"":""student_status"",""name"":""Student status"",""value"":""Yes""},{""id"":""employment_status"",""name"":""Employment status"",""value"":""Part-Time""}]}",complete,GB,en,orchestra
44ea90be-e54d-5179-aa70-d338b95f8ec6,prolific,70f36f13-0330-532f-a0a6-c31ddf1d0c5f,3ce26c494644b0c939a127e83c37feaae125a7fee4ac03b1ca98cd40efb6180c,fd64651821,unbookmarked,38,United Kingdom,Female,"{""panel_metadata"":{""status"":""AWAITING REVIEW"",""started_at"":""2026-01-07T17:15:47.834000Z"",""time_taken"":1571,""archived_at"":""2026-01-07T17:41:58.706342Z"",""completed_at"":""2026-01-07T17:41:58.359000Z"",""participant_id"":""5b421b9ac2e3810001763252"",""completion_code"":""FDC0MPL3T3"",""total_approvals"":6885,""custom_study_tncs_accepted_at"":""Not Applicable""},""extra_profiling_fields"":[{""id"":""llm_detection_result"",""name"":""Llm detection result"",""value"":""Passed""},{""id"":""ethnicity_simplified"",""name"":""Ethnicity simplified"",""value"":""Mixed""},{""id"":""country_of_birth"",""name"":""Country of birth"",""value"":""United Kingdom""},{""id"":""nationality"",""name"":""Nationality"",""value"":""United Kingdom""},{""id"":""language"",""name"":""Language"",""value"":""English""},{""id"":""student_status"",""name"":""Student status"",""value"":""No""},{""id"":""employment_status"",""name"":""Employment status"",""value"":""Part-Time""}]}",complete,GB,en,orchestra
44ea90be-e54d-5179-aa70-d338b95f8ec6,prolific,a5ef04d5-0b25-573d-adb0-22a116a9cbec,6104297741865a809b82297319062301bd9af13b6202154846c9b28dd12a01a9,fd87215024,unbookmarked,36,United Kingdom,Female,"{""panel_metadata"":{""status"":""AWAITING REVIEW"",""started_at"":""2026-01-07T17:06:01.175000Z"",""time_taken"":1515,""archived_at"":""2026-01-07T17:31:16.536087Z"",""completed_at"":""2026-01-07T17:31:16.143000Z"",""participant_id"":""58c4ff360f0c150001ed45a4"",""completion_code"":""FDC0MPL3T3"",""total_approvals"":2315,""custom_study_tncs_accepted_at"":""Not Applicable""},""extra_profiling_fields"":[{""id"":""llm_detection_result"",""name"":""Llm detection result"",""value"":""Passed""},{""id"":""ethnicity_simplified"",""name"":""Ethnicity simplified"",""value"":""White""},{""id"":""country_of_birth"",""name"":""Country of birth"",""value"":""United Kingdom""},{""id"":""nationality"",""name"":""Nationality"",""value"":""United Kingdom""},{""id"":""language"",""name"":""Language"",""value"":""English""},{""id"":""student_status"",""name"":""Student status"",""value"":""No""},{""id"":""employment_status"",""name"":""Employment status"",""value"":""Part-Time""}]}",complete,GB,en,orchestra
44ea90be-e54d-5179-aa70-d338b95f8ec6,prolific,e257fd11-833d-5991-8a1c-18d3a83b38c3,43d6abc5a03cc8a49605103bee591e6334e03e445fc1fa1d2058328da22e3ec1,fd85968750,unbookmarked,31,United Kingdom,Male,"{""panel_metadata"":{""status"":""AWAITING REVIEW"",""started_at"":""2026-01-07T17:07:52.010000Z"",""time_taken"":1516,""archived_at"":""2026-01-07T17:33:07.793291Z"",""completed_at"":""2026-01-07T17:33:07.453000Z"",""participant_id"":""5b244233a7cee100011d6924"",""completion_code"":""FDC0MPL3T3"",""total_approvals"":1306,""custom_study_tncs_accepted_at"":""Not Applicable""},""extra_profiling_fields"":[{""id"":""llm_detection_result"",""name"":""Llm detection result"",""value"":""Passed""},{""id"":""ethnicity_simplified"",""name"":""Ethnicity simplified"",""value"":""White""},{""id"":""country_of_birth"",""name"":""Country of birth"",""value"":""United Kingdom""},{""id"":""nationality"",""name"":""Nationality"",""value"":""United Kingdom""},{""id"":""language"",""name"":""Language"",""value"":""English""},{""id"":""student_status"",""name"":""Student status"",""value"":""No""},{""id"":""employment_status"",""name"":""Employment status"",""value"":""Full-Time""}]}",complete,GB,en,orchestra
44ea90be-e54d-5179-aa70-d338b95f8ec6,prolific,09c150a7-7170-53e1-8a54-1d02945146a8,4e8c09f7ba8e5ba3413884274ad461ed083ec7746ef44d5b35d365b6147babe5,fd13850104,unbookmarked,37,United Kingdom,Female,"{""panel_metadata"":{""status"":""AWAITING REVIEW"",""started_at"":""2026-01-07T18:50:40.825000Z"",""time_taken"":3361,""archived_at"":""2026-01-07T19:46:41.800302Z"",""completed_at"":""2026-01-07T19:46:41.324000Z"",""participant_id"":""5c6cb10950281400017112be"",""completion_code"":""FDC0MPL3T3"",""total_approvals"":1826,""custom_study_tncs_accepted_at"":""Not Applicable""},""extra_profiling_fields"":[{""id"":""llm_detection_result"",""name"":""Llm detection result"",""value"":""Passed""},{""id"":""ethnicity_simplified"",""name"":""Ethnicity simplified"",""value"":""Black""},{""id"":""country_of_birth"",""name"":""Country of birth"",""value"":""United Kingdom""},{""id"":""nationality"",""name"":""Nationality"",""value"":""United Kingdom""},{""id"":""language"",""name"":""Language"",""value"":""English""},{""id"":""student_status"",""name"":""Student status"",""value"":""No""},{""id"":""employment_status"",""name"":""Employment status"",""value"":""Full-Time""}]}",complete,GB,en,orchestra
44ea90be-e54d-5179-aa70-d338b95f8ec6,prolific,c836ed12-64c9-5249-b214-1707509e06d7,88dfebad4733383c4324c036083cd79d1d84264df33b89c3bec20547a6200df5,fd44767178,unbookmarked,35,United Kingdom,Male,"{""panel_metadata"":{""status"":""TIMED-OUT"",""started_at"":""2026-01-12T14:10:48.133000Z"",""time_taken"":9587,""archived_at"":""2026-01-12T16:50:34.866182Z"",""participant_id"":""6033aebb7228c70967a3ab43"",""total_approvals"":3115,""custom_study_tncs_accepted_at"":""Not Applicable""},""extra_profiling_fields"":[{""id"":""llm_detection_result"",""name"":""Llm detection result"",""value"":""Passed""},{""id"":""ethnicity_simplified"",""name"":""Ethnicity simplified"",""value"":""White""},{""id"":""country_of_birth"",""name"":""Country of birth"",""value"":""United Kingdom""},{""id"":""nationality"",""name"":""Nationality"",""value"":""United Kingdom""},{""id"":""language"",""name"":""Language"",""value"":""English""},{""id"":""student_status"",""name"":""Student status"",""value"":""No""},{""id"":""employment_status"",""name"":""Employment status"",""value"":""Full-Time""}]}",complete,GB,en,dashboard
44ea90be-e54d-5179-aa70-d338b95f8ec6,prolific,f787502e-7c2d-5f04-9100-35390279543c,aa5a465b314cbb414e6c78093c907f2e5f7e33bacba7c03402974d171a82c1ef,fd10239952,unbookmarked,30,United Kingdom,Female,"{""panel_metadata"":{""status"":""AWAITING REVIEW"",""started_at"":""2026-01-15T17:59:43.447000Z"",""time_taken"":1488,""archived_at"":""2026-01-15T18:24:31.533512Z"",""completed_at"":""2026-01-15T18:24:31.165000Z"",""participant_id"":""67606b86d38a90ae2ff70bcf"",""completion_code"":""FDC0MPL3T3"",""total_approvals"":429,""custom_study_tncs_accepted_at"":""Not Applicable""},""extra_profiling_fields"":[{""id"":""llm_detection_result"",""name"":""Llm detection result"",""value"":""Passed""},{""id"":""ethnicity_simplified"",""name"":""Ethnicity simplified"",""value"":""White""},{""id"":""country_of_birth"",""name"":""Country of birth"",""value"":""United Kingdom""},{""id"":""nationality"",""name"":""Nationality"",""value"":""United Kingdom""},{""id"":""language"",""name"":""Language"",""value"":""English""},{""id"":""student_status"",""name"":""Student status"",""value"":""Yes""},{""id"":""employment_status"",""name"":""Employment status"",""value"":""Full-Time""}]}",complete,GB,en,orchestra
44ea90be-e54d-5179-aa70-d338b95f8ec6,prolific,eddce040-f090-5edd-87c4-c22dc459a91f,59e94fb1ec5164dd3c867dcd79995927e6e43ceca7145589fd96bcc192f2f6ca,fd38631789,unbookmarked,39,United Kingdom,Female,"{""panel_metadata"":{""status"":""AWAITING REVIEW"",""started_at"":""2026-01-15T18:01:51.260000Z"",""time_taken"":2149,""archived_at"":""2026-01-15T18:37:39.671286Z"",""completed_at"":""2026-01-15T18:37:39.315000Z"",""participant_id"":""60001f74b9d8d70009041d15"",""completion_code"":""FDC0MPL3T3"",""total_approvals"":1715,""custom_study_tncs_accepted_at"":""Not Applicable""},""extra_profiling_fields"":[{""id"":""llm_detection_result"",""name"":""Llm detection result"",""value"":""Passed""},{""id"":""ethnicity_simplified"",""name"":""Ethnicity simplified"",""value"":""White""},{""id"":""country_of_birth"",""name"":""Country of birth"",""value"":""United Kingdom""},{""id"":""nationality"",""name"":""Nationality"",""value"":""United Kingdom""},{""id"":""language"",""name"":""Language"",""value"":""English""},{""id"":""student_status"",""name"":""Student status"",""value"":""No""},{""id"":""employment_status"",""name"":""Employment status"",""value"":""Part-Time""}]}",complete,GB,en,orchestra
44ea90be-e54d-5179-aa70-d338b95f8ec6,prolific,ff9a0acc-d4e7-5b39-8cb5-92dd18af5907,e388ecbe77bb5d709762061d9b1f586d7abae94b4c5e56e64f4c12f2b018e6df,fd83394795,unbookmarked,26,United Kingdom,Female,"{""panel_metadata"":{""status"":""AWAITING REVIEW"",""started_at"":""2026-01-15T18:06:44.968000Z"",""time_taken"":1677,""archived_at"":""2026-01-15T18:34:41.922583Z"",""completed_at"":""2026-01-15T18:34:41.496000Z"",""participant_id"":""5d2cb707d091310019c54662"",""completion_code"":""FDC0MPL3T3"",""total_approvals"":681,""custom_study_tncs_accepted_at"":""Not Applicable""},""extra_profiling_fields"":[{""id"":""llm_detection_result"",""name"":""Llm detection result"",""value"":""Passed""},{""id"":""ethnicity_simplified"",""name"":""Ethnicity simplified"",""value"":""Asian""},{""id"":""country_of_birth"",""name"":""Country of birth"",""value"":""United Kingdom""},{""id"":""nationality"",""name"":""Nationality"",""value"":""United Kingdom""},{""id"":""language"",""name"":""Language"",""value"":""English""},{""id"":""student_status"",""name"":""Student status"",""value"":""Yes""},{""id"":""employment_status"",""name"":""Employment status"",""value"":""Full-Time""}]}",complete,GB,en,orchestra
44ea90be-e54d-5179-aa70-d338b95f8ec6,prolific,bc959901-29bf-5af5-9713-c974fca1d569,7b9339f6036b2b10e8a3c82411c8a2d54335e235c792e71c19de09e67bf9ed10,fd40243994,unbookmarked,31,United Kingdom,Male,"{""panel_metadata"":{""status"":""AWAITING REVIEW"",""started_at"":""2026-01-15T18:22:19.485000Z"",""time_taken"":964,""archived_at"":""2026-01-15T18:38:23.723574Z"",""completed_at"":""2026-01-15T18:38:23.355000Z"",""participant_id"":""6964045aabe1118eda133129"",""completion_code"":""FDC0MPL3T3"",""total_approvals"":10,""custom_study_tncs_accepted_at"":""Not Applicable""},""extra_profiling_fields"":[{""id"":""llm_detection_result"",""name"":""Llm detection result"",""value"":""Passed""},{""id"":""ethnicity_simplified"",""name"":""Ethnicity simplified"",""value"":""Other""},{""id"":""country_of_birth"",""name"":""Country of birth"",""value"":""Jordan""},{""id"":""language"",""name"":""Language"",""value"":""Arabic""},{""id"":""student_status"",""name"":""Student status"",""value"":""No""},{""id"":""employment_status"",""name"":""Employment status"",""value"":""Full-Time""}]}",complete,GB,en,orchestra
44ea90be-e54d-5179-aa70-d338b95f8ec6,prolific,62e67542-ebb5-5e2a-8a14-7ebded095fb2,94f942facb609c90485ee8fdc572d552b0301cf5ac0e58dcbc248282f9b8354f,fd81298869,unbookmarked,39,United Kingdom,Female,"{""panel_metadata"":{""status"":""AWAITING REVIEW"",""started_at"":""2026-01-15T18:10:19.423000Z"",""time_taken"":1342,""archived_at"":""2026-01-15T18:32:41.183614Z"",""completed_at"":""2026-01-15T18:32:40.817000Z"",""participant_id"":""55ee11c37480920010aaac8b"",""completion_code"":""FDC0MPL3T3"",""total_approvals"":2408,""custom_study_tncs_accepted_at"":""Not Applicable""},""extra_profiling_fields"":[{""id"":""llm_detection_result"",""name"":""Llm detection result"",""value"":""Passed""},{""id"":""ethnicity_simplified"",""name"":""Ethnicity simplified"",""value"":""White""},{""id"":""country_of_birth"",""name"":""Country of birth"",""value"":""United Kingdom""},{""id"":""nationality"",""name"":""Nationality"",""value"":""United Kingdom""},{""id"":""language"",""name"":""Language"",""value"":""English""},{""id"":""student_status"",""name"":""Student status"",""value"":""No""},{""id"":""employment_status"",""name"":""Employment status"",""value"":""Full-Time""}]}",complete,GB,en,orchestra
44ea90be-e54d-5179-aa70-d338b95f8ec6,prolific,538fc20f-badb-5f52-9f40-ae4a9e53f398,1b779c255a5ca1bdb71709d649932f648425d6ce12a770877a0d56093d7e92d6,fd06336577,unbookmarked,36,United Kingdom,Female,"{""panel_metadata"":{""status"":""AWAITING REVIEW"",""started_at"":""2026-01-15T17:58:14.905000Z"",""time_taken"":3051,""archived_at"":""2026-01-15T18:49:05.923541Z"",""completed_at"":""2026-01-15T18:49:05.558000Z"",""participant_id"":""62a1e51c8ce8770e7d656063"",""completion_code"":""FDC0MPL3T3"",""total_approvals"":1348,""custom_study_tncs_accepted_at"":""Not Applicable""},""extra_profiling_fields"":[{""id"":""llm_detection_result"",""name"":""Llm detection result"",""value"":""Passed""},{""id"":""ethnicity_simplified"",""name"":""Ethnicity simplified"",""value"":""White""},{""id"":""country_of_birth"",""name"":""Country of birth"",""value"":""Latvia""},{""id"":""nationality"",""name"":""Nationality"",""value"":""Latvia""},{""id"":""language"",""name"":""Language"",""value"":""Russian""},{""id"":""student_status"",""name"":""Student status"",""value"":""No""},{""id"":""employment_status"",""name"":""Employment status"",""value"":""Not in paid work (e.g. homemaker', 'retired or disabled)""}]}",complete,GB,en,orchestra
44ea90be-e54d-5179-aa70-d338b95f8ec6,prolific,dac5c893-5c9c-556b-a876-4814b5f3a132,4ba215a340999e65b3f1142318b39e4a54211fcc562877605876c120e0504afa,fd62142295,unbookmarked,40,United Kingdom,Female,"{""panel_metadata"":{""status"":""AWAITING REVIEW"",""started_at"":""2026-01-15T18:27:27.912000Z"",""time_taken"":1153,""archived_at"":""2026-01-15T18:46:40.398531Z"",""completed_at"":""2026-01-15T18:46:40.032000Z"",""participant_id"":""6966854ae95cd15a3586a8f5"",""completion_code"":""FDC0MPL3T3"",""total_approvals"":18,""custom_study_tncs_accepted_at"":""Not Applicable""},""extra_profiling_fields"":[{""id"":""llm_detection_result"",""name"":""Llm detection result"",""value"":""Passed""},{""id"":""ethnicity_simplified"",""name"":""Ethnicity simplified"",""value"":""Mixed""},{""id"":""country_of_birth"",""name"":""Country of birth"",""value"":""France""},{""id"":""language"",""name"":""Language"",""value"":""French""},{""id"":""student_status"",""name"":""Student status"",""value"":""No""},{""id"":""employment_status"",""name"":""Employment status"",""value"":""Full-Time""}]}",complete,GB,en,orchestra
44ea90be-e54d-5179-aa70-d338b95f8ec6,prolific,135d465b-b801-5ac0-b52c-5ce26d8a9386,dc3cd17a65dabd6af775e0c2d7622d4844b70a26757d75a6710eeaba810a2149,fd61443449,unbookmarked,32,United Kingdom,Female,"{""panel_metadata"":{""status"":""AWAITING REVIEW"",""started_at"":""2026-01-15T18:22:05.027000Z"",""time_taken"":1267,""archived_at"":""2026-01-15T18:43:11.918480Z"",""completed_at"":""2026-01-15T18:43:11.568000Z"",""participant_id"":""656ddcbf866b84025844f011"",""completion_code"":""FDC0MPL3T3"",""total_approvals"":753,""custom_study_tncs_accepted_at"":""Not Applicable""},""extra_profiling_fields"":[{""id"":""llm_detection_result"",""name"":""Llm detection result"",""value"":""Passed""},{""id"":""ethnicity_simplified"",""name"":""Ethnicity simplified"",""value"":""White""},{""id"":""country_of_birth"",""name"":""Country of birth"",""value"":""United Kingdom""},{""id"":""nationality"",""name"":""Nationality"",""value"":""United Kingdom""},{""id"":""language"",""name"":""Language"",""value"":""English""},{""id"":""student_status"",""name"":""Student status"",""value"":""No""},{""id"":""employment_status"",""name"":""Employment status"",""value"":""Full-Time""}]}",complete,GB,en,orchestra
44ea90be-e54d-5179-aa70-d338b95f8ec6,prolific,2c61e95f-9156-5acd-91c2-307d5409855e,45c5eb4b26049397bb7beaa56853b4da4c63a1d597e0951639418bebd0531865,fd32138150,unbookmarked,36,United Kingdom,Female,"{""panel_metadata"":{""status"":""AWAITING REVIEW"",""started_at"":""2026-01-15T18:37:23.473000Z"",""time_taken"":1069,""archived_at"":""2026-01-15T18:55:12.426705Z"",""completed_at"":""2026-01-15T18:55:12.057000Z"",""participant_id"":""5b10527374db8f00013fdc57"",""completion_code"":""FDC0MPL3T3"",""total_approvals"":2163,""custom_study_tncs_accepted_at"":""Not Applicable""},""extra_profiling_fields"":[{""id"":""llm_detection_result"",""name"":""Llm detection result"",""value"":""Passed""},{""id"":""ethnicity_simplified"",""name"":""Ethnicity simplified"",""value"":""White""},{""id"":""country_of_birth"",""name"":""Country of birth"",""value"":""United Kingdom""},{""id"":""nationality"",""name"":""Nationality"",""value"":""United Kingdom""},{""id"":""language"",""name"":""Language"",""value"":""English""}]}",complete,GB,en,orchestra
44ea90be-e54d-5179-aa70-d338b95f8ec6,prolific,a8045949-1cfa-5ff6-9144-fa633ae75f3d,4a2cfd1c86a1620a2d7e50d9f160499d18ac992664f68440d5a7d0a2cc2e8aca,fd80934303,unbookmarked,36,United Kingdom,Female,"{""panel_metadata"":{""status"":""AWAITING REVIEW"",""started_at"":""2026-01-15T18:23:24.212000Z"",""time_taken"":1742,""archived_at"":""2026-01-15T18:52:25.698888Z"",""completed_at"":""2026-01-15T18:52:25.323000Z"",""participant_id"":""59955d4ea2bbe0000188334d"",""completion_code"":""FDC0MPL3T3"",""total_approvals"":1592,""custom_study_tncs_accepted_at"":""Not Applicable""},""extra_profiling_fields"":[{""id"":""llm_detection_result"",""name"":""Llm detection result"",""value"":""Passed""},{""id"":""ethnicity_simplified"",""name"":""Ethnicity simplified"",""value"":""White""},{""id"":""country_of_birth"",""name"":""Country of birth"",""value"":""United Kingdom""},{""id"":""nationality"",""name"":""Nationality"",""value"":""United Kingdom""},{""id"":""language"",""name"":""Language"",""value"":""English""},{""id"":""student_status"",""name"":""Student status"",""value"":""No""},{""id"":""employment_status"",""name"":""Employment status"",""value"":""Not in paid work (e.g. homemaker', 'retired or disabled)""}]}",complete,GB,en,orchestra
44ea90be-e54d-5179-aa70-d338b95f8ec6,prolific,ca9d3f46-7520-5d2b-858c-15b49713cb5c,6639000f94b58d6396c6d83abbeafc7e147d032324c246924c27d6a0115d75b5,fd82776688,unbookmarked,31,United Kingdom,Female,"{""panel_metadata"":{""status"":""AWAITING REVIEW"",""started_at"":""2026-01-15T18:27:25.249000Z"",""time_taken"":1443,""archived_at"":""2026-01-15T18:51:27.800556Z"",""completed_at"":""2026-01-15T18:51:27.419000Z"",""participant_id"":""62fb7acaf60ed51dd71d3bfb"",""completion_code"":""FDC0MPL3T3"",""total_approvals"":1181,""custom_study_tncs_accepted_at"":""Not Applicable""},""extra_profiling_fields"":[{""id"":""llm_detection_result"",""name"":""Llm detection result"",""value"":""Passed""},{""id"":""ethnicity_simplified"",""name"":""Ethnicity simplified"",""value"":""White""},{""id"":""country_of_birth"",""name"":""Country of birth"",""value"":""United Kingdom""},{""id"":""nationality"",""name"":""Nationality"",""value"":""United Kingdom""},{""id"":""language"",""name"":""Language"",""value"":""English""},{""id"":""student_status"",""name"":""Student status"",""value"":""No""},{""id"":""employment_status"",""name"":""Employment status"",""value"":""Unemployed (and job seeking)""}]}",complete,GB,en,orchestra
44ea90be-e54d-5179-aa70-d338b95f8ec6,prolific,762233b0-a85d-58e9-a40b-273f9a7cbcba,3cce977833a7b901ac2e08a83e2f0eaba270c358f92c7ca56816602709f7c66f,fd22388569,unbookmarked,33,United Kingdom,Female,"{""panel_metadata"":{""status"":""AWAITING REVIEW"",""started_at"":""2026-01-15T18:37:30.314000Z"",""time_taken"":1566,""archived_at"":""2026-01-15T19:03:36.636788Z"",""completed_at"":""2026-01-15T19:03:36.271000Z"",""participant_id"":""628f6f85d192d1fee0014ef0"",""completion_code"":""FDC0MPL3T3"",""total_approvals"":1340,""custom_study_tncs_accepted_at"":""Not Applicable""},""extra_profiling_fields"":[{""id"":""llm_detection_result"",""name"":""Llm detection result"",""value"":""Passed""},{""id"":""ethnicity_simplified"",""name"":""Ethnicity simplified"",""value"":""White""},{""id"":""country_of_birth"",""name"":""Country of birth"",""value"":""United Kingdom""},{""id"":""nationality"",""name"":""Nationality"",""value"":""United Kingdom""},{""id"":""language"",""name"":""Language"",""value"":""English""}]}",complete,GB,en,orchestra
44ea90be-e54d-5179-aa70-d338b95f8ec6,prolific,cdb69d89-3c96-5ecb-bb4c-7be7e17c485b,b3b9c6451cd402daf64717b2270cfea135ba1331d41bae1076118d075758dd64,fd59463029,unbookmarked,32,United Kingdom,Male,"{""panel_metadata"":{""status"":""AWAITING REVIEW"",""started_at"":""2026-01-15T18:59:55.721000Z"",""time_taken"":1093,""archived_at"":""2026-01-15T19:18:08.245420Z"",""completed_at"":""2026-01-15T19:18:07.848000Z"",""participant_id"":""5e78e8c6593bf50831f704b8"",""completion_code"":""FDC0MPL3T3"",""total_approvals"":2813,""custom_study_tncs_accepted_at"":""Not Applicable""},""extra_profiling_fields"":[{""id"":""llm_detection_result"",""name"":""Llm detection result"",""value"":""Passed""},{""id"":""ethnicity_simplified"",""name"":""Ethnicity simplified"",""value"":""White""},{""id"":""country_of_birth"",""name"":""Country of birth"",""value"":""United Kingdom""},{""id"":""nationality"",""name"":""Nationality"",""value"":""United Kingdom""},{""id"":""language"",""name"":""Language"",""value"":""English""},{""id"":""student_status"",""name"":""Student status"",""value"":""No""},{""id"":""employment_status"",""name"":""Employment status"",""value"":""Full-Time""}]}",complete,GB,en,orchestra
44ea90be-e54d-5179-aa70-d338b95f8ec6,prolific,f7b446be-954d-5d71-9eaf-599ec0eaf4f2,1968867052f542400014185c804fd1abcce7e05ac173c0c9008b680b90f66f46,fd33846834,unbookmarked,35,United Kingdom,Female,"{""panel_metadata"":{""status"":""AWAITING REVIEW"",""started_at"":""2026-01-15T18:18:26.108000Z"",""time_taken"":1408,""archived_at"":""2026-01-15T18:41:54.400429Z"",""completed_at"":""2026-01-15T18:41:54.053000Z"",""participant_id"":""59900f959d487e0001ac3a8e"",""completion_code"":""FDC0MPL3T3"",""total_approvals"":971,""custom_study_tncs_accepted_at"":""Not Applicable""},""extra_profiling_fields"":[{""id"":""llm_detection_result"",""name"":""Llm detection result"",""value"":""Passed""},{""id"":""ethnicity_simplified"",""name"":""Ethnicity simplified"",""value"":""White""},{""id"":""country_of_birth"",""name"":""Country of birth"",""value"":""Australia""},{""id"":""nationality"",""name"":""Nationality"",""value"":""United Kingdom""},{""id"":""language"",""name"":""Language"",""value"":""English""},{""id"":""student_status"",""name"":""Student status"",""value"":""No""},{""id"":""employment_status"",""name"":""Employment status"",""value"":""Part-Time""}]}",complete,GB,en,orchestra
44ea90be-e54d-5179-aa70-d338b95f8ec6,prolific,08d74c03-37c6-5fec-924a-a0cb8bec9ccc,5b37a6bd5e3d0d9b7f61a0b78a8473f255209aeaa4bddfe05050c16eba485e4e,fd42104995,unbookmarked,30,United Kingdom,Female,"{""panel_metadata"":{""status"":""AWAITING REVIEW"",""started_at"":""2026-01-15T19:01:04.079000Z"",""time_taken"":1414,""archived_at"":""2026-01-15T19:24:38.030035Z"",""completed_at"":""2026-01-15T19:24:37.685000Z"",""participant_id"":""672d3dd1c52d127fd08a32f0"",""completion_code"":""FDCOMPL3T3"",""total_approvals"":1011,""custom_study_tncs_accepted_at"":""Not Applicable""},""extra_profiling_fields"":[{""id"":""llm_detection_result"",""name"":""Llm detection result"",""value"":""Passed""},{""id"":""ethnicity_simplified"",""name"":""Ethnicity simplified"",""value"":""White""},{""id"":""country_of_birth"",""name"":""Country of birth"",""value"":""United Kingdom""},{""id"":""nationality"",""name"":""Nationality"",""value"":""United Kingdom""},{""id"":""language"",""name"":""Language"",""value"":""English""},{""id"":""student_status"",""name"":""Student status"",""value"":""No""},{""id"":""employment_status"",""name"":""Employment status"",""value"":""Full-Time""}]}",complete,GB,en,orchestra
44ea90be-e54d-5179-aa70-d338b95f8ec6,prolific,3e56dc08-5c47-5149-95d4-ae0e96d997c1,dd2ef401acc8c0ea2a83e175646d3f8800bc2671744773fcf6b2a689db187803,fd63595892,unbookmarked,33,United Kingdom,Female,"{""panel_metadata"":{""status"":""AWAITING REVIEW"",""started_at"":""2026-01-15T18:15:44.703000Z"",""time_taken"":4743,""archived_at"":""2026-01-15T19:34:47.141514Z"",""completed_at"":""2026-01-15T19:34:46.776000Z"",""participant_id"":""672a401ef9623837c59f3af2"",""completion_code"":""FDC0MPL3T3"",""total_approvals"":734,""custom_study_tncs_accepted_at"":""Not Applicable""},""extra_profiling_fields"":[{""id"":""llm_detection_result"",""name"":""Llm detection result"",""value"":""Passed""},{""id"":""ethnicity_simplified"",""name"":""Ethnicity simplified"",""value"":""Black""},{""id"":""country_of_birth"",""name"":""Country of birth"",""value"":""Kenya""},{""id"":""nationality"",""name"":""Nationality"",""value"":""United Kingdom""},{""id"":""language"",""name"":""Language"",""value"":""English""},{""id"":""student_status"",""name"":""Student status"",""value"":""No""},{""id"":""employment_status"",""name"":""Employment status"",""value"":""Part-Time""}]}",complete,GB,en,orchestra
44ea90be-e54d-5179-aa70-d338b95f8ec6,prolific,5ee36606-5727-5d47-9d67-3aa5a617bb04,e02e97b2da726e9a5285e784455f8ceced65cfab39cfc8d5b67232753069c187,fd51167165,unbookmarked,36,United Kingdom,Female,"{""panel_metadata"":{""status"":""AWAITING REVIEW"",""started_at"":""2026-01-15T19:11:10.304000Z"",""time_taken"":1633,""archived_at"":""2026-01-15T19:38:23.188287Z"",""completed_at"":""2026-01-15T19:38:22.824000Z"",""participant_id"":""6148c1b5f5e108404163099d"",""completion_code"":""FDC0MPL3T3"",""total_approvals"":462,""custom_study_tncs_accepted_at"":""Not Applicable""},""extra_profiling_fields"":[{""id"":""llm_detection_result"",""name"":""Llm detection result"",""value"":""Passed""},{""id"":""ethnicity_simplified"",""name"":""Ethnicity simplified"",""value"":""White""},{""id"":""country_of_birth"",""name"":""Country of birth"",""value"":""United Kingdom""},{""id"":""nationality"",""name"":""Nationality"",""value"":""United Kingdom""},{""id"":""language"",""name"":""Language"",""value"":""English""}]}",complete,GB,en,orchestra
44ea90be-e54d-5179-aa70-d338b95f8ec6,prolific,23bbad9a-0ada-581d-8e1a-763a97736483,59de9e6bedd3e5bb9b62ee9f6cec6679a767f9e42b5e631a7aa0c25978249662,fd31874536,unbookmarked,33,United Kingdom,Female,"{""panel_metadata"":{""status"":""AWAITING REVIEW"",""started_at"":""2026-01-15T19:20:00.654000Z"",""time_taken"":1280,""archived_at"":""2026-01-15T19:41:20.122718Z"",""completed_at"":""2026-01-15T19:41:19.671000Z"",""participant_id"":""5ff31bb30ad48b8743d2caaf"",""completion_code"":""FDC0MPL3T3"",""total_approvals"":1905,""custom_study_tncs_accepted_at"":""Not Applicable""},""extra_profiling_fields"":[{""id"":""llm_detection_result"",""name"":""Llm detection result"",""value"":""Passed""},{""id"":""ethnicity_simplified"",""name"":""Ethnicity simplified"",""value"":""White""},{""id"":""country_of_birth"",""name"":""Country of birth"",""value"":""United Kingdom""},{""id"":""nationality"",""name"":""Nationality"",""value"":""United Kingdom""},{""id"":""language"",""name"":""Language"",""value"":""English""},{""id"":""student_status"",""name"":""Student status"",""value"":""No""},{""id"":""employment_status"",""name"":""Employment status"",""value"":""Full-Time""}]}",complete,GB,en,orchestra
44ea90be-e54d-5179-aa70-d338b95f8ec6,prolific,a4e609f3-d639-5b53-970c-3ac8c0b25c94,7192aec834e3ca40454a4343f45376b24b1c88e91dda0b60b50a8b075f959c0c,fd04412805,unbookmarked,28,United Kingdom,Male,"{""panel_metadata"":{""status"":""AWAITING REVIEW"",""started_at"":""2026-01-15T19:21:48.783000Z"",""time_taken"":1583,""archived_at"":""2026-01-15T19:48:11.566580Z"",""completed_at"":""2026-01-15T19:48:11.196000Z"",""participant_id"":""63f8c03565ab09c02469ccd3"",""completion_code"":""FDC0MPL3T3"",""total_approvals"":281,""custom_study_tncs_accepted_at"":""Not Applicable""},""extra_profiling_fields"":[{""id"":""llm_detection_result"",""name"":""Llm detection result"",""value"":""Passed""},{""id"":""ethnicity_simplified"",""name"":""Ethnicity simplified"",""value"":""Asian""},{""id"":""country_of_birth"",""name"":""Country of birth"",""value"":""Mongolia""},{""id"":""nationality"",""name"":""Nationality"",""value"":""United Kingdom""},{""id"":""language"",""name"":""Language"",""value"":""English""},{""id"":""student_status"",""name"":""Student status"",""value"":""Yes""},{""id"":""employment_status"",""name"":""Employment status"",""value"":""Other""}]}",complete,GB,en,orchestra
44ea90be-e54d-5179-aa70-d338b95f8ec6,prolific,903f63ab-daa7-57ac-aec7-b83367b47021,ad2bf4c825c043b86fb978b841080b582e79d7763f4c4a9cb0281b3d53840a3a,fd13203268,unbookmarked,40,United Kingdom,Female,"{""panel_metadata"":{""status"":""AWAITING REVIEW"",""started_at"":""2026-01-15T19:29:18.421000Z"",""time_taken"":1125,""archived_at"":""2026-01-15T19:48:02.942686Z"",""completed_at"":""2026-01-15T19:48:02.590000Z"",""participant_id"":""5dcdbf658d32d102ba69e839"",""completion_code"":""FDC0MPL3T3"",""total_approvals"":497,""custom_study_tncs_accepted_at"":""Not Applicable""},""extra_profiling_fields"":[{""id"":""llm_detection_result"",""name"":""Llm detection result"",""value"":""Passed""},{""id"":""ethnicity_simplified"",""name"":""Ethnicity simplified"",""value"":""White""},{""id"":""country_of_birth"",""name"":""Country of birth"",""value"":""United Kingdom""},{""id"":""nationality"",""name"":""Nationality"",""value"":""United Kingdom""},{""id"":""language"",""name"":""Language"",""value"":""English""},{""id"":""student_status"",""name"":""Student status"",""value"":""No""},{""id"":""employment_status"",""name"":""Employment status"",""value"":""Full-Time""}]}",complete,GB,en,orchestra
44ea90be-e54d-5179-aa70-d338b95f8ec6,prolific,0ecfe4eb-6f7b-5050-82c8-827c5c0ef3ba,0ae8bab2423e906d3790f27dd118f25be2127e4bc79977769ab9e21f10d7b15b,fd91794901,unbookmarked,35,United Kingdom,Female,"{""panel_metadata"":{""status"":""AWAITING REVIEW"",""started_at"":""2026-01-15T19:05:26.420000Z"",""time_taken"":2196,""archived_at"":""2026-01-15T19:42:02.575455Z"",""completed_at"":""2026-01-15T19:42:02.194000Z"",""participant_id"":""5d389202459755001992a0f2"",""completion_code"":""FDC0MPL3T3"",""total_approvals"":2248,""custom_study_tncs_accepted_at"":""Not Applicable""},""extra_profiling_fields"":[{""id"":""llm_detection_result"",""name"":""Llm detection result"",""value"":""Passed""},{""id"":""ethnicity_simplified"",""name"":""Ethnicity simplified"",""value"":""White""},{""id"":""country_of_birth"",""name"":""Country of birth"",""value"":""United Kingdom""},{""id"":""nationality"",""name"":""Nationality"",""value"":""United Kingdom""},{""id"":""language"",""name"":""Language"",""value"":""English""},{""id"":""student_status"",""name"":""Student status"",""value"":""Yes""},{""id"":""employment_status"",""name"":""Employment status"",""value"":""Full-Time""}]}",complete,GB,en,orchestra
44ea90be-e54d-5179-aa70-d338b95f8ec6,prolific,9b04d7cc-8a87-5db5-a65d-8a7bea97bf0a,9c8f96151f510df0565f07fa10658ce13e0c138882956cbdb35f1c4a5200f0e4,fd78800981,unbookmarked,38,United Kingdom,Female,"{""panel_metadata"":{""status"":""AWAITING REVIEW"",""started_at"":""2026-01-15T19:25:03.987000Z"",""time_taken"":1457,""archived_at"":""2026-01-15T19:49:36.779227Z"",""completed_at"":""2026-01-15T19:49:20.657000Z"",""participant_id"":""5d59a879a0883e0015150bdf"",""completion_code"":""FDC0MPL3T3"",""total_approvals"":1948,""custom_study_tncs_accepted_at"":""Not Applicable""},""extra_profiling_fields"":[{""id"":""llm_detection_result"",""name"":""Llm detection result"",""value"":""Passed""},{""id"":""ethnicity_simplified"",""name"":""Ethnicity simplified"",""value"":""White""},{""id"":""country_of_birth"",""name"":""Country of birth"",""value"":""United Kingdom""},{""id"":""nationality"",""name"":""Nationality"",""value"":""United Kingdom""},{""id"":""language"",""name"":""Language"",""value"":""English""},{""id"":""student_status"",""name"":""Student status"",""value"":""No""},{""id"":""employment_status"",""name"":""Employment status"",""value"":""Full-Time""}]}",complete,GB,en,orchestra
44ea90be-e54d-5179-aa70-d338b95f8ec6,prolific,bb386fe6-1250-5ca2-b1b8-8af76cb19180,77f9913c18162fd6076522fda54e8faf06753b73b233545a2d949e9e6b95946f,fd26872692,unbookmarked,25,United Kingdom,Female,"{""panel_metadata"":{""status"":""AWAITING REVIEW"",""started_at"":""2026-01-15T19:11:18.597000Z"",""time_taken"":2016,""archived_at"":""2026-01-15T19:44:54.080190Z"",""completed_at"":""2026-01-15T19:44:53.721000Z"",""participant_id"":""66c0382392286c820e1d3623"",""completion_code"":""FDC0MPL3T3"",""total_approvals"":101,""custom_study_tncs_accepted_at"":""Not Applicable""},""extra_profiling_fields"":[{""id"":""llm_detection_result"",""name"":""Llm detection result"",""value"":""Passed""},{""id"":""ethnicity_simplified"",""name"":""Ethnicity simplified"",""value"":""Mixed""},{""id"":""country_of_birth"",""name"":""Country of birth"",""value"":""United Kingdom""},{""id"":""nationality"",""name"":""Nationality"",""value"":""United Kingdom""},{""id"":""language"",""name"":""Language"",""value"":""English""},{""id"":""student_status"",""name"":""Student status"",""value"":""Yes""},{""id"":""employment_status"",""name"":""Employment status"",""value"":""Due to start a new job within the next month""}]}",complete,GB,en,orchestra
44ea90be-e54d-5179-aa70-d338b95f8ec6,prolific,09cbe45a-e780-5f9a-bc5a-abd58903b294,72c90b6fc4f65501bd7b85a9a3c639aa6334d49eb601e34ba3138ad8ff83816b,fd41733484,unbookmarked,38,United Kingdom,Female,"{""panel_metadata"":{""status"":""AWAITING REVIEW"",""started_at"":""2026-01-15T19:40:55.391000Z"",""time_taken"":2085,""archived_at"":""2026-01-15T20:15:40.129018Z"",""completed_at"":""2026-01-15T20:15:39.737000Z"",""participant_id"":""62fb8bdc220ef731de457e05"",""completion_code"":""FDC0MPL3T3"",""total_approvals"":354,""custom_study_tncs_accepted_at"":""Not Applicable""},""extra_profiling_fields"":[{""id"":""llm_detection_result"",""name"":""Llm detection result"",""value"":""Passed""},{""id"":""ethnicity_simplified"",""name"":""Ethnicity simplified"",""value"":""White""},{""id"":""country_of_birth"",""name"":""Country of birth"",""value"":""United Kingdom""},{""id"":""nationality"",""name"":""Nationality"",""value"":""United Kingdom""},{""id"":""language"",""name"":""Language"",""value"":""English""}]}",complete,GB,en,orchestra
44ea90be-e54d-5179-aa70-d338b95f8ec6,prolific,b8328c9c-3675-537e-95dc-5cfe313e591e,2104cbe43a15df13bb1271dc48815ff702b23b53bdfa8696b7d7ac20534374f5,fd03413970,unbookmarked,39,United Kingdom,Female,"{""panel_metadata"":{""status"":""AWAITING REVIEW"",""started_at"":""2026-01-15T19:28:47.924000Z"",""time_taken"":2754,""archived_at"":""2026-01-15T20:14:41.451217Z"",""completed_at"":""2026-01-15T20:14:41.060000Z"",""participant_id"":""5d6e5462c5a2e300169b687e"",""completion_code"":""FDC0MPL3T3"",""total_approvals"":298,""custom_study_tncs_accepted_at"":""Not Applicable""},""extra_profiling_fields"":[{""id"":""llm_detection_result"",""name"":""Llm detection result"",""value"":""Passed""},{""id"":""ethnicity_simplified"",""name"":""Ethnicity simplified"",""value"":""Mixed""},{""id"":""country_of_birth"",""name"":""Country of birth"",""value"":""United Kingdom""},{""id"":""nationality"",""name"":""Nationality"",""value"":""United Kingdom""},{""id"":""language"",""name"":""Language"",""value"":""English""},{""id"":""student_status"",""name"":""Student status"",""value"":""No""},{""id"":""employment_status"",""name"":""Employment status"",""value"":""Full-Time""}]}",complete,GB,en,orchestra
44ea90be-e54d-5179-aa70-d338b95f8ec6,prolific,f908fda2-af3a-597c-966c-fb946d0a424d,9ed0e54dae07d291f045de3f28891499314c1a0020cc9d7ca9ca5b88b36b85fc,fd74363614,unbookmarked,30,United Kingdom,Female,"{""panel_metadata"":{""status"":""AWAITING REVIEW"",""started_at"":""2026-01-15T18:41:37.853000Z"",""time_taken"":3721,""archived_at"":""2026-01-15T19:43:39.028727Z"",""completed_at"":""2026-01-15T19:43:38.678000Z"",""participant_id"":""63f782f160eb53150d24c549"",""completion_code"":""FDC0MPL3T3"",""total_approvals"":691,""custom_study_tncs_accepted_at"":""Not Applicable""},""extra_profiling_fields"":[{""id"":""llm_detection_result"",""name"":""Llm detection result"",""value"":""Passed""},{""id"":""ethnicity_simplified"",""name"":""Ethnicity simplified"",""value"":""White""},{""id"":""country_of_birth"",""name"":""Country of birth"",""value"":""United Kingdom""},{""id"":""nationality"",""name"":""Nationality"",""value"":""United Kingdom""},{""id"":""language"",""name"":""Language"",""value"":""English""},{""id"":""student_status"",""name"":""Student status"",""value"":""Yes""},{""id"":""employment_status"",""name"":""Employment status"",""value"":""Full-Time""}]}",complete,GB,en,orchestra
44ea90be-e54d-5179-aa70-d338b95f8ec6,prolific,9ca81cb3-0430-53a4-a9e7-850ebfe2193b,b924daf971c4dfcb3315a8d2de4575395c04993e92baf1c4561b75bb8a4306a0,fd03425212,unbookmarked,31,United Kingdom,Female,"{""panel_metadata"":{""status"":""AWAITING REVIEW"",""started_at"":""2026-01-15T18:28:59.456000Z"",""time_taken"":3021,""archived_at"":""2026-01-15T19:19:20.461091Z"",""completed_at"":""2026-01-15T19:19:20.055000Z"",""participant_id"":""6772edf57fe25105c06f1910"",""completion_code"":""FDC0MPL3T3"",""total_approvals"":241,""custom_study_tncs_accepted_at"":""Not Applicable""},""extra_profiling_fields"":[{""id"":""llm_detection_result"",""name"":""Llm detection result"",""value"":""Passed""},{""id"":""ethnicity_simplified"",""name"":""Ethnicity simplified"",""value"":""White""},{""id"":""country_of_birth"",""name"":""Country of birth"",""value"":""United Kingdom""},{""id"":""nationality"",""name"":""Nationality"",""value"":""United Kingdom""},{""id"":""language"",""name"":""Language"",""value"":""English""},{""id"":""student_status"",""name"":""Student status"",""value"":""No""},{""id"":""employment_status"",""name"":""Employment status"",""value"":""Full-Time""}]}",complete,GB,en,orchestra
44ea90be-e54d-5179-aa70-d338b95f8ec6,prolific,b36a06a9-7e8c-528f-9c7c-8b24e9e70ca6,8e4fb96174d0414443117a0fea003a5aba832fcf54f0099a0d83a787f450e4ce,fd96187710,unbookmarked,35,United Kingdom,Male,"{""panel_metadata"":{""status"":""AWAITING REVIEW"",""started_at"":""2026-01-15T19:19:59.110000Z"",""time_taken"":1939,""archived_at"":""2026-01-15T19:52:18.167570Z"",""completed_at"":""2026-01-15T19:52:17.816000Z"",""participant_id"":""665b5286e8e62bc79a733ebf"",""completion_code"":""FDC0MPL3T3"",""total_approvals"":1017,""custom_study_tncs_accepted_at"":""Not Applicable""},""extra_profiling_fields"":[{""id"":""llm_detection_result"",""name"":""Llm detection result"",""value"":""Passed""},{""id"":""ethnicity_simplified"",""name"":""Ethnicity simplified"",""value"":""Black""},{""id"":""country_of_birth"",""name"":""Country of birth"",""value"":""United Kingdom""},{""id"":""nationality"",""name"":""Nationality"",""value"":""United Kingdom""},{""id"":""language"",""name"":""Language"",""value"":""English""},{""id"":""student_status"",""name"":""Student status"",""value"":""No""},{""id"":""employment_status"",""name"":""Employment status"",""value"":""Full-Time""}]}",complete,GB,en,orchestra
44ea90be-e54d-5179-aa70-d338b95f8ec6,prolific,db88cae6-c1d8-54ab-9169-93194452a370,b776860af86bdfe1dbcfc17bf103c40104ecbe3c42e9f1a1d37f80b0f7356040,fd35022464,unbookmarked,34,United Kingdom,Female,"{""panel_metadata"":{""status"":""AWAITING REVIEW"",""started_at"":""2026-01-15T18:20:26.484000Z"",""time_taken"":3150,""archived_at"":""2026-01-15T19:12:56.925545Z"",""completed_at"":""2026-01-15T19:12:56.337000Z"",""participant_id"":""677880f787ed7d2cfb6f7345"",""completion_code"":""FDC0MPL3T3"",""total_approvals"":431,""custom_study_tncs_accepted_at"":""Not Applicable""},""extra_profiling_fields"":[{""id"":""llm_detection_result"",""name"":""Llm detection result"",""value"":""Passed""},{""id"":""ethnicity_simplified"",""name"":""Ethnicity simplified"",""value"":""White""},{""id"":""country_of_birth"",""name"":""Country of birth"",""value"":""United Kingdom""},{""id"":""nationality"",""name"":""Nationality"",""value"":""United Kingdom""},{""id"":""language"",""name"":""Language"",""value"":""English""},{""id"":""student_status"",""name"":""Student status"",""value"":""No""},{""id"":""employment_status"",""name"":""Employment status"",""value"":""Full-Time""}]}",complete,GB,en,orchestra
44ea90be-e54d-5179-aa70-d338b95f8ec6,prolific,ebdf1d16-baf1-5fde-8962-039eb7dcd876,e467f0711a3aced8a0df3d65d4f543b83ded3cce8545d3096e70779d3d769257,fd89194905,unbookmarked,31,United Kingdom,Female,"{""panel_metadata"":{""status"":""AWAITING REVIEW"",""started_at"":""2026-01-15T19:20:23.034000Z"",""time_taken"":3726,""archived_at"":""2026-01-15T20:22:29.194884Z"",""completed_at"":""2026-01-15T20:22:28.489000Z"",""participant_id"":""695c1970f8e0496560de10a9"",""completion_code"":""FDC0MPL3T3"",""total_approvals"":2,""custom_study_tncs_accepted_at"":""Not Applicable""},""extra_profiling_fields"":[{""id"":""llm_detection_result"",""name"":""Llm detection result"",""value"":""Passed""},{""id"":""ethnicity_simplified"",""name"":""Ethnicity simplified"",""value"":""Asian""},{""id"":""country_of_birth"",""name"":""Country of birth"",""value"":""Pakistan""},{""id"":""language"",""name"":""Language"",""value"":""English""},{""id"":""student_status"",""name"":""Student status"",""value"":""No""},{""id"":""employment_status"",""name"":""Employment status"",""value"":""Other""}]}",complete,GB,en,orchestra
44ea90be-e54d-5179-aa70-d338b95f8ec6,prolific,785bd631-d4df-52f8-a195-1b42ec4987bf,48e8013d94d071b2e1aa0842ed12fbc553e1b7bfd574c308a6ee5a81154038dd,fd32277105,unbookmarked,31,United Kingdom,Male,"{""panel_metadata"":{""status"":""AWAITING REVIEW"",""started_at"":""2026-01-15T19:35:37.737000Z"",""time_taken"":1764,""archived_at"":""2026-01-15T20:05:01.298883Z"",""completed_at"":""2026-01-15T20:05:00.908000Z"",""participant_id"":""665d9a484fc2db6c63bb6c47"",""completion_code"":""FDC0MPL3T3"",""total_approvals"":230,""custom_study_tncs_accepted_at"":""Not Applicable""},""extra_profiling_fields"":[{""id"":""llm_detection_result"",""name"":""Llm detection result"",""value"":""Passed""},{""id"":""ethnicity_simplified"",""name"":""Ethnicity simplified"",""value"":""White""},{""id"":""country_of_birth"",""name"":""Country of birth"",""value"":""United Kingdom""},{""id"":""nationality"",""name"":""Nationality"",""value"":""United Kingdom""},{""id"":""language"",""name"":""Language"",""value"":""English""},{""id"":""student_status"",""name"":""Student status"",""value"":""No""},{""id"":""employment_status"",""name"":""Employment status"",""value"":""Full-Time""}]}",complete,GB,en,orchestra
44ea90be-e54d-5179-aa70-d338b95f8ec6,prolific,ebeaec1a-dae5-5a33-aa24-6ba3feb5a7d1,9edfe247db8ace4ca72f05ebbb8b031922b6dc6094840888d9420f1c330991bc,fd43861044,unbookmarked,39,United Kingdom,Female,"{""panel_metadata"":{""status"":""AWAITING REVIEW"",""started_at"":""2026-01-15T17:59:12.992000Z"",""time_taken"":2187,""archived_at"":""2026-01-15T18:35:39.824031Z"",""completed_at"":""2026-01-15T18:35:39.425000Z"",""participant_id"":""5e1f7b5450f6aa0122fcef8b"",""completion_code"":""FDC0MPL3T3"",""total_approvals"":1915,""custom_study_tncs_accepted_at"":""Not Applicable""},""extra_profiling_fields"":[{""id"":""llm_detection_result"",""name"":""Llm detection result"",""value"":""Passed""},{""id"":""ethnicity_simplified"",""name"":""Ethnicity simplified"",""value"":""White""},{""id"":""country_of_birth"",""name"":""Country of birth"",""value"":""United Kingdom""},{""id"":""nationality"",""name"":""Nationality"",""value"":""United Kingdom""},{""id"":""language"",""name"":""Language"",""value"":""English""},{""id"":""student_status"",""name"":""Student status"",""value"":""No""},{""id"":""employment_status"",""name"":""Employment status"",""value"":""Unemployed (and job seeking)""}]}",complete,GB,en,orchestra
44ea90be-e54d-5179-aa70-d338b95f8ec6,prolific,cf9d291d-ba8a-59f2-b14b-8293e08f30df,3cf0c3334d857e6ba55807b810e03ba0cef96500cac53f0fec5a275783b485e5,fd23320301,unbookmarked,32,United Kingdom,Female,"{""panel_metadata"":{""status"":""AWAITING REVIEW"",""started_at"":""2026-01-15T18:02:24.172000Z"",""time_taken"":1470,""archived_at"":""2026-01-15T18:26:54.515595Z"",""completed_at"":""2026-01-15T18:26:54.136000Z"",""participant_id"":""5f2b30b6a340af558e1f1d32"",""completion_code"":""FDC0MPL3T3"",""total_approvals"":776,""custom_study_tncs_accepted_at"":""Not Applicable""},""extra_profiling_fields"":[{""id"":""llm_detection_result"",""name"":""Llm detection result"",""value"":""Passed""},{""id"":""ethnicity_simplified"",""name"":""Ethnicity simplified"",""value"":""White""},{""id"":""country_of_birth"",""name"":""Country of birth"",""value"":""United Kingdom""},{""id"":""nationality"",""name"":""Nationality"",""value"":""United Kingdom""},{""id"":""language"",""name"":""Language"",""value"":""English""},{""id"":""student_status"",""name"":""Student status"",""value"":""No""},{""id"":""employment_status"",""name"":""Employment status"",""value"":""Full-Time""}]}",complete,GB,en,orchestra
44ea90be-e54d-5179-aa70-d338b95f8ec6,prolific,ae73dc96-70a0-589c-a900-c51b8c3c65fb,0dd701d73fa9e768ced8477804281f7aaa1529f89662a5ea78088243adc941c0,fd91099776,unbookmarked,37,United Kingdom,Female,"{""panel_metadata"":{""status"":""AWAITING REVIEW"",""started_at"":""2026-01-15T18:37:08.554000Z"",""time_taken"":3085,""archived_at"":""2026-01-15T19:28:33.219382Z"",""completed_at"":""2026-01-15T19:28:32.815000Z"",""participant_id"":""5caf6864971a7b0012dc7562"",""completion_code"":""FDC0MPL3T3"",""total_approvals"":4322,""custom_study_tncs_accepted_at"":""Not Applicable""},""extra_profiling_fields"":[{""id"":""llm_detection_result"",""name"":""Llm detection result"",""value"":""Passed""},{""id"":""ethnicity_simplified"",""name"":""Ethnicity simplified"",""value"":""Black""},{""id"":""country_of_birth"",""name"":""Country of birth"",""value"":""United Kingdom""},{""id"":""nationality"",""name"":""Nationality"",""value"":""United Kingdom""},{""id"":""language"",""name"":""Language"",""value"":""English""},{""id"":""student_status"",""name"":""Student status"",""value"":""Yes""},{""id"":""employment_status"",""name"":""Employment status"",""value"":""Full-Time""}]}",complete,GB,en,orchestra
44ea90be-e54d-5179-aa70-d338b95f8ec6,prolific,f0cb14e7-8099-5aab-9536-86ec45893612,aa52b82fcb88addcfc75aee9ea56ae83aa09d64e62fccaba9cd0e4d69d487e14,fd81536278,unbookmarked,27,United Kingdom,Female,"{""panel_metadata"":{""status"":""AWAITING REVIEW"",""started_at"":""2026-01-15T18:23:03.142000Z"",""time_taken"":2571,""archived_at"":""2026-01-15T19:05:53.922774Z"",""completed_at"":""2026-01-15T19:05:53.567000Z"",""participant_id"":""60ce242113ef03f34d95c848"",""completion_code"":""FDC0MPL3T3"",""total_approvals"":222,""custom_study_tncs_accepted_at"":""Not Applicable""},""extra_profiling_fields"":[{""id"":""llm_detection_result"",""name"":""Llm detection result"",""value"":""Passed""},{""id"":""ethnicity_simplified"",""name"":""Ethnicity simplified"",""value"":""White""},{""id"":""country_of_birth"",""name"":""Country of birth"",""value"":""United Kingdom""},{""id"":""nationality"",""name"":""Nationality"",""value"":""United Kingdom""},{""id"":""language"",""name"":""Language"",""value"":""English""},{""id"":""student_status"",""name"":""Student status"",""value"":""No""},{""id"":""employment_status"",""name"":""Employment status"",""value"":""Part-Time""}]}",complete,GB,en,orchestra
44ea90be-e54d-5179-aa70-d338b95f8ec6,prolific,f4fc5a21-8184-5114-ae7b-762dfd05ec5c,c7c0946c9c862b2f5f3ba950be35643bf50e0bb2f33fb6c64730d5f2ce575cee,fd31526779,unbookmarked,29,United Kingdom,Male,"{""panel_metadata"":{""status"":""AWAITING REVIEW"",""started_at"":""2026-01-15T18:11:13.602000Z"",""time_taken"":2709,""archived_at"":""2026-01-15T18:56:22.629343Z"",""completed_at"":""2026-01-15T18:56:22.271000Z"",""participant_id"":""66bfd3867e3dd5e2c19650b9"",""completion_code"":""FDC0MPL3T3"",""total_approvals"":1043,""custom_study_tncs_accepted_at"":""Not Applicable""},""extra_profiling_fields"":[{""id"":""llm_detection_result"",""name"":""Llm detection result"",""value"":""Passed""},{""id"":""ethnicity_simplified"",""name"":""Ethnicity simplified"",""value"":""Asian""},{""id"":""country_of_birth"",""name"":""Country of birth"",""value"":""India""},{""id"":""nationality"",""name"":""Nationality"",""value"":""United Kingdom""},{""id"":""language"",""name"":""Language"",""value"":""English""},{""id"":""student_status"",""name"":""Student status"",""value"":""No""},{""id"":""employment_status"",""name"":""Employment status"",""value"":""Full-Time""}]}",complete,GB,en,orchestra
44ea90be-e54d-5179-aa70-d338b95f8ec6,prolific,084201d2-5cb1-5ae5-b994-35254ab1fff2,b947b44fa39f754d1d65302b988be3bb8db3ca57f755852e31343f17d27638ee,fd66476431,unbookmarked,27,United Kingdom,Female,"{""panel_metadata"":{""status"":""AWAITING REVIEW"",""started_at"":""2026-01-15T19:32:31.025000Z"",""time_taken"":1806,""archived_at"":""2026-01-15T20:02:44.064606Z"",""completed_at"":""2026-01-15T20:02:36.566000Z"",""participant_id"":""573c6b96b3a71f00146df8c4"",""completion_code"":""FDC0MPL3T3"",""total_approvals"":2403,""custom_study_tncs_accepted_at"":""Not Applicable""},""extra_profiling_fields"":[{""id"":""llm_detection_result"",""name"":""Llm detection result"",""value"":""Passed""},{""id"":""ethnicity_simplified"",""name"":""Ethnicity simplified"",""value"":""White""},{""id"":""country_of_birth"",""name"":""Country of birth"",""value"":""United Kingdom""},{""id"":""nationality"",""name"":""Nationality"",""value"":""United Kingdom""},{""id"":""language"",""name"":""Language"",""value"":""English""},{""id"":""student_status"",""name"":""Student status"",""value"":""No""},{""id"":""employment_status"",""name"":""Employment status"",""value"":""Full-Time""}]}",complete,GB,en,orchestra
44ea90be-e54d-5179-aa70-d338b95f8ec6,prolific,02a40d36-d4ee-5709-8a48-021a4fb4e064,9adfba9ac6eae505e029a639d0303949b906084dc67dc3c8ea80257aa5850cdb,fd30286612,unbookmarked,39,United Kingdom,Female,"{""panel_metadata"":{""status"":""AWAITING REVIEW"",""started_at"":""2026-01-15T18:50:00.906000Z"",""time_taken"":1527,""archived_at"":""2026-01-15T19:15:27.915298Z"",""completed_at"":""2026-01-15T19:15:27.554000Z"",""participant_id"":""5d06743eac143b000118ce79"",""completion_code"":""FDC0MPL3T3"",""total_approvals"":3209,""custom_study_tncs_accepted_at"":""Not Applicable""},""extra_profiling_fields"":[{""id"":""llm_detection_result"",""name"":""Llm detection result"",""value"":""Passed""},{""id"":""ethnicity_simplified"",""name"":""Ethnicity simplified"",""value"":""White""},{""id"":""country_of_birth"",""name"":""Country of birth"",""value"":""United Kingdom""},{""id"":""nationality"",""name"":""Nationality"",""value"":""United Kingdom""},{""id"":""language"",""name"":""Language"",""value"":""English""},{""id"":""student_status"",""name"":""Student status"",""value"":""No""},{""id"":""employment_status"",""name"":""Employment status"",""value"":""Unemployed (and job seeking)""}]}",complete,GB,en,orchestra
44ea90be-e54d-5179-aa70-d338b95f8ec6,prolific,227e7f12-576a-5051-992f-2c0b1fb2998c,d6b6b13a8953c3a61196ac50ad3aa8b38cc17c6409f172ba3aeeebbfb6f72d19,fd09099119,unbookmarked,30,United Kingdom,Female,"{""panel_metadata"":{""status"":""AWAITING REVIEW"",""started_at"":""2026-01-15T18:30:43.030000Z"",""time_taken"":2216,""archived_at"":""2026-01-15T19:09:15.679900Z"",""completed_at"":""2026-01-15T19:07:38.939000Z"",""participant_id"":""6714ff7e60b0804aa6c10ff9"",""completion_code"":""FDC0MPL3T3"",""total_approvals"":354,""custom_study_tncs_accepted_at"":""Not Applicable""},""extra_profiling_fields"":[{""id"":""llm_detection_result"",""name"":""Llm detection result"",""value"":""Passed""},{""id"":""ethnicity_simplified"",""name"":""Ethnicity simplified"",""value"":""White""},{""id"":""country_of_birth"",""name"":""Country of birth"",""value"":""United Kingdom""},{""id"":""nationality"",""name"":""Nationality"",""value"":""United Kingdom""},{""id"":""language"",""name"":""Language"",""value"":""English""},{""id"":""student_status"",""name"":""Student status"",""value"":""No""},{""id"":""employment_status"",""name"":""Employment status"",""value"":""Full-Time""}]}",complete,GB,en,orchestra
44ea90be-e54d-5179-aa70-d338b95f8ec6,prolific,e5d964c7-b524-5506-b5c2-ae29a3fdeea0,6db439e88fd9467391784f64ccbb15dddfcfcede703a069c5b28c5e50fc617b5,fd04377485,unbookmarked,27,United Kingdom,Male,"{""panel_metadata"":{""status"":""AWAITING REVIEW"",""started_at"":""2026-01-15T18:57:44.652000Z"",""time_taken"":6731,""archived_at"":""2026-01-15T20:49:55.314469Z"",""completed_at"":""2026-01-15T20:49:54.770000Z"",""participant_id"":""6722a9a444173284f27c436f"",""completion_code"":""FDC0MPL3T3"",""total_approvals"":241,""custom_study_tncs_accepted_at"":""Not Applicable""},""extra_profiling_fields"":[{""id"":""llm_detection_result"",""name"":""Llm detection result"",""value"":""Passed""},{""id"":""ethnicity_simplified"",""name"":""Ethnicity simplified"",""value"":""Black""},{""id"":""country_of_birth"",""name"":""Country of birth"",""value"":""Nigeria""},{""id"":""nationality"",""name"":""Nationality"",""value"":""Nigeria""},{""id"":""language"",""name"":""Language"",""value"":""English""},{""id"":""student_status"",""name"":""Student status"",""value"":""No""},{""id"":""employment_status"",""name"":""Employment status"",""value"":""Part-Time""}]}",complete,GB,en,orchestra
44ea90be-e54d-5179-aa70-d338b95f8ec6,prolific,c6bde342-ad1e-500e-a189-03a71038aada,04327de8e59a9a5a2b639417b487e71b0c2dc393e43df37e1c08850770564356,fd29215050,unbookmarked,27,United Kingdom,Female,"{""panel_metadata"":{""status"":""AWAITING REVIEW"",""started_at"":""2026-01-15T18:56:02.460000Z"",""time_taken"":4647,""archived_at"":""2026-01-15T20:13:29.175344Z"",""completed_at"":""2026-01-15T20:13:28.800000Z"",""participant_id"":""5b8011a80a67ca0001cc3f9b"",""completion_code"":""FDC0MPL3T3"",""total_approvals"":2138,""custom_study_tncs_accepted_at"":""Not Applicable""},""extra_profiling_fields"":[{""id"":""llm_detection_result"",""name"":""Llm detection result"",""value"":""Passed""},{""id"":""ethnicity_simplified"",""name"":""Ethnicity simplified"",""value"":""White""},{""id"":""country_of_birth"",""name"":""Country of birth"",""value"":""United Kingdom""},{""id"":""nationality"",""name"":""Nationality"",""value"":""United Kingdom""},{""id"":""language"",""name"":""Language"",""value"":""English""},{""id"":""student_status"",""name"":""Student status"",""value"":""No""},{""id"":""employment_status"",""name"":""Employment status"",""value"":""Full-Time""}]}",complete,GB,en,orchestra
44ea90be-e54d-5179-aa70-d338b95f8ec6,prolific,f06ce6cc-ba81-59dd-afe9-bd7b5331d812,6207cb8452c48fea81fdafd3b7ff77dab02e11cca584ca3caff439fc55ef41b7,fd94136560,unbookmarked,34,United Kingdom,Prefer not to say,"{""panel_metadata"":{""status"":""AWAITING REVIEW"",""started_at"":""2026-01-15T18:47:12.297000Z"",""time_taken"":1803,""archived_at"":""2026-01-15T19:17:15.425501Z"",""completed_at"":""2026-01-15T19:17:15.079000Z"",""participant_id"":""6658c12121d17e38d247f857"",""completion_code"":""FDC0MPL3T3"",""total_approvals"":380,""custom_study_tncs_accepted_at"":""Not Applicable""},""extra_profiling_fields"":[{""id"":""llm_detection_result"",""name"":""Llm detection result"",""value"":""Passed""},{""id"":""ethnicity_simplified"",""name"":""Ethnicity simplified"",""value"":""Asian""},{""id"":""country_of_birth"",""name"":""Country of birth"",""value"":""Hong Kong""},{""id"":""nationality"",""name"":""Nationality"",""value"":""Hong Kong""},{""id"":""language"",""name"":""Language"",""value"":""Chinese""},{""id"":""student_status"",""name"":""Student status"",""value"":""No""},{""id"":""employment_status"",""name"":""Employment status"",""value"":""Full-Time""}]}",complete,GB,en,orchestra
44ea90be-e54d-5179-aa70-d338b95f8ec6,prolific,5e0ce717-f328-51fc-bcc0-acc2e25f69d7,432b619a60bdafb744a62a47a2811f52455ebb55c2c4c55e4093492905a17fbb,fd81125873,unbookmarked,30,United Kingdom,Female,"{""panel_metadata"":{""status"":""AWAITING REVIEW"",""started_at"":""2026-01-15T19:13:31.219000Z"",""time_taken"":2381,""archived_at"":""2026-01-15T19:53:11.715339Z"",""completed_at"":""2026-01-15T19:53:11.364000Z"",""participant_id"":""66b0dcf520b9696e05144571"",""completion_code"":""FDC0MPL3T3"",""total_approvals"":540,""custom_study_tncs_accepted_at"":""Not Applicable""},""extra_profiling_fields"":[{""id"":""llm_detection_result"",""name"":""Llm detection result"",""value"":""Passed""},{""id"":""ethnicity_simplified"",""name"":""Ethnicity simplified"",""value"":""White""},{""id"":""country_of_birth"",""name"":""Country of birth"",""value"":""United Kingdom""},{""id"":""nationality"",""name"":""Nationality"",""value"":""United Kingdom""},{""id"":""language"",""name"":""Language"",""value"":""English""},{""id"":""student_status"",""name"":""Student status"",""value"":""No""},{""id"":""employment_status"",""name"":""Employment status"",""value"":""Full-Time""}]}",complete,GB,en,orchestra
44ea90be-e54d-5179-aa70-d338b95f8ec6,prolific,490def10-a87e-5d41-950d-52a7f2ee12f3,16b885077476670b35b4de4a5bbe8af2a43f38538018ca25de462fcc7d49360f,fd93664578,unbookmarked,40,United Kingdom,Male,"{""panel_metadata"":{""status"":""AWAITING REVIEW"",""started_at"":""2026-01-15T18:05:29.425000Z"",""time_taken"":2182,""archived_at"":""2026-01-15T18:41:50.905516Z"",""completed_at"":""2026-01-15T18:41:50.539000Z"",""participant_id"":""5eaecb0824839e59ed3523eb"",""completion_code"":""FDC0MPL3T3"",""total_approvals"":3635,""custom_study_tncs_accepted_at"":""Not Applicable""},""extra_profiling_fields"":[{""id"":""llm_detection_result"",""name"":""Llm detection result"",""value"":""Passed""},{""id"":""ethnicity_simplified"",""name"":""Ethnicity simplified"",""value"":""White""},{""id"":""country_of_birth"",""name"":""Country of birth"",""value"":""Poland""},{""id"":""nationality"",""name"":""Nationality"",""value"":""United Kingdom""},{""id"":""language"",""name"":""Language"",""value"":""Polish""},{""id"":""student_status"",""name"":""Student status"",""value"":""No""},{""id"":""employment_status"",""name"":""Employment status"",""value"":""Full-Time""}]}",complete,GB,en,orchestra
44ea90be-e54d-5179-aa70-d338b95f8ec6,prolific,c04814e3-847a-5882-a909-7bc0d97a4b5b,d3ca51bf0f1904ec9d5e045196d43e98fb054c3eefc2532c0526c717b04f65ad,fd43538554,unbookmarked,29,United Kingdom,Female,"{""panel_metadata"":{""status"":""AWAITING REVIEW"",""started_at"":""2026-01-15T19:23:51.996000Z"",""time_taken"":1452,""archived_at"":""2026-01-15T19:48:04.099725Z"",""completed_at"":""2026-01-15T19:48:03.754000Z"",""participant_id"":""5cab2d5596dfa40001dceefc"",""completion_code"":""FDC0MPL3T3"",""total_approvals"":572,""custom_study_tncs_accepted_at"":""Not Applicable""},""extra_profiling_fields"":[{""id"":""llm_detection_result"",""name"":""Llm detection result"",""value"":""Passed""},{""id"":""ethnicity_simplified"",""name"":""Ethnicity simplified"",""value"":""White""},{""id"":""country_of_birth"",""name"":""Country of birth"",""value"":""United Kingdom""},{""id"":""nationality"",""name"":""Nationality"",""value"":""United Kingdom""},{""id"":""language"",""name"":""Language"",""value"":""English""},{""id"":""student_status"",""name"":""Student status"",""value"":""No""},{""id"":""employment_status"",""name"":""Employment status"",""value"":""Part-Time""}]}",complete,GB,en,orchestra
44ea90be-e54d-5179-aa70-d338b95f8ec6,prolific,d1c56eb0-2338-5347-bbd0-e13e2a856b67,f28d2925175e34d882977e4e88f0e915dedae2157b6d0943133a26a31a7d5e39,fd15874502,unbookmarked,38,United Kingdom,Female,"{""panel_metadata"":{""status"":""AWAITING REVIEW"",""started_at"":""2026-01-15T19:40:14.991000Z"",""time_taken"":1167,""archived_at"":""2026-01-15T19:59:41.861482Z"",""completed_at"":""2026-01-15T19:59:41.493000Z"",""participant_id"":""5d546f221c1de70019d50930"",""completion_code"":""FDC0MPL3T3"",""total_approvals"":416,""custom_study_tncs_accepted_at"":""Not Applicable""},""extra_profiling_fields"":[{""id"":""llm_detection_result"",""name"":""Llm detection result"",""value"":""Passed""},{""id"":""ethnicity_simplified"",""name"":""Ethnicity simplified"",""value"":""White""},{""id"":""country_of_birth"",""name"":""Country of birth"",""value"":""United Kingdom""},{""id"":""nationality"",""name"":""Nationality"",""value"":""United Kingdom""},{""id"":""language"",""name"":""Language"",""value"":""English""},{""id"":""student_status"",""name"":""Student status"",""value"":""Yes""},{""id"":""employment_status"",""name"":""Employment status"",""value"":""Full-Time""}]}",complete,GB,en,orchestra
44ea90be-e54d-5179-aa70-d338b95f8ec6,prolific,d86fd3ac-3ed0-5c37-a63d-49e371a1ccc4,b210eeb9bce8c2bc33fb2f985634c47a9709044f33606474857fb010b7d5fea0,fd90779416,unbookmarked,39,United Kingdom,Male,"{""panel_metadata"":{""status"":""AWAITING REVIEW"",""started_at"":""2026-01-15T18:28:49.634000Z"",""time_taken"":1504,""archived_at"":""2026-01-15T18:53:53.210396Z"",""completed_at"":""2026-01-15T18:53:52.832000Z"",""participant_id"":""6695278758244f9d6186746e"",""completion_code"":""FDC0MPL3T3"",""total_approvals"":1931,""custom_study_tncs_accepted_at"":""Not Applicable""},""extra_profiling_fields"":[{""id"":""llm_detection_result"",""name"":""Llm detection result"",""value"":""Passed""},{""id"":""ethnicity_simplified"",""name"":""Ethnicity simplified"",""value"":""White""},{""id"":""country_of_birth"",""name"":""Country of birth"",""value"":""United Kingdom""},{""id"":""nationality"",""name"":""Nationality"",""value"":""United Kingdom""},{""id"":""language"",""name"":""Language"",""value"":""English""},{""id"":""student_status"",""name"":""Student status"",""value"":""No""},{""id"":""employment_status"",""name"":""Employment status"",""value"":""Full-Time""}]}",complete,GB,en,orchestra
44ea90be-e54d-5179-aa70-d338b95f8ec6,prolific,1343d908-42da-5db6-b12e-eb9f8bcbbb7f,1e741042ec6655171ad2b0ccafae6c8663d064ffac5da876e554bed3e1db3158,fd02215335,unbookmarked,36,United Kingdom,Female,"{""panel_metadata"":{""status"":""AWAITING REVIEW"",""started_at"":""2026-01-15T18:57:37.553000Z"",""time_taken"":2709,""archived_at"":""2026-01-15T19:42:46.708119Z"",""completed_at"":""2026-01-15T19:42:46.348000Z"",""participant_id"":""5c59baa95e09ea00015521d9"",""completion_code"":""FDC0MPL3T3"",""total_approvals"":3892,""custom_study_tncs_accepted_at"":""Not Applicable""},""extra_profiling_fields"":[{""id"":""llm_detection_result"",""name"":""Llm detection result"",""value"":""Passed""},{""id"":""ethnicity_simplified"",""name"":""Ethnicity simplified"",""value"":""White""},{""id"":""country_of_birth"",""name"":""Country of birth"",""value"":""United Kingdom""},{""id"":""nationality"",""name"":""Nationality"",""value"":""United Kingdom""},{""id"":""language"",""name"":""Language"",""value"":""English""},{""id"":""student_status"",""name"":""Student status"",""value"":""No""},{""id"":""employment_status"",""name"":""Employment status"",""value"":""Full-Time""}]}",complete,GB,en,orchestra
44ea90be-e54d-5179-aa70-d338b95f8ec6,prolific,20f4c2bc-3341-5fae-8911-13e8b52f4e18,41cbffcdfe963b769e3ee2c12e99644152b1fca1ac4eab9daeaaf9c4d934566e,fd26928349,unbookmarked,26,United Kingdom,Female,"{""panel_metadata"":{""status"":""AWAITING REVIEW"",""started_at"":""2026-01-16T19:49:02.948000Z"",""time_taken"":1556,""archived_at"":""2026-01-16T20:14:58.894545Z"",""completed_at"":""2026-01-16T20:14:58.515000Z"",""participant_id"":""5ce456ea65535c0019185cd6"",""completion_code"":""FDC0MPL3T3"",""total_approvals"":147,""custom_study_tncs_accepted_at"":""Not Applicable""},""extra_profiling_fields"":[{""id"":""llm_detection_result"",""name"":""Llm detection result"",""value"":""Passed""},{""id"":""ethnicity_simplified"",""name"":""Ethnicity simplified"",""value"":""White""},{""id"":""country_of_birth"",""name"":""Country of birth"",""value"":""United Kingdom""},{""id"":""nationality"",""name"":""Nationality"",""value"":""United Kingdom""},{""id"":""language"",""name"":""Language"",""value"":""English""},{""id"":""student_status"",""name"":""Student status"",""value"":""No""},{""id"":""employment_status"",""name"":""Employment status"",""value"":""Full-Time""}]}",complete,GB,en,orchestra
44ea90be-e54d-5179-aa70-d338b95f8ec6,prolific,b764747a-eed0-5934-af11-5b30fb708984,4f5a8638986ce3ec0049d8e60ff2545dc2f6a1df345440d832942cca470cded5,fd33731344,unbookmarked,28,United Kingdom,Female,"{""panel_metadata"":{""status"":""AWAITING REVIEW"",""started_at"":""2026-01-16T20:08:08.917000Z"",""time_taken"":2415,""archived_at"":""2026-01-16T20:48:23.402881Z"",""completed_at"":""2026-01-16T20:48:23.027000Z"",""participant_id"":""6034cb7ee10e21aaad71814a"",""completion_code"":""FDC0MPL3T3"",""total_approvals"":3221,""custom_study_tncs_accepted_at"":""Not Applicable""},""extra_profiling_fields"":[{""id"":""llm_detection_result"",""name"":""Llm detection result"",""value"":""Passed""},{""id"":""ethnicity_simplified"",""name"":""Ethnicity simplified"",""value"":""Asian""},{""id"":""country_of_birth"",""name"":""Country of birth"",""value"":""United Kingdom""},{""id"":""nationality"",""name"":""Nationality"",""value"":""United Kingdom""},{""id"":""language"",""name"":""Language"",""value"":""English""},{""id"":""student_status"",""name"":""Student status"",""value"":""No""},{""id"":""employment_status"",""name"":""Employment status"",""value"":""Full-Time""}]}",complete,GB,en,orchestra
44ea90be-e54d-5179-aa70-d338b95f8ec6,prolific,77b3dfdd-c087-555d-81ad-0d17ff78e32d,ad980ceb67fda9960b52406f7b2c2a7ec50e5bd51a5f49f2ec2648a1516d2da1,fd38196094,unbookmarked,37,United Kingdom,Female,"{""panel_metadata"":{""status"":""AWAITING REVIEW"",""started_at"":""2026-01-16T19:58:38.326000Z"",""time_taken"":2038,""archived_at"":""2026-01-16T20:32:35.849188Z"",""completed_at"":""2026-01-16T20:32:35.456000Z"",""participant_id"":""5dd3df439ca8a33c3460fe11"",""completion_code"":""FDC0MPL3T3"",""total_approvals"":1139,""custom_study_tncs_accepted_at"":""Not Applicable""},""extra_profiling_fields"":[{""id"":""llm_detection_result"",""name"":""Llm detection result"",""value"":""Passed""},{""id"":""ethnicity_simplified"",""name"":""Ethnicity simplified"",""value"":""White""},{""id"":""country_of_birth"",""name"":""Country of birth"",""value"":""United Kingdom""},{""id"":""nationality"",""name"":""Nationality"",""value"":""United Kingdom""},{""id"":""language"",""name"":""Language"",""value"":""English""},{""id"":""student_status"",""name"":""Student status"",""value"":""No""},{""id"":""employment_status"",""name"":""Employment status"",""value"":""Part-Time""}]}",complete,GB,en,orchestra
44ea90be-e54d-5179-aa70-d338b95f8ec6,prolific,7913cc63-9e73-5828-925c-883ee5783850,4d3cef8fd05f6b2209e2a0833c0c05801f7fc7e6a20753f5ca42d608a82dba0e,fd84984503,unbookmarked,36,United Kingdom,Male,"{""panel_metadata"":{""status"":""AWAITING REVIEW"",""started_at"":""2026-01-16T20:19:13.089000Z"",""time_taken"":1330,""archived_at"":""2026-01-16T20:41:23.039055Z"",""completed_at"":""2026-01-16T20:41:22.683000Z"",""participant_id"":""696a87c6985da308a9f2829c"",""completion_code"":""FDC0MPL3T3"",""total_approvals"":1,""custom_study_tncs_accepted_at"":""Not Applicable""},""extra_profiling_fields"":[{""id"":""llm_detection_result"",""name"":""Llm detection result"",""value"":""Passed""},{""id"":""ethnicity_simplified"",""name"":""Ethnicity simplified"",""value"":""White""},{""id"":""country_of_birth"",""name"":""Country of birth"",""value"":""France""},{""id"":""language"",""name"":""Language"",""value"":""French""},{""id"":""student_status"",""name"":""Student status"",""value"":""No""},{""id"":""employment_status"",""name"":""Employment status"",""value"":""Full-Time""}]}",complete,GB,en,orchestra
44ea90be-e54d-5179-aa70-d338b95f8ec6,prolific,8597dfa0-8693-5fbf-a75e-e378865bc260,7102f3e9e283e86ad3ed89f7a781afecf91e2ab52fc63dcc319c851a70260f39,fd95636243,unbookmarked,36,United Kingdom,Female,"{""panel_metadata"":{""status"":""AWAITING REVIEW"",""started_at"":""2026-01-16T20:04:02.520000Z"",""time_taken"":1605,""archived_at"":""2026-01-16T20:30:47.263507Z"",""completed_at"":""2026-01-16T20:30:46.873000Z"",""participant_id"":""667852bad1ab6be8543df6d8"",""completion_code"":""FDC0MPL3T3"",""total_approvals"":512,""custom_study_tncs_accepted_at"":""Not Applicable""},""extra_profiling_fields"":[{""id"":""llm_detection_result"",""name"":""Llm detection result"",""value"":""Passed""},{""id"":""ethnicity_simplified"",""name"":""Ethnicity simplified"",""value"":""Asian""},{""id"":""country_of_birth"",""name"":""Country of birth"",""value"":""China""},{""id"":""nationality"",""name"":""Nationality"",""value"":""China""},{""id"":""language"",""name"":""Language"",""value"":""Chinese""},{""id"":""student_status"",""name"":""Student status"",""value"":""No""},{""id"":""employment_status"",""name"":""Employment status"",""value"":""Full-Time""}]}",complete,GB,en,orchestra
44ea90be-e54d-5179-aa70-d338b95f8ec6,prolific,98459e9e-d777-5243-bd46-ffb1e8526f88,4634211061993b2ebd14b004a1b3d82d1c42ec57d6cc8214ee322cdd674cc123,fd28334640,unbookmarked,37,United Kingdom,Female,"{""panel_metadata"":{""status"":""AWAITING REVIEW"",""started_at"":""2026-01-16T20:05:14.736000Z"",""time_taken"":1993,""archived_at"":""2026-01-16T20:38:27.963033Z"",""completed_at"":""2026-01-16T20:38:27.602000Z"",""participant_id"":""6659fa3b7224187f00fc8a8a"",""completion_code"":""FDC0MPL3T3"",""total_approvals"":177,""custom_study_tncs_accepted_at"":""Not Applicable""},""extra_profiling_fields"":[{""id"":""llm_detection_result"",""name"":""Llm detection result"",""value"":""Passed""},{""id"":""ethnicity_simplified"",""name"":""Ethnicity simplified"",""value"":""White""},{""id"":""country_of_birth"",""name"":""Country of birth"",""value"":""United Kingdom""},{""id"":""nationality"",""name"":""Nationality"",""value"":""United Kingdom""},{""id"":""language"",""name"":""Language"",""value"":""English""},{""id"":""student_status"",""name"":""Student status"",""value"":""No""}]}",complete,GB,en,orchestra
44ea90be-e54d-5179-aa70-d338b95f8ec6,prolific,ccd5ca92-e9c2-590f-b025-2fe71b68ff1f,07d3694a819aa91a00db640e56ff941b537aa1c97203924ca41d09f308258b0b,fd38610045,unbookmarked,35,United Kingdom,Female,"{""panel_metadata"":{""status"":""AWAITING REVIEW"",""started_at"":""2026-01-16T20:09:29.767000Z"",""time_taken"":1358,""archived_at"":""2026-01-16T20:32:07.888299Z"",""completed_at"":""2026-01-16T20:32:07.515000Z"",""participant_id"":""611cf78346c5e728a66f1ebe"",""completion_code"":""FDC0MPL3T3"",""total_approvals"":3545,""custom_study_tncs_accepted_at"":""Not Applicable""},""extra_profiling_fields"":[{""id"":""llm_detection_result"",""name"":""Llm detection result"",""value"":""Passed""},{""id"":""ethnicity_simplified"",""name"":""Ethnicity simplified"",""value"":""White""},{""id"":""country_of_birth"",""name"":""Country of birth"",""value"":""United Kingdom""},{""id"":""nationality"",""name"":""Nationality"",""value"":""United Kingdom""},{""id"":""language"",""name"":""Language"",""value"":""English""},{""id"":""student_status"",""name"":""Student status"",""value"":""No""},{""id"":""employment_status"",""name"":""Employment status"",""value"":""Not in paid work (e.g. homemaker', 'retired or disabled)""}]}",complete,GB,en,orchestra
44ea90be-e54d-5179-aa70-d338b95f8ec6,prolific,7c5500a6-753e-5816-9f23-c748e0449dd8,084b57b6918a8d3a9bf8f8ac2ea15d509fd8da9f51a1cac376db0557519082e5,fd79876220,unbookmarked,34,United Kingdom,Male,"{""panel_metadata"":{""status"":""AWAITING REVIEW"",""started_at"":""2026-01-16T19:49:29.942000Z"",""time_taken"":2104,""archived_at"":""2026-01-16T20:24:33.792855Z"",""completed_at"":""2026-01-16T20:24:33.394000Z"",""participant_id"":""5bdead73ed3acf0001666f03"",""completion_code"":""FDC0MPL3T3"",""total_approvals"":1474,""custom_study_tncs_accepted_at"":""Not Applicable""},""extra_profiling_fields"":[{""id"":""llm_detection_result"",""name"":""Llm detection result"",""value"":""Passed""},{""id"":""ethnicity_simplified"",""name"":""Ethnicity simplified"",""value"":""White""},{""id"":""country_of_birth"",""name"":""Country of birth"",""value"":""United Kingdom""},{""id"":""nationality"",""name"":""Nationality"",""value"":""United Kingdom""},{""id"":""language"",""name"":""Language"",""value"":""English""},{""id"":""student_status"",""name"":""Student status"",""value"":""No""}]}",complete,GB,en,orchestra
44ea90be-e54d-5179-aa70-d338b95f8ec6,prolific,a819d475-db0a-590e-b5d8-bf53544096ec,2a8356c2db974e1b17d9ff64528eaac1269487b5dde0bff45a421535cfe3af72,fd56133411,unbookmarked,31,United Kingdom,Female,"{""panel_metadata"":{""status"":""AWAITING REVIEW"",""started_at"":""2026-01-16T19:58:59.687000Z"",""time_taken"":2165,""archived_at"":""2026-01-16T20:35:04.669775Z"",""completed_at"":""2026-01-16T20:35:04.297000Z"",""participant_id"":""5f21c3f496c01314340fc6a7"",""completion_code"":""FDC0MPL3T3"",""total_approvals"":454,""custom_study_tncs_accepted_at"":""Not Applicable""},""extra_profiling_fields"":[{""id"":""llm_detection_result"",""name"":""Llm detection result"",""value"":""Passed""},{""id"":""ethnicity_simplified"",""name"":""Ethnicity simplified"",""value"":""White""},{""id"":""country_of_birth"",""name"":""Country of birth"",""value"":""Poland""},{""id"":""nationality"",""name"":""Nationality"",""value"":""Poland""},{""id"":""language"",""name"":""Language"",""value"":""Polish""},{""id"":""student_status"",""name"":""Student status"",""value"":""No""},{""id"":""employment_status"",""name"":""Employment status"",""value"":""Full-Time""}]}",complete,GB,en,orchestra
44ea90be-e54d-5179-aa70-d338b95f8ec6,prolific,943f325b-c2d5-5b58-bff0-2bd36634c782,da1a9914cdda8e95bcaef90b5c41bce376a604c2af348e6a69bf08c4ec98bd93,fd71745627,unbookmarked,26,United Kingdom,Female,"{""panel_metadata"":{""status"":""AWAITING REVIEW"",""started_at"":""2026-01-16T19:50:18.730000Z"",""time_taken"":2024,""archived_at"":""2026-01-16T20:24:02.476269Z"",""completed_at"":""2026-01-16T20:24:02.099000Z"",""participant_id"":""6658c94ddb58287ded9f8eb8"",""completion_code"":""FDC0MPL3T3"",""total_approvals"":296,""custom_study_tncs_accepted_at"":""Not Applicable""},""extra_profiling_fields"":[{""id"":""llm_detection_result"",""name"":""Llm detection result"",""value"":""Passed""},{""id"":""ethnicity_simplified"",""name"":""Ethnicity simplified"",""value"":""Black""},{""id"":""country_of_birth"",""name"":""Country of birth"",""value"":""Italy""},{""id"":""nationality"",""name"":""Nationality"",""value"":""Italy""},{""id"":""language"",""name"":""Language"",""value"":""English""},{""id"":""student_status"",""name"":""Student status"",""value"":""No""},{""id"":""employment_status"",""name"":""Employment status"",""value"":""Full-Time""}]}",complete,GB,en,orchestra
44ea90be-e54d-5179-aa70-d338b95f8ec6,prolific,756a5ad5-9059-5dd4-8779-a8927d1facbc,492f9879612eabb94575833a80dfbd4dbbdd6147bf54e34b1e1c62e7282cd973,fd29600714,unbookmarked,27,United Kingdom,Female,"{""panel_metadata"":{""status"":""AWAITING REVIEW"",""started_at"":""2026-01-16T19:54:15.662000Z"",""time_taken"":1714,""archived_at"":""2026-01-16T20:22:49.553587Z"",""completed_at"":""2026-01-16T20:22:49.198000Z"",""participant_id"":""5ecd1e4a26acf103a40f773e"",""completion_code"":""FDC0MPL3T3"",""total_approvals"":332,""custom_study_tncs_accepted_at"":""Not Applicable""},""extra_profiling_fields"":[{""id"":""llm_detection_result"",""name"":""Llm detection result"",""value"":""Passed, Passed""},{""id"":""ethnicity_simplified"",""name"":""Ethnicity simplified"",""value"":""White""},{""id"":""country_of_birth"",""name"":""Country of birth"",""value"":""United Kingdom""},{""id"":""nationality"",""name"":""Nationality"",""value"":""United Kingdom""},{""id"":""language"",""name"":""Language"",""value"":""English""},{""id"":""student_status"",""name"":""Student status"",""value"":""No""}]}",complete,GB,en,orchestra
44ea90be-e54d-5179-aa70-d338b95f8ec6,prolific,4b4d2e1d-8690-5cff-837b-b3175158da30,2745b1ef51ead188de6eb26e2c849d2b4b9d94075400b3fd3e8cdd219b22906b,fd49123195,unbookmarked,37,United Kingdom,Female,"{""panel_metadata"":{""status"":""AWAITING REVIEW"",""started_at"":""2026-01-16T19:52:26.862000Z"",""time_taken"":1785,""archived_at"":""2026-01-16T20:22:11.661707Z"",""completed_at"":""2026-01-16T20:22:11.287000Z"",""participant_id"":""5e1451d067f170a77ddab325"",""completion_code"":""FDC0MPL3T3"",""total_approvals"":4330,""custom_study_tncs_accepted_at"":""Not Applicable""},""extra_profiling_fields"":[{""id"":""llm_detection_result"",""name"":""Llm detection result"",""value"":""Passed""},{""id"":""ethnicity_simplified"",""name"":""Ethnicity simplified"",""value"":""White""},{""id"":""country_of_birth"",""name"":""Country of birth"",""value"":""United Kingdom""},{""id"":""nationality"",""name"":""Nationality"",""value"":""United Kingdom""},{""id"":""language"",""name"":""Language"",""value"":""English""},{""id"":""student_status"",""name"":""Student status"",""value"":""No""},{""id"":""employment_status"",""name"":""Employment status"",""value"":""Full-Time""}]}",complete,GB,en,orchestra
44ea90be-e54d-5179-aa70-d338b95f8ec6,prolific,dfe3e59b-74c7-5d17-af10-6dd6f89a3209,93afb2edc765fca39030099e6af0c18f2cc6f717d6a51959af780ba27eb46676,fd68509871,unbookmarked,31,United Kingdom,Female,"{""panel_metadata"":{""status"":""AWAITING REVIEW"",""started_at"":""2026-01-16T20:18:12.465000Z"",""time_taken"":1431,""archived_at"":""2026-01-16T20:42:03.656592Z"",""completed_at"":""2026-01-16T20:42:03.313000Z"",""participant_id"":""5cddd90cab57db0001af8fec"",""completion_code"":""FDC0MPL3T3"",""total_approvals"":988,""custom_study_tncs_accepted_at"":""Not Applicable""},""extra_profiling_fields"":[{""id"":""llm_detection_result"",""name"":""Llm detection result"",""value"":""Passed""},{""id"":""ethnicity_simplified"",""name"":""Ethnicity simplified"",""value"":""White""},{""id"":""country_of_birth"",""name"":""Country of birth"",""value"":""United Kingdom""},{""id"":""nationality"",""name"":""Nationality"",""value"":""United Kingdom""},{""id"":""language"",""name"":""Language"",""value"":""English""},{""id"":""student_status"",""name"":""Student status"",""value"":""No""},{""id"":""employment_status"",""name"":""Employment status"",""value"":""Full-Time""}]}",complete,GB,en,orchestra
44ea90be-e54d-5179-aa70-d338b95f8ec6,prolific,1613a653-3207-5b1f-a2df-5ef0ac2191c4,6cae1104f1d751208642fe4ae609d1cfaf837e85655d6585c89f9d71cfc93f7d,fd72960819,unbookmarked,31,United Kingdom,Male,"{""panel_metadata"":{""status"":""AWAITING REVIEW"",""started_at"":""2026-01-16T20:25:58.247000Z"",""time_taken"":1987,""archived_at"":""2026-01-16T20:59:05.420028Z"",""completed_at"":""2026-01-16T20:59:05.036000Z"",""participant_id"":""676b8b2279bc3ad5cc865d07"",""completion_code"":""FDC0MPL3T3"",""total_approvals"":276,""custom_study_tncs_accepted_at"":""Not Applicable""},""extra_profiling_fields"":[{""id"":""llm_detection_result"",""name"":""Llm detection result"",""value"":""Passed""},{""id"":""ethnicity_simplified"",""name"":""Ethnicity simplified"",""value"":""Mixed""},{""id"":""country_of_birth"",""name"":""Country of birth"",""value"":""Denmark""},{""id"":""nationality"",""name"":""Nationality"",""value"":""United Kingdom""},{""id"":""language"",""name"":""Language"",""value"":""English""},{""id"":""student_status"",""name"":""Student status"",""value"":""No""},{""id"":""employment_status"",""name"":""Employment status"",""value"":""Full-Time""}]}",complete,GB,en,orchestra
44ea90be-e54d-5179-aa70-d338b95f8ec6,prolific,be1e431c-61a7-52fc-8448-5103547b8077,85deaf300cb5d04029b0f0c4a89aa77f14e281d5003f659ff8e12d351752fc7d,fd26763216,unbookmarked,32,United Kingdom,Female,"{""panel_metadata"":{""status"":""AWAITING REVIEW"",""started_at"":""2026-01-16T20:12:46.924000Z"",""time_taken"":1792,""archived_at"":""2026-01-16T20:42:38.960846Z"",""completed_at"":""2026-01-16T20:42:38.591000Z"",""participant_id"":""6774738db19b119861c727c9"",""completion_code"":""FDC0MPL3T3"",""total_approvals"":530,""custom_study_tncs_accepted_at"":""Not Applicable""},""extra_profiling_fields"":[{""id"":""llm_detection_result"",""name"":""Llm detection result"",""value"":""Passed""},{""id"":""ethnicity_simplified"",""name"":""Ethnicity simplified"",""value"":""White""},{""id"":""country_of_birth"",""name"":""Country of birth"",""value"":""Spain""},{""id"":""nationality"",""name"":""Nationality"",""value"":""United Kingdom""},{""id"":""language"",""name"":""Language"",""value"":""English""},{""id"":""student_status"",""name"":""Student status"",""value"":""No""},{""id"":""employment_status"",""name"":""Employment status"",""value"":""Part-Time""}]}",complete,GB,en,orchestra
44ea90be-e54d-5179-aa70-d338b95f8ec6,prolific,c4d66325-8b8d-52c4-9d91-4685ceb57cf1,e566175e6b2f430644e326fba214f220741f93db09089185020f8f1c5292394b,fd21483027,unbookmarked,35,United Kingdom,Male,"{""panel_metadata"":{""status"":""AWAITING REVIEW"",""started_at"":""2026-01-16T20:37:10.761000Z"",""time_taken"":2351,""archived_at"":""2026-01-16T21:16:24.606336Z"",""completed_at"":""2026-01-16T21:16:21.307000Z"",""participant_id"":""695c23b432c3d418078d3291"",""completion_code"":""FDCOMPL3T3"",""total_approvals"":12,""custom_study_tncs_accepted_at"":""Not Applicable""},""extra_profiling_fields"":[{""id"":""llm_detection_result"",""name"":""Llm detection result"",""value"":""Passed""},{""id"":""ethnicity_simplified"",""name"":""Ethnicity simplified"",""value"":""Asian""},{""id"":""country_of_birth"",""name"":""Country of birth"",""value"":""Hong Kong""},{""id"":""language"",""name"":""Language"",""value"":""Cantonese""},{""id"":""student_status"",""name"":""Student status"",""value"":""No""},{""id"":""employment_status"",""name"":""Employment status"",""value"":""Full-Time""}]}",complete,GB,en,orchestra
44ea90be-e54d-5179-aa70-d338b95f8ec6,prolific,6a5e7866-6a52-5e8e-af7a-573dd0db737b,3177ed6993f01eb6ac8e8e7ed441d12b666f19f4f34cebde670fe72c091fc6b2,fd42485839,unbookmarked,35,United Kingdom,Male,"{""panel_metadata"":{""status"":""AWAITING REVIEW"",""started_at"":""2026-01-16T20:48:03.718000Z"",""time_taken"":1898,""archived_at"":""2026-01-16T21:19:41.709879Z"",""completed_at"":""2026-01-16T21:19:41.363000Z"",""participant_id"":""66e20380324d7bf552a749b9"",""completion_code"":""FDC0MPL3T3"",""total_approvals"":260,""custom_study_tncs_accepted_at"":""Not Applicable""},""extra_profiling_fields"":[{""id"":""llm_detection_result"",""name"":""Llm detection result"",""value"":""Passed""},{""id"":""ethnicity_simplified"",""name"":""Ethnicity simplified"",""value"":""White""},{""id"":""country_of_birth"",""name"":""Country of birth"",""value"":""United Kingdom""},{""id"":""nationality"",""name"":""Nationality"",""value"":""United Kingdom""},{""id"":""language"",""name"":""Language"",""value"":""English""},{""id"":""student_status"",""name"":""Student status"",""value"":""No""},{""id"":""employment_status"",""name"":""Employment status"",""value"":""Full-Time""}]}",complete,GB,en,orchestra
44ea90be-e54d-5179-aa70-d338b95f8ec6,prolific,f2c63dfd-b601-5e3d-ba0c-5ff4bc268358,dd98a3925d0f07b7ebafa6d225f7e40ef1860860b38e625cbd97f9aca44175f0,fd42994207,unbookmarked,30,United Kingdom,Male,"{""panel_metadata"":{""status"":""AWAITING REVIEW"",""started_at"":""2026-01-16T19:50:35.771000Z"",""time_taken"":4969,""archived_at"":""2026-01-16T21:13:25.126208Z"",""completed_at"":""2026-01-16T21:13:24.728000Z"",""participant_id"":""654e381b51d046449fdfdd6e"",""completion_code"":""FDC0MPL3T3"",""total_approvals"":1096,""custom_study_tncs_accepted_at"":""Not Applicable""},""extra_profiling_fields"":[{""id"":""llm_detection_result"",""name"":""Llm detection result"",""value"":""Passed""},{""id"":""ethnicity_simplified"",""name"":""Ethnicity simplified"",""value"":""White""},{""id"":""country_of_birth"",""name"":""Country of birth"",""value"":""United Kingdom""},{""id"":""nationality"",""name"":""Nationality"",""value"":""United Kingdom""},{""id"":""language"",""name"":""Language"",""value"":""English""},{""id"":""student_status"",""name"":""Student status"",""value"":""Yes""},{""id"":""employment_status"",""name"":""Employment status"",""value"":""Full-Time""}]}",complete,GB,en,orchestra
44ea90be-e54d-5179-aa70-d338b95f8ec6,prolific,c7a512fc-df55-5c15-88a4-d2a1c44cd9b7,b1424cd096f251f1f954e162fb81e54a68acfbe25ceddde2cfc6e591fe49dba7,fd66693184,unbookmarked,26,United Kingdom,Male,"{""panel_metadata"":{""status"":""AWAITING REVIEW"",""started_at"":""2026-01-16T19:51:52.760000Z"",""time_taken"":1662,""archived_at"":""2026-01-16T20:19:35.070860Z"",""completed_at"":""2026-01-16T20:19:34.698000Z"",""participant_id"":""667b1efa1e27f6f8abd92a3c"",""completion_code"":""FDC0MPL3T3"",""total_approvals"":425,""custom_study_tncs_accepted_at"":""Not Applicable""},""extra_profiling_fields"":[{""id"":""llm_detection_result"",""name"":""Llm detection result"",""value"":""Passed""},{""id"":""ethnicity_simplified"",""name"":""Ethnicity simplified"",""value"":""Asian""},{""id"":""country_of_birth"",""name"":""Country of birth"",""value"":""United Kingdom""},{""id"":""nationality"",""name"":""Nationality"",""value"":""United Kingdom""},{""id"":""language"",""name"":""Language"",""value"":""English""},{""id"":""student_status"",""name"":""Student status"",""value"":""No""},{""id"":""employment_status"",""name"":""Employment status"",""value"":""Full-Time""}]}",complete,GB,en,orchestra
44ea90be-e54d-5179-aa70-d338b95f8ec6,prolific,d0c59fe9-ab2c-58b0-ad24-10aea2939b31,1ea191c98e175094bff575e902b20d427a8265e8f9a7d0a308ae91814b451297,fd79375786,unbookmarked,31,United Kingdom,Female,"{""panel_metadata"":{""status"":""AWAITING REVIEW"",""started_at"":""2026-01-16T20:49:04.241000Z"",""time_taken"":2380,""archived_at"":""2026-01-16T21:28:44.039222Z"",""completed_at"":""2026-01-16T21:28:43.693000Z"",""participant_id"":""5ecb75a89b41896d3d07e48c"",""completion_code"":""FDC0MPL3T3"",""total_approvals"":1042,""custom_study_tncs_accepted_at"":""Not Applicable""},""extra_profiling_fields"":[{""id"":""llm_detection_result"",""name"":""Llm detection result"",""value"":""Passed""},{""id"":""ethnicity_simplified"",""name"":""Ethnicity simplified"",""value"":""White""},{""id"":""country_of_birth"",""name"":""Country of birth"",""value"":""United Kingdom""},{""id"":""nationality"",""name"":""Nationality"",""value"":""United Kingdom""},{""id"":""language"",""name"":""Language"",""value"":""English""},{""id"":""student_status"",""name"":""Student status"",""value"":""No""},{""id"":""employment_status"",""name"":""Employment status"",""value"":""Part-Time""}]}",complete,GB,en,orchestra
44ea90be-e54d-5179-aa70-d338b95f8ec6,prolific,b64afad8-0036-5263-8833-7b65cbb5127e,551cef9434480895daa35b5117c503d9b3d86a3894e90d8ab2a221dbdb28ec2f,fd00092602,unbookmarked,35,United Kingdom,Female,"{""panel_metadata"":{""status"":""AWAITING REVIEW"",""started_at"":""2026-01-16T20:51:44.116000Z"",""time_taken"":2212,""archived_at"":""2026-01-16T21:28:36.071087Z"",""completed_at"":""2026-01-16T21:28:35.582000Z"",""participant_id"":""5ca6717bb54fe60001e22441"",""completion_code"":""FDC0MPL3T3"",""total_approvals"":381,""custom_study_tncs_accepted_at"":""Not Applicable""},""extra_profiling_fields"":[{""id"":""llm_detection_result"",""name"":""Llm detection result"",""value"":""Passed""},{""id"":""ethnicity_simplified"",""name"":""Ethnicity simplified"",""value"":""White""},{""id"":""country_of_birth"",""name"":""Country of birth"",""value"":""United Kingdom""},{""id"":""nationality"",""name"":""Nationality"",""value"":""United Kingdom""},{""id"":""language"",""name"":""Language"",""value"":""English""},{""id"":""student_status"",""name"":""Student status"",""value"":""No""},{""id"":""employment_status"",""name"":""Employment status"",""value"":""Part-Time""}]}",complete,GB,en,orchestra
44ea90be-e54d-5179-aa70-d338b95f8ec6,prolific,6a559404-fe25-56c2-a807-c65f1c148817,33502884dedaab92a4bcea1d9c1bdc4092c9017c6a2a4f3b83b94584b1eb9989,fd73993111,unbookmarked,26,United Kingdom,Female,"{""panel_metadata"":{""status"":""AWAITING REVIEW"",""started_at"":""2026-01-16T21:01:15.080000Z"",""time_taken"":1310,""archived_at"":""2026-01-16T21:23:05.048185Z"",""completed_at"":""2026-01-16T21:23:04.681000Z"",""participant_id"":""664cb5fc78d553a26478eb2d"",""completion_code"":""FDC0MPL3T3"",""total_approvals"":473,""custom_study_tncs_accepted_at"":""Not Applicable""},""extra_profiling_fields"":[{""id"":""llm_detection_result"",""name"":""Llm detection result"",""value"":""Passed""},{""id"":""ethnicity_simplified"",""name"":""Ethnicity simplified"",""value"":""White""},{""id"":""country_of_birth"",""name"":""Country of birth"",""value"":""United Kingdom""},{""id"":""nationality"",""name"":""Nationality"",""value"":""United Kingdom""},{""id"":""language"",""name"":""Language"",""value"":""English""},{""id"":""student_status"",""name"":""Student status"",""value"":""No""},{""id"":""employment_status"",""name"":""Employment status"",""value"":""Part-Time""}]}",complete,GB,en,orchestra
44ea90be-e54d-5179-aa70-d338b95f8ec6,prolific,4035f901-caaf-5be1-9874-9e95ec61813a,20afd87095cbca9fe22cf579165ca109a4578b329c1b1f99d380edbafdbe28f0,fd78623114,unbookmarked,26,United Kingdom,Female,"{""panel_metadata"":{""status"":""AWAITING REVIEW"",""started_at"":""2026-01-16T21:12:13.172000Z"",""time_taken"":1262,""archived_at"":""2026-01-16T21:33:14.713852Z"",""completed_at"":""2026-01-16T21:33:14.361000Z"",""participant_id"":""5dbc4daee5b13d1f2d4577d0"",""completion_code"":""FDC0MPL3T3"",""total_approvals"":1290,""custom_study_tncs_accepted_at"":""Not Applicable""},""extra_profiling_fields"":[{""id"":""llm_detection_result"",""name"":""Llm detection result"",""value"":""Passed""},{""id"":""ethnicity_simplified"",""name"":""Ethnicity simplified"",""value"":""White""},{""id"":""country_of_birth"",""name"":""Country of birth"",""value"":""Portugal""},{""id"":""nationality"",""name"":""Nationality"",""value"":""Portugal""},{""id"":""language"",""name"":""Language"",""value"":""Portuguese""},{""id"":""student_status"",""name"":""Student status"",""value"":""No""},{""id"":""employment_status"",""name"":""Employment status"",""value"":""Full-Time""}]}",complete,GB,en,orchestra
44ea90be-e54d-5179-aa70-d338b95f8ec6,prolific,8758cb24-b687-5b4c-bbb6-4d6d23b75891,3aeff68b7889121386766c96ca9799db51ae601075eeb1669771958dcf5bbb30,fd10977968,unbookmarked,36,United Kingdom,Female,"{""panel_metadata"":{""status"":""AWAITING REVIEW"",""started_at"":""2026-01-16T21:33:38.894000Z"",""time_taken"":2304,""archived_at"":""2026-01-16T22:12:02.466267Z"",""completed_at"":""2026-01-16T22:12:02.081000Z"",""participant_id"":""6641059cdec71f7b7d5a5e2b"",""completion_code"":""FDC0MPL3T3"",""total_approvals"":2007,""custom_study_tncs_accepted_at"":""Not Applicable""},""extra_profiling_fields"":[{""id"":""llm_detection_result"",""name"":""Llm detection result"",""value"":""Passed""},{""id"":""ethnicity_simplified"",""name"":""Ethnicity simplified"",""value"":""White""},{""id"":""country_of_birth"",""name"":""Country of birth"",""value"":""United Kingdom""},{""id"":""nationality"",""name"":""Nationality"",""value"":""United Kingdom""},{""id"":""language"",""name"":""Language"",""value"":""English""},{""id"":""student_status"",""name"":""Student status"",""value"":""No""},{""id"":""employment_status"",""name"":""Employment status"",""value"":""Part-Time""}]}",complete,GB,en,orchestra
44ea90be-e54d-5179-aa70-d338b95f8ec6,prolific,9c14632a-0bab-54dd-9a33-d70da0723f24,478153b8b75a3e01dc628d542729bd60069509bdaeaa604d3d8873480dcbee44,fd63346473,unbookmarked,29,United Kingdom,Female,"{""panel_metadata"":{""status"":""AWAITING REVIEW"",""started_at"":""2026-01-16T21:19:05.504000Z"",""time_taken"":2117,""archived_at"":""2026-01-16T21:54:22.543044Z"",""completed_at"":""2026-01-16T21:54:22.046000Z"",""participant_id"":""67606435e524c975cc59d26f"",""completion_code"":""FDC0MPL3T3"",""total_approvals"":694,""custom_study_tncs_accepted_at"":""Not Applicable""},""extra_profiling_fields"":[{""id"":""llm_detection_result"",""name"":""Llm detection result"",""value"":""Passed""},{""id"":""ethnicity_simplified"",""name"":""Ethnicity simplified"",""value"":""Black""},{""id"":""country_of_birth"",""name"":""Country of birth"",""value"":""United Kingdom""},{""id"":""nationality"",""name"":""Nationality"",""value"":""United Kingdom""},{""id"":""language"",""name"":""Language"",""value"":""English""},{""id"":""student_status"",""name"":""Student status"",""value"":""No""},{""id"":""employment_status"",""name"":""Employment status"",""value"":""Full-Time""}]}",complete,GB,en,orchestra
44ea90be-e54d-5179-aa70-d338b95f8ec6,prolific,cb7b8b51-53d9-52df-b7ea-feea5ebeea41,b3f3a14ea32eabb41199dabd0dd096d2d873f91dc9ffaa48bd37892b2ee96b6e,fd95441520,unbookmarked,34,United Kingdom,Male,"{""panel_metadata"":{""status"":""AWAITING REVIEW"",""started_at"":""2026-01-16T21:40:28.274000Z"",""time_taken"":2233,""archived_at"":""2026-01-16T22:17:40.861381Z"",""completed_at"":""2026-01-16T22:17:40.517000Z"",""participant_id"":""604a06acf362ce3bbf7b5106"",""completion_code"":""FDC0MPL3T3"",""total_approvals"":2051,""custom_study_tncs_accepted_at"":""Not Applicable""},""extra_profiling_fields"":[{""id"":""llm_detection_result"",""name"":""Llm detection result"",""value"":""Passed""},{""id"":""ethnicity_simplified"",""name"":""Ethnicity simplified"",""value"":""White""},{""id"":""country_of_birth"",""name"":""Country of birth"",""value"":""United Kingdom""},{""id"":""nationality"",""name"":""Nationality"",""value"":""United Kingdom""},{""id"":""language"",""name"":""Language"",""value"":""English""}]}",complete,GB,en,orchestra
44ea90be-e54d-5179-aa70-d338b95f8ec6,prolific,6d467549-f364-52bb-971b-a0b04b8ec7cb,b948b7d69fd398c608698765a5a9cbf547826de73057ac9823f8fc47addb7587,fd72920807,unbookmarked,30,United Kingdom,Male,"{""panel_metadata"":{""status"":""AWAITING REVIEW"",""started_at"":""2026-01-16T21:18:02.433000Z"",""time_taken"":1141,""archived_at"":""2026-01-16T21:37:03.704779Z"",""completed_at"":""2026-01-16T21:37:02.773000Z"",""participant_id"":""6772f150498bef722006ff15"",""completion_code"":""FDC0MPL3T3"",""total_approvals"":128,""custom_study_tncs_accepted_at"":""Not Applicable""},""extra_profiling_fields"":[{""id"":""llm_detection_result"",""name"":""Llm detection result"",""value"":""Passed""},{""id"":""ethnicity_simplified"",""name"":""Ethnicity simplified"",""value"":""Black""},{""id"":""country_of_birth"",""name"":""Country of birth"",""value"":""United Kingdom""},{""id"":""nationality"",""name"":""Nationality"",""value"":""United Kingdom""},{""id"":""language"",""name"":""Language"",""value"":""English""},{""id"":""student_status"",""name"":""Student status"",""value"":""No""},{""id"":""employment_status"",""name"":""Employment status"",""value"":""Full-Time""}]}",complete,GB,en,orchestra
44ea90be-e54d-5179-aa70-d338b95f8ec6,prolific,bb3fba3e-7e66-532e-aab0-ed9ef74df7b0,8d37ace611a378c41ab72c284b2cffebdc03d90eb667d9456f6362485a86c61e,fd42575303,unbookmarked,25,United Kingdom,Female,"{""panel_metadata"":{""status"":""AWAITING REVIEW"",""started_at"":""2026-01-16T21:39:03.399000Z"",""time_taken"":1634,""archived_at"":""2026-01-16T22:06:17.675819Z"",""completed_at"":""2026-01-16T22:06:17.316000Z"",""participant_id"":""66ace3e7ed907ed66befc17c"",""completion_code"":""FDC0MPL3T3"",""total_approvals"":503,""custom_study_tncs_accepted_at"":""Not Applicable""},""extra_profiling_fields"":[{""id"":""llm_detection_result"",""name"":""Llm detection result"",""value"":""Passed""},{""id"":""ethnicity_simplified"",""name"":""Ethnicity simplified"",""value"":""Asian""},{""id"":""country_of_birth"",""name"":""Country of birth"",""value"":""United Kingdom""},{""id"":""nationality"",""name"":""Nationality"",""value"":""United Kingdom""},{""id"":""language"",""name"":""Language"",""value"":""English""},{""id"":""student_status"",""name"":""Student status"",""value"":""No""},{""id"":""employment_status"",""name"":""Employment status"",""value"":""Part-Time""}]}",complete,GB,en,orchestra
44ea90be-e54d-5179-aa70-d338b95f8ec6,prolific,70a4f601-248d-51be-afca-4a0b6a53426a,f0606e8069ef5b7d7b3c957bbd6e7455382ea7c8cea5aa76681a31d225844115,fd27924166,unbookmarked,36,United Kingdom,Female,"{""panel_metadata"":{""status"":""AWAITING REVIEW"",""started_at"":""2026-01-16T21:42:06.536000Z"",""time_taken"":2080,""archived_at"":""2026-01-16T22:16:46.013375Z"",""completed_at"":""2026-01-16T22:16:45.614000Z"",""participant_id"":""665a33312b54adb2e61b271b"",""completion_code"":""FDC0MPL3T3"",""total_approvals"":330,""custom_study_tncs_accepted_at"":""Not Applicable""},""extra_profiling_fields"":[{""id"":""llm_detection_result"",""name"":""Llm detection result"",""value"":""Passed""},{""id"":""ethnicity_simplified"",""name"":""Ethnicity simplified"",""value"":""White""},{""id"":""country_of_birth"",""name"":""Country of birth"",""value"":""United Kingdom""},{""id"":""nationality"",""name"":""Nationality"",""value"":""United Kingdom""},{""id"":""language"",""name"":""Language"",""value"":""English""},{""id"":""student_status"",""name"":""Student status"",""value"":""No""},{""id"":""employment_status"",""name"":""Employment status"",""value"":""Full-Time""}]}",complete,GB,en,orchestra
44ea90be-e54d-5179-aa70-d338b95f8ec6,prolific,c9285ea4-0836-5d8c-a807-84d84c4da55e,8269f73ece6a58d49a63cbe646fc48b4c3fd2c9ff7f66bca9e4e2c92d49e841d,fd74886457,unbookmarked,39,United Kingdom,Female,"{""panel_metadata"":{""status"":""AWAITING REVIEW"",""started_at"":""2026-01-16T21:34:47.099000Z"",""time_taken"":1569,""archived_at"":""2026-01-16T22:00:55.980997Z"",""completed_at"":""2026-01-16T22:00:55.469000Z"",""participant_id"":""5a8c970daa46dd00016be578"",""completion_code"":""FDC0MPL3T3"",""total_approvals"":698,""custom_study_tncs_accepted_at"":""Not Applicable""},""extra_profiling_fields"":[{""id"":""llm_detection_result"",""name"":""Llm detection result"",""value"":""Passed""},{""id"":""ethnicity_simplified"",""name"":""Ethnicity simplified"",""value"":""White""},{""id"":""country_of_birth"",""name"":""Country of birth"",""value"":""United Kingdom""},{""id"":""nationality"",""name"":""Nationality"",""value"":""United Kingdom""},{""id"":""language"",""name"":""Language"",""value"":""English""},{""id"":""student_status"",""name"":""Student status"",""value"":""No""},{""id"":""employment_status"",""name"":""Employment status"",""value"":""Full-Time""}]}",complete,GB,en,orchestra
44ea90be-e54d-5179-aa70-d338b95f8ec6,prolific,dfb29366-a0d1-5351-a18a-c695b28bc71a,284ac11e8e5c303596fcc042057a576d953d57dc076231353359d59fc966ef9e,fd98631232,unbookmarked,31,United Kingdom,Female,"{""panel_metadata"":{""status"":""AWAITING REVIEW"",""started_at"":""2026-01-16T21:15:53.023000Z"",""time_taken"":1560,""archived_at"":""2026-01-16T21:42:09.046517Z"",""completed_at"":""2026-01-16T21:41:52.556000Z"",""participant_id"":""669e00aeab46582587c11724"",""completion_code"":""FDC0MPL3T3"",""total_approvals"":74,""custom_study_tncs_accepted_at"":""Not Applicable""},""extra_profiling_fields"":[{""id"":""llm_detection_result"",""name"":""Llm detection result"",""value"":""Passed""},{""id"":""ethnicity_simplified"",""name"":""Ethnicity simplified"",""value"":""White""},{""id"":""country_of_birth"",""name"":""Country of birth"",""value"":""Croatia""},{""id"":""nationality"",""name"":""Nationality"",""value"":""Croatia""},{""id"":""language"",""name"":""Language"",""value"":""Croatian""},{""id"":""student_status"",""name"":""Student status"",""value"":""No""},{""id"":""employment_status"",""name"":""Employment status"",""value"":""Full-Time""}]}",complete,GB,en,orchestra
44ea90be-e54d-5179-aa70-d338b95f8ec6,prolific,5e762ac0-2082-5ffb-9c6c-7f5802ca9358,fd82dc081bdcfbb7570ada1fb55d9f8b894a498d50852557e049ca15e308d5e0,fd79394093,unbookmarked,36,United Kingdom,Female,"{""panel_metadata"":{""status"":""AWAITING REVIEW"",""started_at"":""2026-01-16T21:40:10.473000Z"",""time_taken"":1656,""archived_at"":""2026-01-16T22:07:46.513610Z"",""completed_at"":""2026-01-16T22:07:46.100000Z"",""participant_id"":""6002a3d10236d12bbce9aa3a"",""completion_code"":""FDC0MPL3T3"",""total_approvals"":2974,""custom_study_tncs_accepted_at"":""Not Applicable""},""extra_profiling_fields"":[{""id"":""llm_detection_result"",""name"":""Llm detection result"",""value"":""Passed""},{""id"":""ethnicity_simplified"",""name"":""Ethnicity simplified"",""value"":""White""},{""id"":""country_of_birth"",""name"":""Country of birth"",""value"":""United Kingdom""},{""id"":""nationality"",""name"":""Nationality"",""value"":""United Kingdom""},{""id"":""language"",""name"":""Language"",""value"":""English""},{""id"":""employment_status"",""name"":""Employment status"",""value"":""Part-Time""}]}",complete,GB,en,orchestra
44ea90be-e54d-5179-aa70-d338b95f8ec6,prolific,de0d7c1e-e547-57a9-a067-7ca96d095478,a49c05fabbeebf69a7f17ce10f1be41fc7efe8a8ec0ef642c11c2aa4f43dbeb9,fd42033310,unbookmarked,37,United Kingdom,Female,"{""panel_metadata"":{""status"":""AWAITING REVIEW"",""started_at"":""2026-01-16T21:42:09.339000Z"",""time_taken"":2003,""archived_at"":""2026-01-16T22:15:32.030442Z"",""completed_at"":""2026-01-16T22:15:31.617000Z"",""participant_id"":""570a46a5de3e27000e020ca2"",""completion_code"":""FDC0MPL3T3"",""total_approvals"":642,""custom_study_tncs_accepted_at"":""Not Applicable""},""extra_profiling_fields"":[{""id"":""llm_detection_result"",""name"":""Llm detection result"",""value"":""Passed""},{""id"":""ethnicity_simplified"",""name"":""Ethnicity simplified"",""value"":""White""},{""id"":""country_of_birth"",""name"":""Country of birth"",""value"":""United Kingdom""},{""id"":""nationality"",""name"":""Nationality"",""value"":""United Kingdom""},{""id"":""language"",""name"":""Language"",""value"":""English""},{""id"":""student_status"",""name"":""Student status"",""value"":""No""},{""id"":""employment_status"",""name"":""Employment status"",""value"":""Full-Time""}]}",complete,GB,en,orchestra
44ea90be-e54d-5179-aa70-d338b95f8ec6,prolific,2253bd6f-668e-578b-828b-c475d20f8479,f058c17bd0be214aa58ff8f0ad48664b2a31eb923688cb3decf289205985ba4a,fd79926084,unbookmarked,38,United Kingdom,Male,"{""panel_metadata"":{""status"":""AWAITING REVIEW"",""started_at"":""2026-01-16T21:18:28.824000Z"",""time_taken"":2044,""archived_at"":""2026-01-16T21:52:33.098711Z"",""completed_at"":""2026-01-16T21:52:32.713000Z"",""participant_id"":""667130c07398403120cb2bc4"",""completion_code"":""FDC0MPL3T3"",""total_approvals"":805,""custom_study_tncs_accepted_at"":""Not Applicable""},""extra_profiling_fields"":[{""id"":""llm_detection_result"",""name"":""Llm detection result"",""value"":""Passed""},{""id"":""ethnicity_simplified"",""name"":""Ethnicity simplified"",""value"":""Asian""},{""id"":""country_of_birth"",""name"":""Country of birth"",""value"":""Hong Kong""},{""id"":""nationality"",""name"":""Nationality"",""value"":""United Kingdom""},{""id"":""language"",""name"":""Language"",""value"":""Chinese""}]}",complete,GB,en,orchestra
44ea90be-e54d-5179-aa70-d338b95f8ec6,prolific,3d8111b6-8586-551d-961a-078f9f3409f0,81498758f447d6665144bbaaeadcf2c5393c196760dc366da8c2fc5bd241ebd1,fd79147707,unbookmarked,33,United Kingdom,Male,"{""panel_metadata"":{""status"":""AWAITING REVIEW"",""started_at"":""2026-01-16T21:51:28.826000Z"",""time_taken"":1416,""archived_at"":""2026-01-16T22:15:04.971309Z"",""completed_at"":""2026-01-16T22:15:04.614000Z"",""participant_id"":""65d7be48839848c074cdf948"",""completion_code"":""FDC0MPL3T3"",""total_approvals"":2288,""custom_study_tncs_accepted_at"":""Not Applicable""},""extra_profiling_fields"":[{""id"":""llm_detection_result"",""name"":""Llm detection result"",""value"":""Passed""},{""id"":""ethnicity_simplified"",""name"":""Ethnicity simplified"",""value"":""White""},{""id"":""country_of_birth"",""name"":""Country of birth"",""value"":""United Kingdom""},{""id"":""nationality"",""name"":""Nationality"",""value"":""United Kingdom""},{""id"":""language"",""name"":""Language"",""value"":""English""},{""id"":""student_status"",""name"":""Student status"",""value"":""No""},{""id"":""employment_status"",""name"":""Employment status"",""value"":""Full-Time""}]}",complete,GB,en,orchestra
44ea90be-e54d-5179-aa70-d338b95f8ec6,prolific,db331c59-420f-51d0-bbcc-815305191fbe,4237ea5cd470c07d97fbd907dbff8cc844292f89098f9f955589cd116af50e72,fd16825957,unbookmarked,33,United Kingdom,Male,"{""panel_metadata"":{""status"":""AWAITING REVIEW"",""started_at"":""2026-01-16T21:41:15.693000Z"",""time_taken"":2737,""archived_at"":""2026-01-16T22:26:52.668785Z"",""completed_at"":""2026-01-16T22:26:52.284000Z"",""participant_id"":""6772f2f973632e9abc06ff3b"",""completion_code"":""FDC0MPL3T3"",""total_approvals"":196,""custom_study_tncs_accepted_at"":""Not Applicable""},""extra_profiling_fields"":[{""id"":""llm_detection_result"",""name"":""Llm detection result"",""value"":""Passed""},{""id"":""ethnicity_simplified"",""name"":""Ethnicity simplified"",""value"":""White""},{""id"":""country_of_birth"",""name"":""Country of birth"",""value"":""United Kingdom""},{""id"":""nationality"",""name"":""Nationality"",""value"":""United Kingdom""},{""id"":""language"",""name"":""Language"",""value"":""English""},{""id"":""employment_status"",""name"":""Employment status"",""value"":""Full-Time""}]}",complete,GB,en,orchestra
44ea90be-e54d-5179-aa70-d338b95f8ec6,prolific,60a35d3e-6e69-52ad-92cd-df3a457d6a94,5441a7fb1c47da8e47f8db6d22fd03260b4ad1b962487ab1c99d014592d21bef,fd76330827,unbookmarked,36,United Kingdom,Male,"{""panel_metadata"":{""status"":""AWAITING REVIEW"",""started_at"":""2026-01-16T20:48:31.118000Z"",""time_taken"":2877,""archived_at"":""2026-01-16T21:36:27.503500Z"",""completed_at"":""2026-01-16T21:36:27.148000Z"",""participant_id"":""65720c5658873745398ffe08"",""completion_code"":""FDC0MPL3T3"",""total_approvals"":640,""custom_study_tncs_accepted_at"":""Not Applicable""},""extra_profiling_fields"":[{""id"":""llm_detection_result"",""name"":""Llm detection result"",""value"":""Passed""},{""id"":""ethnicity_simplified"",""name"":""Ethnicity simplified"",""value"":""White""},{""id"":""country_of_birth"",""name"":""Country of birth"",""value"":""United Kingdom""},{""id"":""nationality"",""name"":""Nationality"",""value"":""United Kingdom""},{""id"":""language"",""name"":""Language"",""value"":""English""},{""id"":""employment_status"",""name"":""Employment status"",""value"":""Full-Time""}]}",complete,GB,en,orchestra
44ea90be-e54d-5179-aa70-d338b95f8ec6,prolific,f882ea81-1c04-53c5-80ec-0fa1a1472e09,34d4ba5736b0a5d52ec8d335d7dc495b95383f7af21e3f2ec49aab32bb922494,fd22270981,unbookmarked,31,United Kingdom,Female,"{""panel_metadata"":{""status"":""AWAITING REVIEW"",""started_at"":""2026-01-16T20:57:16.014000Z"",""time_taken"":1996,""archived_at"":""2026-01-16T21:30:32.106129Z"",""completed_at"":""2026-01-16T21:30:31.738000Z"",""participant_id"":""67c4e22039c82d3cc0c9629f"",""completion_code"":""FDCOMPL3T3"",""total_approvals"":370,""custom_study_tncs_accepted_at"":""Not Applicable""},""extra_profiling_fields"":[{""id"":""llm_detection_result"",""name"":""Llm detection result"",""value"":""Passed""},{""id"":""ethnicity_simplified"",""name"":""Ethnicity simplified"",""value"":""White""},{""id"":""country_of_birth"",""name"":""Country of birth"",""value"":""United Kingdom""},{""id"":""nationality"",""name"":""Nationality"",""value"":""United Kingdom""},{""id"":""language"",""name"":""Language"",""value"":""English""},{""id"":""student_status"",""name"":""Student status"",""value"":""No""},{""id"":""employment_status"",""name"":""Employment status"",""value"":""Full-Time""}]}",complete,GB,en,orchestra
44ea90be-e54d-5179-aa70-d338b95f8ec6,prolific,a50fad39-7fcb-515f-aa1d-d80177b6a4bd,7a2eeed2e67e19566b4f3cc59835a3f75e730fd5eda16d2b9fc2311fc6a42430,fd65149042,unbookmarked,32,United Kingdom,Female,"{""panel_metadata"":{""status"":""AWAITING REVIEW"",""started_at"":""2026-01-16T19:57:52.966000Z"",""time_taken"":2300,""archived_at"":""2026-01-16T20:36:13.033952Z"",""completed_at"":""2026-01-16T20:36:12.650000Z"",""participant_id"":""6658b13d5d341706899dad35"",""completion_code"":""FDCOMPL3T3"",""total_approvals"":418,""custom_study_tncs_accepted_at"":""Not Applicable""},""extra_profiling_fields"":[{""id"":""llm_detection_result"",""name"":""Llm detection result"",""value"":""Passed""},{""id"":""ethnicity_simplified"",""name"":""Ethnicity simplified"",""value"":""White""},{""id"":""country_of_birth"",""name"":""Country of birth"",""value"":""United Kingdom""},{""id"":""nationality"",""name"":""Nationality"",""value"":""United Kingdom""},{""id"":""language"",""name"":""Language"",""value"":""English""},{""id"":""student_status"",""name"":""Student status"",""value"":""No""},{""id"":""employment_status"",""name"":""Employment status"",""value"":""Other""}]}",complete,GB,en,orchestra
44ea90be-e54d-5179-aa70-d338b95f8ec6,prolific,1d6b5f84-2fed-5a30-a079-d992109783fe,cf2ffa880965736a8a549a87128379e40b42e24c9fb34a9721539c2b84057042,fd34185778,unbookmarked,36,United Kingdom,Male,"{""panel_metadata"":{""status"":""AWAITING REVIEW"",""started_at"":""2026-01-16T20:26:51.866000Z"",""time_taken"":2050,""archived_at"":""2026-01-16T21:01:01.272085Z"",""completed_at"":""2026-01-16T21:01:00.884000Z"",""participant_id"":""612266b4f9ae4a5d04a21dd4"",""completion_code"":""FDC0MPL3T3"",""total_approvals"":2714,""custom_study_tncs_accepted_at"":""Not Applicable""},""extra_profiling_fields"":[{""id"":""llm_detection_result"",""name"":""Llm detection result"",""value"":""Passed""},{""id"":""ethnicity_simplified"",""name"":""Ethnicity simplified"",""value"":""White""},{""id"":""country_of_birth"",""name"":""Country of birth"",""value"":""United Kingdom""},{""id"":""nationality"",""name"":""Nationality"",""value"":""United Kingdom""},{""id"":""language"",""name"":""Language"",""value"":""English""},{""id"":""student_status"",""name"":""Student status"",""value"":""No""},{""id"":""employment_status"",""name"":""Employment status"",""value"":""Full-Time""}]}",complete,GB,en,orchestra
44ea90be-e54d-5179-aa70-d338b95f8ec6,prolific,50a56067-2827-5d8e-ab7a-f2865195cff5,abf4ef34b9f67c2b080e80fa980a3647592971ffc6d6c9db769993f5060ed1d3,fd82517531,unbookmarked,29,United Kingdom,Male,"{""panel_metadata"":{""status"":""AWAITING REVIEW"",""started_at"":""2026-01-16T19:48:53.978000Z"",""time_taken"":1660,""archived_at"":""2026-01-16T20:16:33.984781Z"",""completed_at"":""2026-01-16T20:16:33.640000Z"",""participant_id"":""667b36a0609df7ce1b55b889"",""completion_code"":""FDC0MPL3T3"",""total_approvals"":916,""custom_study_tncs_accepted_at"":""Not Applicable""},""extra_profiling_fields"":[{""id"":""llm_detection_result"",""name"":""Llm detection result"",""value"":""Passed""},{""id"":""ethnicity_simplified"",""name"":""Ethnicity simplified"",""value"":""White""},{""id"":""country_of_birth"",""name"":""Country of birth"",""value"":""United Kingdom""},{""id"":""nationality"",""name"":""Nationality"",""value"":""United Kingdom""},{""id"":""language"",""name"":""Language"",""value"":""English""},{""id"":""student_status"",""name"":""Student status"",""value"":""Yes""},{""id"":""employment_status"",""name"":""Employment status"",""value"":""Part-Time""}]}",complete,GB,en,orchestra
44ea90be-e54d-5179-aa70-d338b95f8ec6,prolific,294e3a80-f8f4-5be8-9708-04c9beb1f9cd,7838fa420b9fb05fead76df8329a38f3913ef0184154486947afe9c19da9a937,fd30549702,unbookmarked,36,United Kingdom,Female,"{""panel_metadata"":{""status"":""AWAITING REVIEW"",""started_at"":""2026-01-16T21:52:42.800000Z"",""time_taken"":2246,""archived_at"":""2026-01-16T22:30:08.982119Z"",""completed_at"":""2026-01-16T22:30:08.540000Z"",""participant_id"":""607089b9e8c94d299fa6aa02"",""completion_code"":""FDC0MPL3T3"",""total_approvals"":378,""custom_study_tncs_accepted_at"":""Not Applicable""},""extra_profiling_fields"":[{""id"":""llm_detection_result"",""name"":""Llm detection result"",""value"":""Passed""},{""id"":""ethnicity_simplified"",""name"":""Ethnicity simplified"",""value"":""White""},{""id"":""country_of_birth"",""name"":""Country of birth"",""value"":""Romania""},{""id"":""nationality"",""name"":""Nationality"",""value"":""Romania""},{""id"":""language"",""name"":""Language"",""value"":""Hungarian""},{""id"":""student_status"",""name"":""Student status"",""value"":""No""},{""id"":""employment_status"",""name"":""Employment status"",""value"":""Part-Time""}]}",complete,GB,en,orchestra
44ea90be-e54d-5179-aa70-d338b95f8ec6,prolific,0c81c4a1-5bdc-5481-9cf1-3898b413035c,f16c9d2f1ab002885a5ab0ea318a39fcabbb8198b56ab8bd2e8f59db0641859c,fd70599552,unbookmarked,26,United Kingdom,Female,"{""panel_metadata"":{""status"":""AWAITING REVIEW"",""started_at"":""2026-01-16T19:52:18.942000Z"",""time_taken"":3324,""archived_at"":""2026-01-16T20:47:43.017879Z"",""completed_at"":""2026-01-16T20:47:42.637000Z"",""participant_id"":""5c0fbbd0818591000150daa1"",""completion_code"":""FDC0MPL3T3"",""total_approvals"":1095,""custom_study_tncs_accepted_at"":""Not Applicable""},""extra_profiling_fields"":[{""id"":""llm_detection_result"",""name"":""Llm detection result"",""value"":""Passed""},{""id"":""ethnicity_simplified"",""name"":""Ethnicity simplified"",""value"":""White""},{""id"":""country_of_birth"",""name"":""Country of birth"",""value"":""United Kingdom""},{""id"":""nationality"",""name"":""Nationality"",""value"":""United Kingdom""},{""id"":""language"",""name"":""Language"",""value"":""English""},{""id"":""student_status"",""name"":""Student status"",""value"":""No""},{""id"":""employment_status"",""name"":""Employment status"",""value"":""Full-Time""}]}",complete,GB,en,orchestra
44ea90be-e54d-5179-aa70-d338b95f8ec6,prolific,64b97f29-ddda-5f8f-83a2-2b3752492b3f,5b411d7770113c01f939da3b714ab4c6132a9e7b9ecdf1231faa5f09a9e90ecd,fd28216959,unbookmarked,25,United Kingdom,Male,"{""panel_metadata"":{""status"":""AWAITING REVIEW"",""started_at"":""2026-01-16T19:52:30.117000Z"",""time_taken"":1385,""archived_at"":""2026-01-16T20:15:34.802453Z"",""completed_at"":""2026-01-16T20:15:34.452000Z"",""participant_id"":""5f32cfa671047605fbb4cee1"",""completion_code"":""FDC0MPL3T3"",""total_approvals"":730,""custom_study_tncs_accepted_at"":""Not Applicable""},""extra_profiling_fields"":[{""id"":""llm_detection_result"",""name"":""Llm detection result"",""value"":""Passed""},{""id"":""ethnicity_simplified"",""name"":""Ethnicity simplified"",""value"":""White""},{""id"":""country_of_birth"",""name"":""Country of birth"",""value"":""United Kingdom""},{""id"":""nationality"",""name"":""Nationality"",""value"":""United Kingdom""},{""id"":""language"",""name"":""Language"",""value"":""English""},{""id"":""student_status"",""name"":""Student status"",""value"":""No""},{""id"":""employment_status"",""name"":""Employment status"",""value"":""Full-Time""}]}",complete,GB,en,orchestra
44ea90be-e54d-5179-aa70-d338b95f8ec6,prolific,30863a58-39e5-5c77-a1fc-18773e844f16,afee337393690b4404918cbc324a7548cfffd0894b0e613a0c2fc07955fa4f99,fd80361701,unbookmarked,30,United Kingdom,Male,"{""panel_metadata"":{""status"":""AWAITING REVIEW"",""started_at"":""2026-01-16T19:59:13.152000Z"",""time_taken"":3462,""archived_at"":""2026-01-16T20:56:54.735786Z"",""completed_at"":""2026-01-16T20:56:54.384000Z"",""participant_id"":""6725e4c00794a82140aef1cc"",""completion_code"":""FDC0MPL3T3"",""total_approvals"":206,""custom_study_tncs_accepted_at"":""Not Applicable""},""extra_profiling_fields"":[{""id"":""llm_detection_result"",""name"":""Llm detection result"",""value"":""Passed""},{""id"":""ethnicity_simplified"",""name"":""Ethnicity simplified"",""value"":""White""},{""id"":""country_of_birth"",""name"":""Country of birth"",""value"":""United Kingdom""},{""id"":""nationality"",""name"":""Nationality"",""value"":""United Kingdom""},{""id"":""language"",""name"":""Language"",""value"":""English""},{""id"":""student_status"",""name"":""Student status"",""value"":""No""},{""id"":""employment_status"",""name"":""Employment status"",""value"":""Full-Time""}]}",complete,GB,en,orchestra
44ea90be-e54d-5179-aa70-d338b95f8ec6,prolific,56cbd9fe-09c9-5c60-9936-b82e4c9ca590,4ce5884017f2ddbacb8c23ef45b6ec078b8231f585d2277a34712b63812ec093,fd74085489,unbookmarked,39,United Kingdom,Female,"{""panel_metadata"":{""status"":""AWAITING REVIEW"",""started_at"":""2026-01-16T20:27:13.175000Z"",""time_taken"":2331,""archived_at"":""2026-01-16T21:06:03.640579Z"",""completed_at"":""2026-01-16T21:06:03.239000Z"",""participant_id"":""66a608dc0a4f33f35327e273"",""completion_code"":""FDCOMPL3T3"",""total_approvals"":714,""custom_study_tncs_accepted_at"":""Not Applicable""},""extra_profiling_fields"":[{""id"":""llm_detection_result"",""name"":""Llm detection result"",""value"":""Passed""},{""id"":""ethnicity_simplified"",""name"":""Ethnicity simplified"",""value"":""White""},{""id"":""country_of_birth"",""name"":""Country of birth"",""value"":""United Kingdom""},{""id"":""nationality"",""name"":""Nationality"",""value"":""United Kingdom""},{""id"":""language"",""name"":""Language"",""value"":""English""},{""id"":""student_status"",""name"":""Student status"",""value"":""No""},{""id"":""employment_status"",""name"":""Employment status"",""value"":""Full-Time""}]}",complete,GB,en,orchestra
44ea90be-e54d-5179-aa70-d338b95f8ec6,prolific,cdda2ee4-bf4b-5d05-9022-f3ff376b1031,554f8a545f21726a637286582013205daa640f9a0f9b448cc8ca865676749daf,fd10830757,unbookmarked,35,United Kingdom,Female,"{""panel_metadata"":{""status"":""AWAITING REVIEW"",""started_at"":""2026-01-16T19:57:49.668000Z"",""time_taken"":2173,""archived_at"":""2026-01-16T20:34:02.578391Z"",""completed_at"":""2026-01-16T20:34:02.217000Z"",""participant_id"":""605273bcd0b9b4510724f3d7"",""completion_code"":""FDC0MPL3T3"",""total_approvals"":1470,""custom_study_tncs_accepted_at"":""Not Applicable""},""extra_profiling_fields"":[{""id"":""llm_detection_result"",""name"":""Llm detection result"",""value"":""Passed""},{""id"":""ethnicity_simplified"",""name"":""Ethnicity simplified"",""value"":""White""},{""id"":""country_of_birth"",""name"":""Country of birth"",""value"":""United Kingdom""},{""id"":""nationality"",""name"":""Nationality"",""value"":""United Kingdom""},{""id"":""language"",""name"":""Language"",""value"":""English""},{""id"":""student_status"",""name"":""Student status"",""value"":""No""},{""id"":""employment_status"",""name"":""Employment status"",""value"":""Full-Time""}]}",complete,GB,en,orchestra
44ea90be-e54d-5179-aa70-d338b95f8ec6,prolific,915d988e-2297-5239-bbd7-e583224cd8a2,068dbb20762b945ea15eaf8e34ea0a75441e8fbdc16f4b26719b84449833c614,fd23604860,unbookmarked,37,United Kingdom,Female,"{""panel_metadata"":{""status"":""AWAITING REVIEW"",""started_at"":""2026-01-16T21:35:20.179000Z"",""time_taken"":2184,""archived_at"":""2026-01-16T22:11:43.816291Z"",""completed_at"":""2026-01-16T22:11:43.453000Z"",""participant_id"":""5dc9e325ac77c76f8a335019"",""completion_code"":""FDC0MPL3T3"",""total_approvals"":761,""custom_study_tncs_accepted_at"":""Not Applicable""},""extra_profiling_fields"":[{""id"":""llm_detection_result"",""name"":""Llm detection result"",""value"":""Passed""},{""id"":""ethnicity_simplified"",""name"":""Ethnicity simplified"",""value"":""White""},{""id"":""country_of_birth"",""name"":""Country of birth"",""value"":""United Kingdom""},{""id"":""nationality"",""name"":""Nationality"",""value"":""United Kingdom""},{""id"":""language"",""name"":""Language"",""value"":""English""},{""id"":""student_status"",""name"":""Student status"",""value"":""No""},{""id"":""employment_status"",""name"":""Employment status"",""value"":""Other""}]}",complete,GB,en,orchestra
44ea90be-e54d-5179-aa70-d338b95f8ec6,prolific,7e4a002a-e47a-523e-89af-4f367bcce277,cbda2946f793d079a04064bc48c016bd8cb4b2aa7c1718affcae63fdca7b39b8,fd71739355,unbookmarked,40,United Kingdom,Female,"{""panel_metadata"":{""status"":""AWAITING REVIEW"",""started_at"":""2026-01-16T21:29:03.280000Z"",""time_taken"":2335,""archived_at"":""2026-01-16T22:07:57.639458Z"",""completed_at"":""2026-01-16T22:07:57.295000Z"",""participant_id"":""57e508cec3e5930001447391"",""completion_code"":""FDC0MPL3T3"",""total_approvals"":1778,""custom_study_tncs_accepted_at"":""Not Applicable""},""extra_profiling_fields"":[{""id"":""llm_detection_result"",""name"":""Llm detection result"",""value"":""Passed""},{""id"":""ethnicity_simplified"",""name"":""Ethnicity simplified"",""value"":""White""},{""id"":""country_of_birth"",""name"":""Country of birth"",""value"":""United Kingdom""},{""id"":""nationality"",""name"":""Nationality"",""value"":""United Kingdom""},{""id"":""language"",""name"":""Language"",""value"":""English""},{""id"":""student_status"",""name"":""Student status"",""value"":""No""},{""id"":""employment_status"",""name"":""Employment status"",""value"":""Part-Time""}]}",complete,GB,en,orchestra
44ea90be-e54d-5179-aa70-d338b95f8ec6,prolific,c56b603e-eb6c-5aa2-8e5e-94516e881ede,00f63dbdb20eee3129b61e0782c74b3102730121b97c03e443152823d4d5cd90,fd28684598,unbookmarked,36,United Kingdom,Female,"{""panel_metadata"":{""status"":""AWAITING REVIEW"",""started_at"":""2026-01-16T20:13:32.620000Z"",""time_taken"":1298,""archived_at"":""2026-01-16T20:35:10.143783Z"",""completed_at"":""2026-01-16T20:35:09.781000Z"",""participant_id"":""68a6dc664cd3d2a30d5b5a24"",""completion_code"":""FDC0MPL3T3"",""total_approvals"":641,""custom_study_tncs_accepted_at"":""Not Applicable""},""extra_profiling_fields"":[{""id"":""llm_detection_result"",""name"":""Llm detection result"",""value"":""Passed""},{""id"":""ethnicity_simplified"",""name"":""Ethnicity simplified"",""value"":""White""},{""id"":""country_of_birth"",""name"":""Country of birth"",""value"":""United Kingdom""},{""id"":""nationality"",""name"":""Nationality"",""value"":""United Kingdom""},{""id"":""language"",""name"":""Language"",""value"":""English""},{""id"":""student_status"",""name"":""Student status"",""value"":""No""},{""id"":""employment_status"",""name"":""Employment status"",""value"":""Full-Time""}]}",complete,GB,en,orchestra
44ea90be-e54d-5179-aa70-d338b95f8ec6,prolific,75dc2ee6-f6f0-5693-ae33-6aee02541553,fff14e06fe00d63fe1433206a4a15aaa906a3b1881c44ba8ff1347fd8ab283c5,fd31803602,unbookmarked,31,United Kingdom,Female,"{""panel_metadata"":{""status"":""AWAITING REVIEW"",""started_at"":""2026-01-16T21:23:17.598000Z"",""time_taken"":1940,""archived_at"":""2026-01-16T21:55:37.290850Z"",""completed_at"":""2026-01-16T21:55:36.869000Z"",""participant_id"":""66a185d0b624fa8c1e36a13a"",""completion_code"":""FDC0MPL3T3"",""total_approvals"":230,""custom_study_tncs_accepted_at"":""Not Applicable""},""extra_profiling_fields"":[{""id"":""llm_detection_result"",""name"":""Llm detection result"",""value"":""Passed""},{""id"":""ethnicity_simplified"",""name"":""Ethnicity simplified"",""value"":""White""},{""id"":""country_of_birth"",""name"":""Country of birth"",""value"":""United Kingdom""},{""id"":""nationality"",""name"":""Nationality"",""value"":""United Kingdom""},{""id"":""language"",""name"":""Language"",""value"":""English""},{""id"":""student_status"",""name"":""Student status"",""value"":""No""},{""id"":""employment_status"",""name"":""Employment status"",""value"":""Unemployed (and job seeking)""}]}",complete,GB,en,orchestra
44ea90be-e54d-5179-aa70-d338b95f8ec6,prolific,b02f17f6-06fe-52a4-89e9-c565ae17fdf9,4448b64054bbb64211ef823fe89120dbced27ad128d30aecdde0b03e31c7bab8,fd43937378,unbookmarked,36,United Kingdom,Female,"{""panel_metadata"":{""status"":""AWAITING REVIEW"",""started_at"":""2026-01-16T20:28:39.757000Z"",""time_taken"":2523,""archived_at"":""2026-01-16T21:10:42.531699Z"",""completed_at"":""2026-01-16T21:10:42.170000Z"",""participant_id"":""6658df8dad0b7183083553c5"",""completion_code"":""FDC0MPL3T3"",""total_approvals"":24,""custom_study_tncs_accepted_at"":""Not Applicable""},""extra_profiling_fields"":[{""id"":""llm_detection_result"",""name"":""Llm detection result"",""value"":""Passed""},{""id"":""ethnicity_simplified"",""name"":""Ethnicity simplified"",""value"":""White""},{""id"":""country_of_birth"",""name"":""Country of birth"",""value"":""United Kingdom""},{""id"":""nationality"",""name"":""Nationality"",""value"":""United Kingdom""},{""id"":""language"",""name"":""Language"",""value"":""English""}]}",complete,GB,en,orchestra
44ea90be-e54d-5179-aa70-d338b95f8ec6,prolific,f5eb4901-3536-5207-81fc-5c6dd1fd48ac,98dcce7272d0779e1d8eed81ebb28c21199e17c3230b11744eb0c15c93b3e0cb,fd45810482,unbookmarked,39,United Kingdom,Male,"{""panel_metadata"":{""status"":""AWAITING REVIEW"",""started_at"":""2026-01-16T21:44:27.771000Z"",""time_taken"":2310,""archived_at"":""2026-01-16T22:22:57.207866Z"",""completed_at"":""2026-01-16T22:22:56.825000Z"",""participant_id"":""61fa913ed42cb19beec49321"",""completion_code"":""FDC0MPL3T3"",""total_approvals"":922,""custom_study_tncs_accepted_at"":""Not Applicable""},""extra_profiling_fields"":[{""id"":""llm_detection_result"",""name"":""Llm detection result"",""value"":""Passed""},{""id"":""ethnicity_simplified"",""name"":""Ethnicity simplified"",""value"":""White""},{""id"":""country_of_birth"",""name"":""Country of birth"",""value"":""United Kingdom""},{""id"":""nationality"",""name"":""Nationality"",""value"":""United Kingdom""},{""id"":""language"",""name"":""Language"",""value"":""English""},{""id"":""student_status"",""name"":""Student status"",""value"":""No""},{""id"":""employment_status"",""name"":""Employment status"",""value"":""Full-Time""}]}",complete,GB,en,orchestra
44ea90be-e54d-5179-aa70-d338b95f8ec6,prolific,c32be7d1-9fa0-5831-be22-4fb33bb1c586,0ff09592823b4b707efbd4c41dad1b513d285a8a3b289f4d96021f35729ff26a,fd85885094,unbookmarked,31,United Kingdom,Female,"{""panel_metadata"":{""status"":""AWAITING REVIEW"",""started_at"":""2026-01-16T20:31:23.990000Z"",""time_taken"":1426,""archived_at"":""2026-01-16T20:55:09.443945Z"",""completed_at"":""2026-01-16T20:55:09.055000Z"",""participant_id"":""665a467a51bdadba584e7794"",""completion_code"":""FDC0MPL3T3"",""total_approvals"":398,""custom_study_tncs_accepted_at"":""Not Applicable""},""extra_profiling_fields"":[{""id"":""llm_detection_result"",""name"":""Llm detection result"",""value"":""Passed""},{""id"":""ethnicity_simplified"",""name"":""Ethnicity simplified"",""value"":""Asian""},{""id"":""country_of_birth"",""name"":""Country of birth"",""value"":""United Kingdom""},{""id"":""nationality"",""name"":""Nationality"",""value"":""United Kingdom""},{""id"":""language"",""name"":""Language"",""value"":""Arabic""}]}",complete,GB,en,orchestra
44ea90be-e54d-5179-aa70-d338b95f8ec6,prolific,995b9f4d-9da5-5138-88f7-a52c5fed7347,23b92e8ca9bb2e6dffa170f4a87d73d5fd7a6877bed82094c7991776ca936c74,fd69403404,unbookmarked,30,United Kingdom,Female,"{""panel_metadata"":{""status"":""AWAITING REVIEW"",""started_at"":""2026-01-16T21:30:45.522000Z"",""time_taken"":1569,""archived_at"":""2026-01-16T21:56:54.179892Z"",""completed_at"":""2026-01-16T21:56:53.807000Z"",""participant_id"":""59f0be850fb3a90001bd9fc8"",""completion_code"":""FDCOMPL3T3"",""total_approvals"":1057,""custom_study_tncs_accepted_at"":""Not Applicable""},""extra_profiling_fields"":[{""id"":""llm_detection_result"",""name"":""Llm detection result"",""value"":""Passed""},{""id"":""ethnicity_simplified"",""name"":""Ethnicity simplified"",""value"":""White""},{""id"":""country_of_birth"",""name"":""Country of birth"",""value"":""United Kingdom""},{""id"":""nationality"",""name"":""Nationality"",""value"":""United Kingdom""},{""id"":""language"",""name"":""Language"",""value"":""English""},{""id"":""student_status"",""name"":""Student status"",""value"":""No""},{""id"":""employment_status"",""name"":""Employment status"",""value"":""Full-Time""}]}",complete,GB,en,orchestra
44ea90be-e54d-5179-aa70-d338b95f8ec6,prolific,ba04c6d8-2223-5202-8a44-007a45158989,9b5564976c826748cb512713457a6874ae30913dc30595be1af8dff491f4302d,fd92333853,unbookmarked,37,United Kingdom,Female,"{""panel_metadata"":{""status"":""AWAITING REVIEW"",""started_at"":""2026-01-16T20:32:53.729000Z"",""time_taken"":3427,""archived_at"":""2026-01-16T21:30:00.770270Z"",""completed_at"":""2026-01-16T21:30:00.304000Z"",""participant_id"":""5eb8c284ab41e18278ccf247"",""completion_code"":""FDC0MPL3T3"",""total_approvals"":2153,""custom_study_tncs_accepted_at"":""Not Applicable""},""extra_profiling_fields"":[{""id"":""llm_detection_result"",""name"":""Llm detection result"",""value"":""Passed""},{""id"":""ethnicity_simplified"",""name"":""Ethnicity simplified"",""value"":""White""},{""id"":""country_of_birth"",""name"":""Country of birth"",""value"":""United Kingdom""},{""id"":""nationality"",""name"":""Nationality"",""value"":""United Kingdom""},{""id"":""language"",""name"":""Language"",""value"":""English""},{""id"":""student_status"",""name"":""Student status"",""value"":""No""},{""id"":""employment_status"",""name"":""Employment status"",""value"":""Full-Time""}]}",complete,GB,en,orchestra
44ea90be-e54d-5179-aa70-d338b95f8ec6,prolific,2f0699a0-b47f-53d4-b0d9-117159136a58,8bb4a07064fba9e2ba53d2669a51d0ffb46385c0c3517f1ada6e403b18ec481f,fd84163975,unbookmarked,32,United Kingdom,Male,"{""panel_metadata"":{""status"":""AWAITING REVIEW"",""started_at"":""2026-01-16T19:48:32.343000Z"",""time_taken"":2493,""archived_at"":""2026-01-16T20:30:05.113584Z"",""completed_at"":""2026-01-16T20:30:04.754000Z"",""participant_id"":""5b985404a15058000124e508"",""completion_code"":""FDC0MPL3T3"",""total_approvals"":1504,""custom_study_tncs_accepted_at"":""Not Applicable""},""extra_profiling_fields"":[{""id"":""llm_detection_result"",""name"":""Llm detection result"",""value"":""Passed""},{""id"":""ethnicity_simplified"",""name"":""Ethnicity simplified"",""value"":""White""},{""id"":""country_of_birth"",""name"":""Country of birth"",""value"":""United Kingdom""},{""id"":""nationality"",""name"":""Nationality"",""value"":""United Kingdom""},{""id"":""language"",""name"":""Language"",""value"":""English""},{""id"":""student_status"",""name"":""Student status"",""value"":""No""},{""id"":""employment_status"",""name"":""Employment status"",""value"":""Full-Time""}]}",complete,GB,en,orchestra
44ea90be-e54d-5179-aa70-d338b95f8ec6,prolific,56d1a6c4-cd19-5669-9ea3-dec1bef5a2a9,5b6bb11739192f2c67d19dc5fcb85ff798093dd406eefd64e63f17f1c38316c5,fd39096479,unbookmarked,34,United Kingdom,Female,"{""panel_metadata"":{""status"":""AWAITING REVIEW"",""started_at"":""2026-01-16T19:55:43.781000Z"",""time_taken"":1553,""archived_at"":""2026-01-16T20:21:36.258714Z"",""completed_at"":""2026-01-16T20:21:35.858000Z"",""participant_id"":""6658b7a2bd32dc38300c5f53"",""completion_code"":""FDC0MPL3T3"",""total_approvals"":1014,""custom_study_tncs_accepted_at"":""Not Applicable""},""extra_profiling_fields"":[{""id"":""llm_detection_result"",""name"":""Llm detection result"",""value"":""Passed""},{""id"":""ethnicity_simplified"",""name"":""Ethnicity simplified"",""value"":""White""},{""id"":""country_of_birth"",""name"":""Country of birth"",""value"":""United Kingdom""},{""id"":""nationality"",""name"":""Nationality"",""value"":""United Kingdom""},{""id"":""language"",""name"":""Language"",""value"":""English""},{""id"":""student_status"",""name"":""Student status"",""value"":""No""},{""id"":""employment_status"",""name"":""Employment status"",""value"":""Full-Time""}]}",complete,GB,en,orchestra
44ea90be-e54d-5179-aa70-d338b95f8ec6,prolific,9101c3b7-f8bd-597d-96ed-b7761beda0bc,faa217621a30aa3d990f4c5d41a468443c1eaeb31025438f21430dc55e9dc63d,fd08521550,unbookmarked,32,United Kingdom,Male,"{""panel_metadata"":{""status"":""AWAITING REVIEW"",""started_at"":""2026-01-16T20:56:16.721000Z"",""time_taken"":3006,""archived_at"":""2026-01-16T21:46:23.038226Z"",""completed_at"":""2026-01-16T21:46:22.678000Z"",""participant_id"":""632222532c12ab0ab7ca00bd"",""completion_code"":""FDC0MPL3T3"",""total_approvals"":2926,""custom_study_tncs_accepted_at"":""Not Applicable""},""extra_profiling_fields"":[{""id"":""llm_detection_result"",""name"":""Llm detection result"",""value"":""Passed""},{""id"":""ethnicity_simplified"",""name"":""Ethnicity simplified"",""value"":""White""},{""id"":""country_of_birth"",""name"":""Country of birth"",""value"":""United Kingdom""},{""id"":""nationality"",""name"":""Nationality"",""value"":""United Kingdom""},{""id"":""language"",""name"":""Language"",""value"":""English""},{""id"":""student_status"",""name"":""Student status"",""value"":""No""},{""id"":""employment_status"",""name"":""Employment status"",""value"":""Part-Time""}]}",complete,GB,en,orchestra
44ea90be-e54d-5179-aa70-d338b95f8ec6,prolific,3e3ab460-1bba-5835-a5d1-ccff231a7c6b,34407df3c25ba1c0113efb28da5646730842c5f98692c17652d970920b92ac06,fd57518851,unbookmarked,37,United Kingdom,Female,"{""panel_metadata"":{""status"":""AWAITING REVIEW"",""started_at"":""2026-01-16T19:50:30.288000Z"",""time_taken"":1762,""archived_at"":""2026-01-16T20:19:51.984636Z"",""completed_at"":""2026-01-16T20:19:51.624000Z"",""participant_id"":""5eff6065cc8d32014292657f"",""completion_code"":""FDC0MPL3T3"",""total_approvals"":3261,""custom_study_tncs_accepted_at"":""Not Applicable""},""extra_profiling_fields"":[{""id"":""llm_detection_result"",""name"":""Llm detection result"",""value"":""Passed""},{""id"":""ethnicity_simplified"",""name"":""Ethnicity simplified"",""value"":""White""},{""id"":""country_of_birth"",""name"":""Country of birth"",""value"":""United Kingdom""},{""id"":""nationality"",""name"":""Nationality"",""value"":""United Kingdom""},{""id"":""language"",""name"":""Language"",""value"":""English""},{""id"":""student_status"",""name"":""Student status"",""value"":""Yes""},{""id"":""employment_status"",""name"":""Employment status"",""value"":""Full-Time""}]}",complete,GB,en,orchestra
44ea90be-e54d-5179-aa70-d338b95f8ec6,prolific,829b98ce-aaf4-5d8e-a82e-bbe31607ef3f,d7782a9a400e43ebadc40765ca799de35e51f19be1f8053f24ca9bab0a9d831a,fd88469627,unbookmarked,25,United Kingdom,Female,"{""panel_metadata"":{""status"":""AWAITING REVIEW"",""started_at"":""2026-01-16T21:03:14.024000Z"",""time_taken"":2233,""archived_at"":""2026-01-16T21:40:27.374716Z"",""completed_at"":""2026-01-16T21:40:27.005000Z"",""participant_id"":""5d1f6e8a79b6870016f803da"",""completion_code"":""FDC0MPL3T3"",""total_approvals"":434,""custom_study_tncs_accepted_at"":""Not Applicable""},""extra_profiling_fields"":[{""id"":""llm_detection_result"",""name"":""Llm detection result"",""value"":""Passed""},{""id"":""ethnicity_simplified"",""name"":""Ethnicity simplified"",""value"":""White""},{""id"":""country_of_birth"",""name"":""Country of birth"",""value"":""United Kingdom""},{""id"":""nationality"",""name"":""Nationality"",""value"":""United Kingdom""},{""id"":""language"",""name"":""Language"",""value"":""English""},{""id"":""student_status"",""name"":""Student status"",""value"":""No""},{""id"":""employment_status"",""name"":""Employment status"",""value"":""Part-Time""}]}",complete,GB,en,orchestra
44ea90be-e54d-5179-aa70-d338b95f8ec6,prolific,adcedacf-8f96-5448-963a-80016c94ffc6,a03fae6cf0ecdfe1e8928fc92d8f594a1b496e0105c2e6e379966c68fe8ccaac,fd57698982,unbookmarked,31,United Kingdom,Male,"{""panel_metadata"":{""status"":""AWAITING REVIEW"",""started_at"":""2026-01-16T20:41:38.891000Z"",""time_taken"":2442,""archived_at"":""2026-01-16T21:22:21.007484Z"",""completed_at"":""2026-01-16T21:22:20.645000Z"",""participant_id"":""5980f157413c230001291b22"",""completion_code"":""FDC0MPL3T3"",""total_approvals"":1928,""custom_study_tncs_accepted_at"":""Not Applicable""},""extra_profiling_fields"":[{""id"":""llm_detection_result"",""name"":""Llm detection result"",""value"":""Passed""},{""id"":""ethnicity_simplified"",""name"":""Ethnicity simplified"",""value"":""White""},{""id"":""country_of_birth"",""name"":""Country of birth"",""value"":""United Kingdom""},{""id"":""nationality"",""name"":""Nationality"",""value"":""United Kingdom""},{""id"":""language"",""name"":""Language"",""value"":""English""},{""id"":""student_status"",""name"":""Student status"",""value"":""No""},{""id"":""employment_status"",""name"":""Employment status"",""value"":""Other""}]}",complete,GB,en,orchestra
44ea90be-e54d-5179-aa70-d338b95f8ec6,prolific,ab2e5af6-239d-5f05-a329-d84a284c9252,4a5a4f3e46ccf4f121e5a8873fac696a7f46b3cdd397830b89cad08452de2583,fd56069797,unbookmarked,33,United Kingdom,Female,"{""panel_metadata"":{""status"":""AWAITING REVIEW"",""started_at"":""2026-01-16T19:49:41.035000Z"",""time_taken"":1918,""archived_at"":""2026-01-16T20:21:39.135674Z"",""completed_at"":""2026-01-16T20:21:38.704000Z"",""participant_id"":""5ad06853b438910001ac8bee"",""completion_code"":""FDC0MPL3T3"",""total_approvals"":843,""custom_study_tncs_accepted_at"":""Not Applicable""},""extra_profiling_fields"":[{""id"":""llm_detection_result"",""name"":""Llm detection result"",""value"":""Passed""},{""id"":""ethnicity_simplified"",""name"":""Ethnicity simplified"",""value"":""White""},{""id"":""country_of_birth"",""name"":""Country of birth"",""value"":""United Kingdom""},{""id"":""nationality"",""name"":""Nationality"",""value"":""United Kingdom""},{""id"":""language"",""name"":""Language"",""value"":""English""},{""id"":""student_status"",""name"":""Student status"",""value"":""No""},{""id"":""employment_status"",""name"":""Employment status"",""value"":""Full-Time""}]}",complete,GB,en,orchestra
44ea90be-e54d-5179-aa70-d338b95f8ec6,prolific,d33454a6-aa59-5e35-a957-d178580c4686,eafac0747779a2e9ba2cd0821f98c8155d4be0f2e9d4a4b8a993530cdc00dd96,fd04311260,unbookmarked,28,United Kingdom,Female,"{""panel_metadata"":{""status"":""AWAITING REVIEW"",""started_at"":""2026-01-16T21:31:06.143000Z"",""time_taken"":4964,""archived_at"":""2026-01-16T22:53:50.213705Z"",""completed_at"":""2026-01-16T22:53:49.851000Z"",""participant_id"":""66be508d400b58e0ebab2189"",""completion_code"":""FDC0MPL3T3"",""total_approvals"":268,""custom_study_tncs_accepted_at"":""Not Applicable""},""extra_profiling_fields"":[{""id"":""llm_detection_result"",""name"":""Llm detection result"",""value"":""Passed""},{""id"":""ethnicity_simplified"",""name"":""Ethnicity simplified"",""value"":""White""},{""id"":""country_of_birth"",""name"":""Country of birth"",""value"":""United Kingdom""},{""id"":""nationality"",""name"":""Nationality"",""value"":""United Kingdom""},{""id"":""language"",""name"":""Language"",""value"":""English""},{""id"":""student_status"",""name"":""Student status"",""value"":""No""},{""id"":""employment_status"",""name"":""Employment status"",""value"":""Full-Time""}]}",complete,GB,en,orchestra
2e70b073-701f-544c-a0a2-65710f5108af,prolific,d0df318d-4d2e-53b7-9182-43cf3e8333fd,689b67a157d7a9021a42eef90c86a86265148129cef50b791e015eac77093805,fd44246766,unbookmarked,59,United States,Female,"{""panel_metadata"":{""status"":""AWAITING REVIEW"",""started_at"":""2025-11-05T13:40:13.335000Z"",""time_taken"":3027,""archived_at"":""2025-11-05T14:30:40.387036Z"",""completed_at"":""2025-11-05T14:30:39.996000Z"",""participant_id"":""615200800c7a074171c4968d"",""completion_code"":""FDC0MPL3T3"",""total_approvals"":4140,""custom_study_tncs_accepted_at"":""Not Applicable""},""extra_profiling_fields"":[{""id"":""gender"",""name"":""Gender"",""value"":""Woman (including Trans Female/Trans Woman)""},{""id"":""llm_detection_result"",""name"":""Llm detection result"",""value"":""Passed""},{""id"":""ethnicity_simplified"",""name"":""Ethnicity simplified"",""value"":""White""},{""id"":""country_of_birth"",""name"":""Country of birth"",""value"":""Kenya""},{""id"":""nationality"",""name"":""Nationality"",""value"":""United States""},{""id"":""language"",""name"":""Language"",""value"":""English""},{""id"":""student_status"",""name"":""Student status"",""value"":""No""},{""id"":""employment_status"",""name"":""Employment status"",""value"":""Full-Time""}]}",complete,GB,en,orchestra
2e70b073-701f-544c-a0a2-65710f5108af,prolific,6355df22-6a11-5fdd-9287-7d41519046ec,d69e41e904acd4853708e6d77234ae0ae71521338a3e9394c4c310314ba6be15,fd99251653,unbookmarked,26,United States,Female,"{""panel_metadata"":{""status"":""AWAITING REVIEW"",""started_at"":""2025-11-05T12:57:33.688000Z"",""time_taken"":1632,""archived_at"":""2025-11-05T13:24:45.491799Z"",""completed_at"":""2025-11-05T13:24:45.119000Z"",""participant_id"":""60ff1e2673de1b1e09dfaf59"",""completion_code"":""FDC0MPL3T3"",""total_approvals"":2050,""custom_study_tncs_accepted_at"":""Not Applicable""},""extra_profiling_fields"":[{""id"":""gender"",""name"":""Gender"",""value"":""Woman (including Trans Female/Trans Woman)""},{""id"":""llm_detection_result"",""name"":""Llm detection result"",""value"":""Passed""},{""id"":""ethnicity_simplified"",""name"":""Ethnicity simplified"",""value"":""White""},{""id"":""country_of_birth"",""name"":""Country of birth"",""value"":""United States""},{""id"":""nationality"",""name"":""Nationality"",""value"":""United States""},{""id"":""language"",""name"":""Language"",""value"":""English""},{""id"":""employment_status"",""name"":""Employment status"",""value"":""Full-Time""}]}",complete,GB,en,orchestra
2e70b073-701f-544c-a0a2-65710f5108af,prolific,ea099dd3-6ca4-5754-9dc8-9d568e58e642,b36b0fbcad20dbb7c25a93262a3c48401397fe071679472a9050b1bec8a2dcc3,fd69978471,unbookmarked,43,United States,Female,"{""panel_metadata"":{""status"":""AWAITING REVIEW"",""started_at"":""2025-11-05T20:49:27.447000Z"",""time_taken"":2717,""archived_at"":""2025-11-05T21:34:44.731826Z"",""completed_at"":""2025-11-05T21:34:44.225000Z"",""participant_id"":""66337d1de3bea5025f371c0b"",""completion_code"":""FDC0MPL3T3"",""total_approvals"":2709,""custom_study_tncs_accepted_at"":""Not Applicable""},""extra_profiling_fields"":[{""id"":""gender"",""name"":""Gender"",""value"":""Woman (including Trans Female/Trans Woman)""},{""id"":""llm_detection_result"",""name"":""Llm detection result"",""value"":""Passed""},{""id"":""ethnicity_simplified"",""name"":""Ethnicity simplified"",""value"":""White""},{""id"":""country_of_birth"",""name"":""Country of birth"",""value"":""United States""},{""id"":""nationality"",""name"":""Nationality"",""value"":""United States""},{""id"":""language"",""name"":""Language"",""value"":""English""},{""id"":""employment_status"",""name"":""Employment status"",""value"":""Full-Time""}]}",complete,GB,en,orchestra
2e70b073-701f-544c-a0a2-65710f5108af,prolific,e28bb3dd-c58b-5a83-82be-b67acc916da1,8b5c2424956e9a4d846c173d4946372b02c48b8e91cc35a2f0d74a5598b3c2dd,fd56788554,unbookmarked,67,United States,Female,"{""panel_metadata"":{""status"":""AWAITING REVIEW"",""started_at"":""2025-11-05T12:23:53.974000Z"",""time_taken"":2518,""archived_at"":""2025-11-05T13:05:51.419971Z"",""completed_at"":""2025-11-05T13:05:51.057000Z"",""participant_id"":""671f93838d7481cd8a0d137d"",""completion_code"":""FDC0MPL3T3"",""total_approvals"":840,""custom_study_tncs_accepted_at"":""Not Applicable""},""extra_profiling_fields"":[{""id"":""gender"",""name"":""Gender"",""value"":""Woman (including Trans Female/Trans Woman)""},{""id"":""llm_detection_result"",""name"":""Llm detection result"",""value"":""Passed""},{""id"":""ethnicity_simplified"",""name"":""Ethnicity simplified"",""value"":""White""},{""id"":""country_of_birth"",""name"":""Country of birth"",""value"":""United States""},{""id"":""nationality"",""name"":""Nationality"",""value"":""United States""},{""id"":""language"",""name"":""Language"",""value"":""English""},{""id"":""student_status"",""name"":""Student status"",""value"":""No""},{""id"":""employment_status"",""name"":""Employment status"",""value"":""Part-Time""}]}",complete,GB,en,orchestra
2e70b073-701f-544c-a0a2-65710f5108af,prolific,44675af3-f0f4-5573-ac39-e12dc9a17bee,52acf21c2bc0055a2014197f2158eb1b751c425bac612fd0237352e8b54c7229,fd11461581,unbookmarked,29,United States,Female,"{""panel_metadata"":{""status"":""ACTIVE"",""started_at"":""2025-11-05T12:12:01.516000Z"",""time_taken"":498,""archived_at"":""2025-11-05T12:20:19.208881Z"",""participant_id"":""67ccf7fbbe84c977587b8b53"",""total_approvals"":1828,""custom_study_tncs_accepted_at"":""Not Applicable""},""extra_profiling_fields"":[{""id"":""gender"",""name"":""Gender"",""value"":""Woman (including Trans Female/Trans Woman)""},{""id"":""llm_detection_result"",""name"":""Llm detection result"",""value"":""Passed""},{""id"":""ethnicity_simplified"",""name"":""Ethnicity simplified"",""value"":""White""},{""id"":""country_of_birth"",""name"":""Country of birth"",""value"":""United States""},{""id"":""nationality"",""name"":""Nationality"",""value"":""United States""},{""id"":""language"",""name"":""Language"",""value"":""English""}]}",complete,GB,en,orchestra
2e70b073-701f-544c-a0a2-65710f5108af,prolific,c78a3ed1-365e-509d-bb17-5af3ffdf442c,32b753eaa0bb1f8f380716f8fd9a146dc10ffa5c8be14441f45329a1237d520b,fd76513405,unbookmarked,49,United States,Female,"{""panel_metadata"":{""status"":""AWAITING REVIEW"",""started_at"":""2025-11-05T13:26:43.329000Z"",""time_taken"":1592,""archived_at"":""2025-11-05T13:53:15.475604Z"",""completed_at"":""2025-11-05T13:53:15.055000Z"",""participant_id"":""665cbb56d9ecb20564b9b607"",""completion_code"":""FDC0MPL3T3"",""total_approvals"":3177,""custom_study_tncs_accepted_at"":""Not Applicable""},""extra_profiling_fields"":[{""id"":""gender"",""name"":""Gender"",""value"":""Woman (including Trans Female/Trans Woman)""},{""id"":""llm_detection_result"",""name"":""Llm detection result"",""value"":""Passed""},{""id"":""ethnicity_simplified"",""name"":""Ethnicity simplified"",""value"":""White""},{""id"":""country_of_birth"",""name"":""Country of birth"",""value"":""United States""},{""id"":""nationality"",""name"":""Nationality"",""value"":""United States""},{""id"":""language"",""name"":""Language"",""value"":""English""},{""id"":""student_status"",""name"":""Student status"",""value"":""No""},{""id"":""employment_status"",""name"":""Employment status"",""value"":""Full-Time""}]}",complete,GB,en,orchestra
2e70b073-701f-544c-a0a2-65710f5108af,prolific,a90ff139-c70c-59dc-8382-6261678f9ae0,b5b9842e00796f746eb892f9495105ba5a29c0121b4c74321fa22fae1dd819c9,fd66553245,unbookmarked,53,United States,Female,"{""panel_metadata"":{""status"":""AWAITING REVIEW"",""started_at"":""2025-11-05T12:14:59.449000Z"",""time_taken"":2784,""archived_at"":""2025-11-05T13:01:23.720224Z"",""completed_at"":""2025-11-05T13:01:23.297000Z"",""participant_id"":""657b111e0f834cfa496bd068"",""completion_code"":""FDC0MPL3T3"",""total_approvals"":6512,""custom_study_tncs_accepted_at"":""Not Applicable""},""extra_profiling_fields"":[{""id"":""gender"",""name"":""Gender"",""value"":""Woman (including Trans Female/Trans Woman)""},{""id"":""llm_detection_result"",""name"":""Llm detection result"",""value"":""Passed""},{""id"":""ethnicity_simplified"",""name"":""Ethnicity simplified"",""value"":""Black""},{""id"":""country_of_birth"",""name"":""Country of birth"",""value"":""United States""},{""id"":""nationality"",""name"":""Nationality"",""value"":""United States""},{""id"":""language"",""name"":""Language"",""value"":""English""}]}",complete,GB,en,orchestra
2e70b073-701f-544c-a0a2-65710f5108af,prolific,532b7480-2c6e-5449-928f-4bfa603e02f5,9c4103e311a123afea7433677bc1f9e72d75108d8a0094ee4fb60fa081820128,fd68404642,unbookmarked,35,United States,Female,"{""panel_metadata"":{""status"":""AWAITING REVIEW"",""started_at"":""2025-11-05T12:15:48.505000Z"",""time_taken"":1896,""archived_at"":""2025-11-05T12:47:24.442529Z"",""completed_at"":""2025-11-05T12:47:24.019000Z"",""participant_id"":""6743905b3105844d1c76e0b5"",""completion_code"":""FDC0MPL3T3"",""total_approvals"":1408,""custom_study_tncs_accepted_at"":""Not Applicable""},""extra_profiling_fields"":[{""id"":""gender"",""name"":""Gender"",""value"":""Woman (including Trans Female/Trans Woman)""},{""id"":""llm_detection_result"",""name"":""Llm detection result"",""value"":""Passed""},{""id"":""ethnicity_simplified"",""name"":""Ethnicity simplified"",""value"":""White""},{""id"":""country_of_birth"",""name"":""Country of birth"",""value"":""United States""},{""id"":""nationality"",""name"":""Nationality"",""value"":""United States""},{""id"":""language"",""name"":""Language"",""value"":""English""}]}",complete,GB,en,orchestra
2e70b073-701f-544c-a0a2-65710f5108af,prolific,824540b3-0e5e-5995-b1ce-a8daa3b0ac99,b19f0d76e6f0a3c84505b7e2bf82b66d2aa7970d732159d1778c89d4decedfc1,fd08577992,unbookmarked,83,United States,Female,"{""panel_metadata"":{""status"":""AWAITING REVIEW"",""started_at"":""2025-11-05T12:01:48.709000Z"",""time_taken"":2296,""archived_at"":""2025-11-05T12:40:04.655520Z"",""completed_at"":""2025-11-05T12:40:04.279000Z"",""participant_id"":""608437f0b139060610c9f0c1"",""completion_code"":""FDC0MPL3T3"",""total_approvals"":7507,""custom_study_tncs_accepted_at"":""Not Applicable""},""extra_profiling_fields"":[{""id"":""gender"",""name"":""Gender"",""value"":""Woman (including Trans Female/Trans Woman)""},{""id"":""llm_detection_result"",""name"":""Llm detection result"",""value"":""Passed""},{""id"":""ethnicity_simplified"",""name"":""Ethnicity simplified"",""value"":""White""},{""id"":""country_of_birth"",""name"":""Country of birth"",""value"":""United States""},{""id"":""nationality"",""name"":""Nationality"",""value"":""United States""},{""id"":""language"",""name"":""Language"",""value"":""English""}]}",complete,GB,en,orchestra
2e70b073-701f-544c-a0a2-65710f5108af,prolific,ba015911-d46a-537d-a797-08de97aa9621,8d55f6da053a24bc8b0ef3fca4acd7a51edae68f3d0007ee5e4583212a70fd2c,fd64436562,unbookmarked,61,United States,Female,"{""panel_metadata"":{""status"":""AWAITING REVIEW"",""started_at"":""2025-11-05T12:13:49.001000Z"",""time_taken"":2692,""archived_at"":""2025-11-05T12:58:41.169364Z"",""completed_at"":""2025-11-05T12:58:40.770000Z"",""participant_id"":""62cbf51439a76e8fccd8a495"",""completion_code"":""FDC0MPL3T3"",""total_approvals"":10857,""custom_study_tncs_accepted_at"":""Not Applicable""},""extra_profiling_fields"":[{""id"":""gender"",""name"":""Gender"",""value"":""Woman (including Trans Female/Trans Woman)""},{""id"":""llm_detection_result"",""name"":""Llm detection result"",""value"":""Passed""},{""id"":""ethnicity_simplified"",""name"":""Ethnicity simplified"",""value"":""White""},{""id"":""country_of_birth"",""name"":""Country of birth"",""value"":""United States""},{""id"":""nationality"",""name"":""Nationality"",""value"":""United States""},{""id"":""language"",""name"":""Language"",""value"":""English""},{""id"":""student_status"",""name"":""Student status"",""value"":""No""},{""id"":""employment_status"",""name"":""Employment status"",""value"":""Full-Time""}]}",complete,GB,en,orchestra
2e70b073-701f-544c-a0a2-65710f5108af,prolific,b569d7e7-73d3-5dd5-b18e-7db7ffb6dde4,a3cd1f2a54a7304dd8dc379aaeeb6444c8cf76acd84fb1593ae18e2188ca7051,fd77247985,unbookmarked,51,United States,Female,"{""panel_metadata"":{""status"":""AWAITING REVIEW"",""started_at"":""2025-11-05T13:04:13.354000Z"",""time_taken"":1607,""archived_at"":""2025-11-05T13:30:59.982079Z"",""completed_at"":""2025-11-05T13:30:59.607000Z"",""participant_id"":""5d88db42c1d06e001a1fdcab"",""completion_code"":""FDC0MPL3T3"",""total_approvals"":18044,""custom_study_tncs_accepted_at"":""Not Applicable""},""extra_profiling_fields"":[{""id"":""gender"",""name"":""Gender"",""value"":""Woman (including Trans Female/Trans Woman)""},{""id"":""llm_detection_result"",""name"":""Llm detection result"",""value"":""Passed""},{""id"":""ethnicity_simplified"",""name"":""Ethnicity simplified"",""value"":""White""},{""id"":""country_of_birth"",""name"":""Country of birth"",""value"":""United States""},{""id"":""nationality"",""name"":""Nationality"",""value"":""United States""},{""id"":""language"",""name"":""Language"",""value"":""English""},{""id"":""student_status"",""name"":""Student status"",""value"":""No""},{""id"":""employment_status"",""name"":""Employment status"",""value"":""Full-Time""}]}",complete,GB,en,orchestra
2e70b073-701f-544c-a0a2-65710f5108af,prolific,3e5d9f8c-ed1e-5df9-aab5-e47547803528,c70d2a05ffe8b257030392b2538ae3b84fc4b35f5055e8a130469e455a7157cd,fd91785814,unbookmarked,72,United States,Female,"{""panel_metadata"":{""status"":""AWAITING REVIEW"",""started_at"":""2025-11-05T12:08:03.027000Z"",""time_taken"":1947,""archived_at"":""2025-11-05T12:40:29.906144Z"",""completed_at"":""2025-11-05T12:40:29.559000Z"",""participant_id"":""62e92ac314e2c0f89236aed1"",""completion_code"":""FDC0MPL3T3"",""total_approvals"":9413,""custom_study_tncs_accepted_at"":""Not Applicable""},""extra_profiling_fields"":[{""id"":""gender"",""name"":""Gender"",""value"":""Woman (including Trans Female/Trans Woman)""},{""id"":""llm_detection_result"",""name"":""Llm detection result"",""value"":""Passed""},{""id"":""ethnicity_simplified"",""name"":""Ethnicity simplified"",""value"":""White""},{""id"":""country_of_birth"",""name"":""Country of birth"",""value"":""United States""},{""id"":""nationality"",""name"":""Nationality"",""value"":""United States""},{""id"":""language"",""name"":""Language"",""value"":""English""}]}",complete,GB,en,orchestra
2e70b073-701f-544c-a0a2-65710f5108af,prolific,5383704b-8cfb-51ac-803c-2f5ba5a5d3dd,986517795ed3c6dbe8a85d41fc18e08f7f2addfc1e57634a7f4b7186e1454a64,fd70248054,unbookmarked,44,United States,Female,"{""panel_metadata"":{""status"":""AWAITING REVIEW"",""started_at"":""2025-11-05T12:10:36.864000Z"",""time_taken"":1955,""archived_at"":""2025-11-05T12:43:12.184376Z"",""completed_at"":""2025-11-05T12:43:11.803000Z"",""participant_id"":""66b91ee649636fce844ef133"",""completion_code"":""FDC0MPL3T3"",""total_approvals"":4397,""custom_study_tncs_accepted_at"":""Not Applicable""},""extra_profiling_fields"":[{""id"":""gender"",""name"":""Gender"",""value"":""Woman (including Trans Female/Trans Woman)""},{""id"":""llm_detection_result"",""name"":""Llm detection result"",""value"":""Passed""},{""id"":""ethnicity_simplified"",""name"":""Ethnicity simplified"",""value"":""White""},{""id"":""country_of_birth"",""name"":""Country of birth"",""value"":""United States""},{""id"":""nationality"",""name"":""Nationality"",""value"":""United States""},{""id"":""language"",""name"":""Language"",""value"":""English""},{""id"":""student_status"",""name"":""Student status"",""value"":""No""},{""id"":""employment_status"",""name"":""Employment status"",""value"":""Part-Time""}]}",complete,GB,en,orchestra
2e70b073-701f-544c-a0a2-65710f5108af,prolific,734f928c-cbef-56f9-b6d2-2f0633292cef,3d2c67bf5a84e972cceca674014a7b4c5240d13a69d8e703a2533f658b636b3b,fd16711053,unbookmarked,42,United States,Female,"{""panel_metadata"":{""status"":""AWAITING REVIEW"",""started_at"":""2025-11-05T20:48:53.900000Z"",""time_taken"":2538,""archived_at"":""2025-11-05T21:31:14.053438Z"",""completed_at"":""2025-11-05T21:31:11.589000Z"",""participant_id"":""6726eb8bd8a35b7366b1790a"",""completion_code"":""FDC0MPL3T3"",""total_approvals"":193,""custom_study_tncs_accepted_at"":""Not Applicable""},""extra_profiling_fields"":[{""id"":""gender"",""name"":""Gender"",""value"":""Woman (including Trans Female/Trans Woman)""},{""id"":""llm_detection_result"",""name"":""Llm detection result"",""value"":""Passed""},{""id"":""ethnicity_simplified"",""name"":""Ethnicity simplified"",""value"":""White""},{""id"":""country_of_birth"",""name"":""Country of birth"",""value"":""United States""},{""id"":""nationality"",""name"":""Nationality"",""value"":""United States""},{""id"":""language"",""name"":""Language"",""value"":""English""},{""id"":""student_status"",""name"":""Student status"",""value"":""No""},{""id"":""employment_status"",""name"":""Employment status"",""value"":""Not in paid work (e.g. homemaker', 'retired or disabled)""}]}",complete,GB,en,orchestra
2e70b073-701f-544c-a0a2-65710f5108af,prolific,be608da7-185e-581b-a40e-a841236567c6,0c0cd3b163c42bf875f8163415089674aa721aefc3122f0b056ce992b5961d58,fd35995462,unbookmarked,20,United States,Female,"{""panel_metadata"":{""status"":""AWAITING REVIEW"",""started_at"":""2025-11-05T13:46:36.337000Z"",""time_taken"":1743,""archived_at"":""2025-11-05T14:15:40.072156Z"",""completed_at"":""2025-11-05T14:15:38.469000Z"",""participant_id"":""66721482085d16a4f7982735"",""completion_code"":""FDCOMPL3T3"",""total_approvals"":209,""custom_study_tncs_accepted_at"":""Not Applicable""},""extra_profiling_fields"":[{""id"":""gender"",""name"":""Gender"",""value"":""Woman (including Trans Female/Trans Woman)""},{""id"":""llm_detection_result"",""name"":""Llm detection result"",""value"":""Passed""},{""id"":""ethnicity_simplified"",""name"":""Ethnicity simplified"",""value"":""Black""},{""id"":""country_of_birth"",""name"":""Country of birth"",""value"":""United Arab Emirates""},{""id"":""nationality"",""name"":""Nationality"",""value"":""United States""},{""id"":""language"",""name"":""Language"",""value"":""Arabic""},{""id"":""student_status"",""name"":""Student status"",""value"":""Yes""}]}",complete,GB,en,orchestra
2e70b073-701f-544c-a0a2-65710f5108af,prolific,cd6cdb1f-9adc-5638-91e5-fb91a6720be0,7af49e70113ddd9b7b8d8fc506191279f0f45b8f9293e65ba1d85b4e3b371065,fd55198418,unbookmarked,57,United States,Female,"{""panel_metadata"":{""status"":""AWAITING REVIEW"",""started_at"":""2025-11-05T12:35:25.387000Z"",""time_taken"":2023,""archived_at"":""2025-11-05T13:09:08.521712Z"",""completed_at"":""2025-11-05T13:09:08.129000Z"",""participant_id"":""5dcf402982569a08ddd84086"",""completion_code"":""FDC0MPL3T3"",""total_approvals"":6428,""custom_study_tncs_accepted_at"":""Not Applicable""},""extra_profiling_fields"":[{""id"":""gender"",""name"":""Gender"",""value"":""Woman (including Trans Female/Trans Woman)""},{""id"":""llm_detection_result"",""name"":""Llm detection result"",""value"":""Passed""},{""id"":""ethnicity_simplified"",""name"":""Ethnicity simplified"",""value"":""White""},{""id"":""country_of_birth"",""name"":""Country of birth"",""value"":""United States""},{""id"":""nationality"",""name"":""Nationality"",""value"":""United States""},{""id"":""language"",""name"":""Language"",""value"":""English""},{""id"":""student_status"",""name"":""Student status"",""value"":""No""},{""id"":""employment_status"",""name"":""Employment status"",""value"":""Full-Time""}]}",complete,GB,en,orchestra
2e70b073-701f-544c-a0a2-65710f5108af,prolific,2eca3dbc-effb-5051-bd7f-7ee949bee145,a881a811e5349c3cda9c2d68d5583ebae76efe7f45512fd081a7a8365ef35cb7,fd90277810,unbookmarked,45,United States,Female,"{""panel_metadata"":{""status"":""AWAITING REVIEW"",""started_at"":""2025-11-05T12:34:05.099000Z"",""time_taken"":2819,""archived_at"":""2025-11-05T13:21:03.582360Z"",""completed_at"":""2025-11-05T13:21:03.177000Z"",""participant_id"":""5d20d449ebebd10001cb2740"",""completion_code"":""FDC0MPL3T3"",""total_approvals"":3709,""custom_study_tncs_accepted_at"":""Not Applicable""},""extra_profiling_fields"":[{""id"":""gender"",""name"":""Gender"",""value"":""Woman (including Trans Female/Trans Woman)""},{""id"":""llm_detection_result"",""name"":""Llm detection result"",""value"":""Passed""},{""id"":""ethnicity_simplified"",""name"":""Ethnicity simplified"",""value"":""Mixed""},{""id"":""country_of_birth"",""name"":""Country of birth"",""value"":""United States""},{""id"":""nationality"",""name"":""Nationality"",""value"":""United States""},{""id"":""language"",""name"":""Language"",""value"":""English""},{""id"":""student_status"",""name"":""Student status"",""value"":""Yes""},{""id"":""employment_status"",""name"":""Employment status"",""value"":""Full-Time""}]}",complete,GB,en,orchestra
2e70b073-701f-544c-a0a2-65710f5108af,prolific,bd32eaff-afea-5eb0-9831-d3ccc1eaa62f,8f19b521aaebf80a23e86a666761ebd716832c5c3f84a71bccbcc8e9002885c1,fd78831744,unbookmarked,43,United States,Female,"{""panel_metadata"":{""status"":""AWAITING REVIEW"",""started_at"":""2025-11-05T12:59:52.643000Z"",""time_taken"":1180,""archived_at"":""2025-11-05T13:19:32.922114Z"",""completed_at"":""2025-11-05T13:19:32.528000Z"",""participant_id"":""63d4351c19d2f4fb2c92029d"",""completion_code"":""FDC0MPL3T3"",""total_approvals"":3125,""custom_study_tncs_accepted_at"":""Not Applicable""},""extra_profiling_fields"":[{""id"":""gender"",""name"":""Gender"",""value"":""Woman (including Trans Female/Trans Woman)""},{""id"":""llm_detection_result"",""name"":""Llm detection result"",""value"":""Passed""},{""id"":""ethnicity_simplified"",""name"":""Ethnicity simplified"",""value"":""White""},{""id"":""country_of_birth"",""name"":""Country of birth"",""value"":""United States""},{""id"":""nationality"",""name"":""Nationality"",""value"":""United States""},{""id"":""language"",""name"":""Language"",""value"":""English""},{""id"":""student_status"",""name"":""Student status"",""value"":""No""},{""id"":""employment_status"",""name"":""Employment status"",""value"":""Part-Time""}]}",complete,GB,en,orchestra
489c1a66-bfb9-5701-8424-1ed7349ec293,fd,E4F635D4-E512-4359-9B2C-C82BFFE593AC,b44facb1c087eb403ae5d45582e58ca423e4aa469d4d7740ac98ff96ea4c4adb,fd5957707483,unbookmarked,,GB,,"{""panel_metadata"":{""type"":""fdchat"",""collect"":""true"",""preview"":""false""},""extra_profiling_fields"":[]}",complete,GB,en,dashboard
2e70b073-701f-544c-a0a2-65710f5108af,prolific,08ddc76d-f4ce-57fa-8e15-75504d970e47,7819a084598226ea51e42e0e7e062ae11594ce8ce444875eecf837587b0897e5,fd13058643,unbookmarked,28,United States,Female,"{""panel_metadata"":{""status"":""AWAITING REVIEW"",""started_at"":""2025-11-05T12:13:24.216000Z"",""time_taken"":3166,""archived_at"":""2025-11-05T13:06:10.344486Z"",""completed_at"":""2025-11-05T13:06:09.959000Z"",""participant_id"":""61254fba095b9df425e816ea"",""completion_code"":""FDC0MPL3T3"",""total_approvals"":8802,""custom_study_tncs_accepted_at"":""Not Applicable""},""extra_profiling_fields"":[{""id"":""gender"",""name"":""Gender"",""value"":""Woman (including Trans Female/Trans Woman)""},{""id"":""llm_detection_result"",""name"":""Llm detection result"",""value"":""Passed""},{""id"":""ethnicity_simplified"",""name"":""Ethnicity simplified"",""value"":""Black""},{""id"":""country_of_birth"",""name"":""Country of birth"",""value"":""United States""},{""id"":""nationality"",""name"":""Nationality"",""value"":""United States""},{""id"":""language"",""name"":""Language"",""value"":""English""}]}",complete,GB,en,orchestra
2e70b073-701f-544c-a0a2-65710f5108af,prolific,ad737a18-53ac-5452-a556-5babca5eef3f,da5bb97a961edd6583b8cee2f5b25bd0a30d78661c8fad5ef9cefcccac02da9c,fd17626547,unbookmarked,25,United States,Female,"{""panel_metadata"":{""status"":""AWAITING REVIEW"",""started_at"":""2025-11-05T12:28:16.600000Z"",""time_taken"":3758,""archived_at"":""2025-11-05T13:30:54.836551Z"",""completed_at"":""2025-11-05T13:30:54.426000Z"",""participant_id"":""67d4118ea7ca5cd9f4e3af9c"",""completion_code"":""FDC0MPL3T3"",""total_approvals"":2410,""custom_study_tncs_accepted_at"":""Not Applicable""},""extra_profiling_fields"":[{""id"":""gender"",""name"":""Gender"",""value"":""Woman (including Trans Female/Trans Woman)""},{""id"":""llm_detection_result"",""name"":""Llm detection result"",""value"":""Passed""},{""id"":""ethnicity_simplified"",""name"":""Ethnicity simplified"",""value"":""Black""},{""id"":""country_of_birth"",""name"":""Country of birth"",""value"":""United Kingdom""},{""id"":""nationality"",""name"":""Nationality"",""value"":""United Kingdom""},{""id"":""language"",""name"":""Language"",""value"":""English""}]}",complete,GB,en,orchestra
2e70b073-701f-544c-a0a2-65710f5108af,prolific,c7f1803a-2e3a-5cb8-9012-66c2a4dea856,aa05f8777cd56bf2e4444cc8a3633e69ead11c2ea155b4bd297691c661f822e1,fd59525565,unbookmarked,36,United States,Female,"{""panel_metadata"":{""status"":""AWAITING REVIEW"",""started_at"":""2025-11-05T12:27:53.427000Z"",""time_taken"":4012,""archived_at"":""2025-11-05T13:34:46.033686Z"",""completed_at"":""2025-11-05T13:34:45.310000Z"",""participant_id"":""65ca84cb095d96c990156ce8"",""completion_code"":""FDC0MPL3T3"",""total_approvals"":572,""custom_study_tncs_accepted_at"":""Not Applicable""},""extra_profiling_fields"":[{""id"":""gender"",""name"":""Gender"",""value"":""Woman (including Trans Female/Trans Woman)""},{""id"":""llm_detection_result"",""name"":""Llm detection result"",""value"":""Passed""},{""id"":""ethnicity_simplified"",""name"":""Ethnicity simplified"",""value"":""Black""},{""id"":""country_of_birth"",""name"":""Country of birth"",""value"":""United States""},{""id"":""nationality"",""name"":""Nationality"",""value"":""United States""},{""id"":""language"",""name"":""Language"",""value"":""English""},{""id"":""student_status"",""name"":""Student status"",""value"":""No""},{""id"":""employment_status"",""name"":""Employment status"",""value"":""Full-Time""}]}",complete,GB,en,orchestra
2e70b073-701f-544c-a0a2-65710f5108af,prolific,00b209d2-fd89-5885-b23e-bccf192b67c8,70ade471b2ab8785b9d7ac9264fad5664505a8178fd5651539f798525ca9d307,fd35205759,unbookmarked,75,United States,Female,"{""panel_metadata"":{""status"":""AWAITING REVIEW"",""started_at"":""2025-11-05T12:08:23.047000Z"",""time_taken"":3422,""archived_at"":""2025-11-05T13:05:25.419725Z"",""completed_at"":""2025-11-05T13:05:25.019000Z"",""participant_id"":""67e5ebfad8af26b1bb60e460"",""completion_code"":""FDC0MPL3T3"",""total_approvals"":876,""custom_study_tncs_accepted_at"":""Not Applicable""},""extra_profiling_fields"":[{""id"":""gender"",""name"":""Gender"",""value"":""Woman (including Trans Female/Trans Woman)""},{""id"":""llm_detection_result"",""name"":""Llm detection result"",""value"":""Passed""},{""id"":""ethnicity_simplified"",""name"":""Ethnicity simplified"",""value"":""White""},{""id"":""country_of_birth"",""name"":""Country of birth"",""value"":""United States""},{""id"":""nationality"",""name"":""Nationality"",""value"":""United States""},{""id"":""language"",""name"":""Language"",""value"":""English""}]}",complete,GB,en,orchestra
2e70b073-701f-544c-a0a2-65710f5108af,prolific,b68359ca-b62e-5838-a7b2-b209b3378771,de6a3f3796165353af78307bba6f45bc179c4038610cc729721355f5b3bf47ba,fd82801696,unbookmarked,33,United States,Female,"{""panel_metadata"":{""status"":""AWAITING REVIEW"",""started_at"":""2025-11-05T20:51:14.554000Z"",""time_taken"":2425,""archived_at"":""2025-11-05T21:31:39.558965Z"",""completed_at"":""2025-11-05T21:31:39.154000Z"",""participant_id"":""65c10ced2d3b8e53c08ce681"",""completion_code"":""FDC0MPL3T3"",""total_approvals"":595,""custom_study_tncs_accepted_at"":""Not Applicable""},""extra_profiling_fields"":[{""id"":""gender"",""name"":""Gender"",""value"":""Woman (including Trans Female/Trans Woman)""},{""id"":""llm_detection_result"",""name"":""Llm detection result"",""value"":""Passed""},{""id"":""ethnicity_simplified"",""name"":""Ethnicity simplified"",""value"":""Black""},{""id"":""country_of_birth"",""name"":""Country of birth"",""value"":""United States""},{""id"":""nationality"",""name"":""Nationality"",""value"":""United States""},{""id"":""language"",""name"":""Language"",""value"":""English""}]}",complete,GB,en,orchestra
2e70b073-701f-544c-a0a2-65710f5108af,prolific,aba686e6-4da4-5f1a-a07c-778253e6d7e5,56da3b0a34f6edf882d01442d9336d6d0c98e6e7d73bfff76a6ef6f043f2313a,fd45474370,unbookmarked,62,United States,Female,"{""panel_metadata"":{""status"":""AWAITING REVIEW"",""started_at"":""2025-11-05T12:05:13.201000Z"",""time_taken"":3267,""archived_at"":""2025-11-05T12:59:40.456023Z"",""completed_at"":""2025-11-05T12:59:40.073000Z"",""participant_id"":""6566255bbaa15c2459e2c0e5"",""completion_code"":""FDC0MPL3T3"",""total_approvals"":679,""custom_study_tncs_accepted_at"":""Not Applicable""},""extra_profiling_fields"":[{""id"":""gender"",""name"":""Gender"",""value"":""Woman (including Trans Female/Trans Woman)""},{""id"":""llm_detection_result"",""name"":""Llm detection result"",""value"":""Passed""},{""id"":""ethnicity_simplified"",""name"":""Ethnicity simplified"",""value"":""White""},{""id"":""country_of_birth"",""name"":""Country of birth"",""value"":""United States""},{""id"":""nationality"",""name"":""Nationality"",""value"":""United States""},{""id"":""language"",""name"":""Language"",""value"":""English""},{""id"":""student_status"",""name"":""Student status"",""value"":""No""},{""id"":""employment_status"",""name"":""Employment status"",""value"":""Full-Time""}]}",complete,GB,en,orchestra
2e70b073-701f-544c-a0a2-65710f5108af,prolific,04d2ebb9-64ac-5d83-9104-052cef8d6e0a,3c926e027734987e747402afa523dbc3e6ef47024d819f4822e41408c6a7032e,fd17832307,unbookmarked,23,United States,Female,"{""panel_metadata"":{""status"":""AWAITING REVIEW"",""started_at"":""2025-11-05T12:25:39.490000Z"",""time_taken"":3624,""archived_at"":""2025-11-05T13:26:03.422443Z"",""completed_at"":""2025-11-05T13:26:03.020000Z"",""participant_id"":""68483d40185598902b719f20"",""completion_code"":""FDC0MPL3T3"",""total_approvals"":1317,""custom_study_tncs_accepted_at"":""Not Applicable""},""extra_profiling_fields"":[{""id"":""gender"",""name"":""Gender"",""value"":""Woman (including Trans Female/Trans Woman)""},{""id"":""llm_detection_result"",""name"":""Llm detection result"",""value"":""Passed""},{""id"":""ethnicity_simplified"",""name"":""Ethnicity simplified"",""value"":""White""},{""id"":""country_of_birth"",""name"":""Country of birth"",""value"":""United States""},{""id"":""nationality"",""name"":""Nationality"",""value"":""United States""},{""id"":""language"",""name"":""Language"",""value"":""English""}]}",complete,GB,en,orchestra
2e70b073-701f-544c-a0a2-65710f5108af,prolific,d54b239a-3cb4-5f31-8017-f08bceacffcb,7d23c86e2cc6953f93aad07f3edb9a07de9a4836a8727f3fe9e47adc68bd0731,fd09513538,unbookmarked,37,United States,Female,"{""panel_metadata"":{""status"":""AWAITING REVIEW"",""started_at"":""2025-11-05T12:06:08.952000Z"",""time_taken"":3451,""archived_at"":""2025-11-05T13:03:39.670162Z"",""completed_at"":""2025-11-05T13:03:39.276000Z"",""participant_id"":""5c6709ab926a5b0001eb29c1"",""completion_code"":""FDCOMPL3T3"",""total_approvals"":7669,""custom_study_tncs_accepted_at"":""Not Applicable""},""extra_profiling_fields"":[{""id"":""gender"",""name"":""Gender"",""value"":""Woman (including Trans Female/Trans Woman)""},{""id"":""llm_detection_result"",""name"":""Llm detection result"",""value"":""Passed""},{""id"":""ethnicity_simplified"",""name"":""Ethnicity simplified"",""value"":""White""},{""id"":""country_of_birth"",""name"":""Country of birth"",""value"":""United States""},{""id"":""nationality"",""name"":""Nationality"",""value"":""United States""},{""id"":""language"",""name"":""Language"",""value"":""English""},{""id"":""student_status"",""name"":""Student status"",""value"":""No""},{""id"":""employment_status"",""name"":""Employment status"",""value"":""Part-Time""}]}",complete,GB,en,orchestra
2e70b073-701f-544c-a0a2-65710f5108af,prolific,2f45e6fb-6c64-554b-9ae7-359b0d5bda87,93e30878266cd79c80227e9169290f3c4d3ad109b873e963c03f3af849481d68,fd71733964,unbookmarked,29,United States,Female,"{""panel_metadata"":{""status"":""AWAITING REVIEW"",""started_at"":""2025-11-05T12:28:21.208000Z"",""time_taken"":6526,""archived_at"":""2025-11-05T14:17:06.661609Z"",""completed_at"":""2025-11-05T14:17:06.275000Z"",""participant_id"":""67ca44c542a5ebd3baf7d5e1"",""completion_code"":""FDC0MPL3T3"",""total_approvals"":2278,""custom_study_tncs_accepted_at"":""Not Applicable""},""extra_profiling_fields"":[{""id"":""gender"",""name"":""Gender"",""value"":""Woman (including Trans Female/Trans Woman)""},{""id"":""llm_detection_result"",""name"":""Llm detection result"",""value"":""Passed""},{""id"":""ethnicity_simplified"",""name"":""Ethnicity simplified"",""value"":""Mixed""},{""id"":""country_of_birth"",""name"":""Country of birth"",""value"":""United States""},{""id"":""nationality"",""name"":""Nationality"",""value"":""United States""},{""id"":""language"",""name"":""Language"",""value"":""English""}]}",complete,GB,en,orchestra
2e70b073-701f-544c-a0a2-65710f5108af,prolific,f2d1a995-dae0-5272-a2a0-2956672557eb,8ccf3f26b104de7333001d5ccb2fb7a2c12b325e86a7482dcb570296d8082a04,fd54643977,unbookmarked,20,United States,Female,"{""panel_metadata"":{""status"":""AWAITING REVIEW"",""started_at"":""2025-11-05T12:35:33.938000Z"",""time_taken"":4407,""archived_at"":""2025-11-05T13:49:00.809429Z"",""completed_at"":""2025-11-05T13:49:00.398000Z"",""participant_id"":""6722ddbde603128350a14863"",""completion_code"":""FDC0MPL3T3"",""total_approvals"":1912,""custom_study_tncs_accepted_at"":""Not Applicable""},""extra_profiling_fields"":[{""id"":""gender"",""name"":""Gender"",""value"":""Woman (including Trans Female/Trans Woman)""},{""id"":""llm_detection_result"",""name"":""Llm detection result"",""value"":""Passed""},{""id"":""ethnicity_simplified"",""name"":""Ethnicity simplified"",""value"":""Black""},{""id"":""country_of_birth"",""name"":""Country of birth"",""value"":""United States""},{""id"":""nationality"",""name"":""Nationality"",""value"":""United States""},{""id"":""language"",""name"":""Language"",""value"":""English""},{""id"":""student_status"",""name"":""Student status"",""value"":""Yes""},{""id"":""employment_status"",""name"":""Employment status"",""value"":""Part-Time""}]}",complete,GB,en,orchestra
2e70b073-701f-544c-a0a2-65710f5108af,prolific,c82d81c9-1853-5f25-a995-a5d493b104b9,8278beab58cc93594717aa6bad7cde530ed4f656a342104ef96eaab1cd746e6e,fd22892101,unbookmarked,42,United States,Female,"{""panel_metadata"":{""status"":""AWAITING REVIEW"",""started_at"":""2025-11-05T12:37:40.032000Z"",""time_taken"":3778,""archived_at"":""2025-11-05T13:40:38.401928Z"",""completed_at"":""2025-11-05T13:40:38.004000Z"",""participant_id"":""613589ac6333693e1927fa76"",""completion_code"":""FDC0MPL3T3"",""total_approvals"":4705,""custom_study_tncs_accepted_at"":""Not Applicable""},""extra_profiling_fields"":[{""id"":""gender"",""name"":""Gender"",""value"":""Woman (including Trans Female/Trans Woman)""},{""id"":""llm_detection_result"",""name"":""Llm detection result"",""value"":""Passed""},{""id"":""ethnicity_simplified"",""name"":""Ethnicity simplified"",""value"":""Mixed""},{""id"":""country_of_birth"",""name"":""Country of birth"",""value"":""United States""},{""id"":""nationality"",""name"":""Nationality"",""value"":""United States""},{""id"":""language"",""name"":""Language"",""value"":""English""},{""id"":""student_status"",""name"":""Student status"",""value"":""No""},{""id"":""employment_status"",""name"":""Employment status"",""value"":""Full-Time""}]}",complete,GB,en,orchestra
4f1e7c19-33f8-5220-8644-e8d10e486678,fd,da627ff5-264d-4fea-94db-a14c0e6f9b8f,8d870dd89cd16925a1e94daf9444db4fc7c3007e1c7373f68b2bb820b0c9fd2c,fd6493401388,unbookmarked,,,,,complete,GB,en,orchestra
2e70b073-701f-544c-a0a2-65710f5108af,prolific,7d84a456-e932-528b-b576-e610eaf89223,9e5ea67ae53ec4009ec9fbc066f640eb85fc61c3e2ccac0fac2548c937370b7c,fd15253740,unbookmarked,30,United States,Female,"{""panel_metadata"":{""status"":""AWAITING REVIEW"",""started_at"":""2025-11-05T12:58:55.485000Z"",""time_taken"":2102,""archived_at"":""2025-11-05T13:33:57.002713Z"",""completed_at"":""2025-11-05T13:33:56.607000Z"",""participant_id"":""5dac90fbfbeead001454c91f"",""completion_code"":""FDC0MPL3T3"",""total_approvals"":2140,""custom_study_tncs_accepted_at"":""Not Applicable""},""extra_profiling_fields"":[{""id"":""gender"",""name"":""Gender"",""value"":""Woman (including Trans Female/Trans Woman)""},{""id"":""llm_detection_result"",""name"":""Llm detection result"",""value"":""Passed""},{""id"":""ethnicity_simplified"",""name"":""Ethnicity simplified"",""value"":""White""},{""id"":""country_of_birth"",""name"":""Country of birth"",""value"":""United States""},{""id"":""nationality"",""name"":""Nationality"",""value"":""United States""},{""id"":""language"",""name"":""Language"",""value"":""Italian""},{""id"":""student_status"",""name"":""Student status"",""value"":""Yes""},{""id"":""employment_status"",""name"":""Employment status"",""value"":""Full-Time""}]}",complete,GB,en,orchestra
2e70b073-701f-544c-a0a2-65710f5108af,prolific,9a50ceb8-709b-5c4f-a8bb-60d49a1af676,dc7811824ed37b69133f0bd1eabde7cd7acbd6464b6d0ef0dc8496f357a9dbb9,fd23985180,unbookmarked,26,United States,Female,"{""panel_metadata"":{""status"":""AWAITING REVIEW"",""started_at"":""2025-11-05T12:01:53.284000Z"",""time_taken"":4900,""archived_at"":""2025-11-05T13:23:32.721919Z"",""completed_at"":""2025-11-05T13:23:32.337000Z"",""participant_id"":""664964d987915dd5f84cd890"",""completion_code"":""FDC0MPL3T3"",""total_approvals"":67,""custom_study_tncs_accepted_at"":""Not Applicable""},""extra_profiling_fields"":[{""id"":""gender"",""name"":""Gender"",""value"":""Woman (including Trans Female/Trans Woman)""},{""id"":""llm_detection_result"",""name"":""Llm detection result"",""value"":""Passed""},{""id"":""ethnicity_simplified"",""name"":""Ethnicity simplified"",""value"":""White""},{""id"":""country_of_birth"",""name"":""Country of birth"",""value"":""United States""},{""id"":""nationality"",""name"":""Nationality"",""value"":""United States""},{""id"":""language"",""name"":""Language"",""value"":""English""}]}",complete,GB,en,orchestra
2e70b073-701f-544c-a0a2-65710f5108af,prolific,12495127-4c41-508a-9f40-b7c65635cb91,a88c8c65b7548ada5d6f59331badfa2c4603ac5ad8a4bdbfd79d25ca1692b0d8,fd50667139,unbookmarked,35,United States,Female,"{""panel_metadata"":{""status"":""AWAITING REVIEW"",""started_at"":""2025-11-05T12:22:08.808000Z"",""time_taken"":4679,""archived_at"":""2025-11-05T13:40:07.281012Z"",""completed_at"":""2025-11-05T13:40:06.845000Z"",""participant_id"":""6661a18a761b15847e5c4918"",""completion_code"":""FDC0MPL3T3"",""total_approvals"":764,""custom_study_tncs_accepted_at"":""Not Applicable""},""extra_profiling_fields"":[{""id"":""gender"",""name"":""Gender"",""value"":""Woman (including Trans Female/Trans Woman)""},{""id"":""llm_detection_result"",""name"":""Llm detection result"",""value"":""Passed""},{""id"":""ethnicity_simplified"",""name"":""Ethnicity simplified"",""value"":""White""},{""id"":""country_of_birth"",""name"":""Country of birth"",""value"":""United States""},{""id"":""nationality"",""name"":""Nationality"",""value"":""United States""},{""id"":""language"",""name"":""Language"",""value"":""English""},{""id"":""student_status"",""name"":""Student status"",""value"":""Yes""},{""id"":""employment_status"",""name"":""Employment status"",""value"":""Full-Time""}]}",complete,GB,en,orchestra
2e70b073-701f-544c-a0a2-65710f5108af,prolific,966410af-ead5-5d84-87df-aea3adfebd2e,fcf7721d431357ee7d0a1c08101b4f5ba9e801a06dcc523955259e4e5f2a1dca,fd71117832,unbookmarked,34,United States,Female,"{""panel_metadata"":{""status"":""ACTIVE"",""started_at"":""2025-11-05T12:33:24.228000Z"",""time_taken"":409,""archived_at"":""2025-11-05T12:40:12.570324Z"",""participant_id"":""67d5eb0b8ec16cc847b4593a"",""total_approvals"":2520,""custom_study_tncs_accepted_at"":""Not Applicable""},""extra_profiling_fields"":[{""id"":""gender"",""name"":""Gender"",""value"":""Woman (including Trans Female/Trans Woman)""},{""id"":""llm_detection_result"",""name"":""Llm detection result"",""value"":""Passed""},{""id"":""ethnicity_simplified"",""name"":""Ethnicity simplified"",""value"":""White""},{""id"":""country_of_birth"",""name"":""Country of birth"",""value"":""United States""},{""id"":""nationality"",""name"":""Nationality"",""value"":""United States""},{""id"":""language"",""name"":""Language"",""value"":""English""},{""id"":""student_status"",""name"":""Student status"",""value"":""No""},{""id"":""employment_status"",""name"":""Employment status"",""value"":""Full-Time""}]}",complete,GB,en,orchestra
2e70b073-701f-544c-a0a2-65710f5108af,prolific,9025dedb-fd20-5613-abc4-2aa810392481,43e8ee9fed6c0d4e57e27574216534c87d07d8fd3a6a5d9a6a0926e26dd39be1,fd56631005,unbookmarked,70,United States,Female,"{""panel_metadata"":{""status"":""AWAITING REVIEW"",""started_at"":""2025-11-05T12:06:10.975000Z"",""time_taken"":2567,""archived_at"":""2025-11-05T12:48:58.329675Z"",""completed_at"":""2025-11-05T12:48:57.943000Z"",""participant_id"":""6724f64f20aa833adf9702eb"",""completion_code"":""FDC0MPL3T3"",""total_approvals"":1878,""custom_study_tncs_accepted_at"":""Not Applicable""},""extra_profiling_fields"":[{""id"":""gender"",""name"":""Gender"",""value"":""Woman (including Trans Female/Trans Woman)""},{""id"":""llm_detection_result"",""name"":""Llm detection result"",""value"":""Passed""},{""id"":""ethnicity_simplified"",""name"":""Ethnicity simplified"",""value"":""White""},{""id"":""country_of_birth"",""name"":""Country of birth"",""value"":""United Kingdom""},{""id"":""nationality"",""name"":""Nationality"",""value"":""United States""},{""id"":""language"",""name"":""Language"",""value"":""English""},{""id"":""student_status"",""name"":""Student status"",""value"":""No""},{""id"":""employment_status"",""name"":""Employment status"",""value"":""Part-Time""}]}",complete,GB,en,orchestra
2e70b073-701f-544c-a0a2-65710f5108af,prolific,557131e2-a59e-5aa7-aeec-1259a7de61fe,99af1f13834dc2f91cdf2bc67d41346d470013122a3b475e78ab830d1d0bba2c,fd36105655,unbookmarked,38,United States,Female,"{""panel_metadata"":{""status"":""AWAITING REVIEW"",""started_at"":""2025-11-05T20:49:09.996000Z"",""time_taken"":1978,""archived_at"":""2025-11-05T21:22:07.933471Z"",""completed_at"":""2025-11-05T21:22:07.548000Z"",""participant_id"":""5d23460ad4c57900192b129c"",""completion_code"":""FDC0MPL3T3"",""total_approvals"":7207,""custom_study_tncs_accepted_at"":""Not Applicable""},""extra_profiling_fields"":[{""id"":""gender"",""name"":""Gender"",""value"":""Woman (including Trans Female/Trans Woman)""},{""id"":""llm_detection_result"",""name"":""Llm detection result"",""value"":""Passed""},{""id"":""ethnicity_simplified"",""name"":""Ethnicity simplified"",""value"":""White""},{""id"":""country_of_birth"",""name"":""Country of birth"",""value"":""United States""},{""id"":""nationality"",""name"":""Nationality"",""value"":""United States""},{""id"":""language"",""name"":""Language"",""value"":""English""},{""id"":""student_status"",""name"":""Student status"",""value"":""No""},{""id"":""employment_status"",""name"":""Employment status"",""value"":""Full-Time""}]}",complete,GB,en,orchestra
4f1e7c19-33f8-5220-8644-e8d10e486678,fd,ff35f334-3551-4b9c-b4d8-979a52931b70,bd5f8098604d0792234608924061e035ebb0c21eac22a9fa5fcb0bcbf5633266,fd2406496870,unbookmarked,,,,,complete,GB,en,orchestra
2e70b073-701f-544c-a0a2-65710f5108af,prolific,9ce807dd-4f56-54b2-9ac4-6cc9bc0d0ee9,c5cfc557d2b1506051c3615aaa85ee808bff933534c837a63d6f92b8e047964d,fd28387339,unbookmarked,61,United States,Female,"{""panel_metadata"":{""status"":""AWAITING REVIEW"",""started_at"":""2025-11-05T12:17:15.026000Z"",""time_taken"":2831,""archived_at"":""2025-11-05T13:04:26.295341Z"",""completed_at"":""2025-11-05T13:04:25.924000Z"",""participant_id"":""5750d1dea9de4b0006e556da"",""completion_code"":""FDC0MPL3T3"",""total_approvals"":3760,""custom_study_tncs_accepted_at"":""Not Applicable""},""extra_profiling_fields"":[{""id"":""gender"",""name"":""Gender"",""value"":""Woman (including Trans Female/Trans Woman)""},{""id"":""llm_detection_result"",""name"":""Llm detection result"",""value"":""Passed""},{""id"":""ethnicity_simplified"",""name"":""Ethnicity simplified"",""value"":""White""},{""id"":""country_of_birth"",""name"":""Country of birth"",""value"":""United States""},{""id"":""nationality"",""name"":""Nationality"",""value"":""United States""},{""id"":""language"",""name"":""Language"",""value"":""English""},{""id"":""student_status"",""name"":""Student status"",""value"":""No""},{""id"":""employment_status"",""name"":""Employment status"",""value"":""Full-Time""}]}",complete,GB,en,orchestra
2e70b073-701f-544c-a0a2-65710f5108af,prolific,1b2954d9-ffe9-583e-a763-d925ee5cb112,bb0f1ef6d4b6a649e75b0bea30f7ed986f2f19391793dcccc2886bc529b87308,fd46880498,unbookmarked,61,United States,Female,"{""panel_metadata"":{""status"":""AWAITING REVIEW"",""started_at"":""2025-11-05T20:50:24.235000Z"",""time_taken"":4599,""archived_at"":""2025-11-05T22:30:53.056023Z"",""completed_at"":""2025-11-05T22:07:02.490000Z"",""participant_id"":""66ac261efa487682e38c3024"",""completion_code"":""FDC0MPL3T3"",""total_approvals"":1455,""custom_study_tncs_accepted_at"":""Not Applicable""},""extra_profiling_fields"":[{""id"":""gender"",""name"":""Gender"",""value"":""Woman (including Trans Female/Trans Woman)""},{""id"":""llm_detection_result"",""name"":""Llm detection result"",""value"":""Passed""},{""id"":""ethnicity_simplified"",""name"":""Ethnicity simplified"",""value"":""White""},{""id"":""country_of_birth"",""name"":""Country of birth"",""value"":""United States""},{""id"":""nationality"",""name"":""Nationality"",""value"":""United States""},{""id"":""language"",""name"":""Language"",""value"":""English""}]}",complete,GB,en,orchestra
2e70b073-701f-544c-a0a2-65710f5108af,prolific,42bfb326-cebb-5c66-80e9-1fc531a91ce8,0965d382dac2de42bc9be00f34a5ea5a26b07166c44179827e539d0dcdcac2d3,fd61585259,unbookmarked,67,United States,Female,"{""panel_metadata"":{""status"":""AWAITING REVIEW"",""started_at"":""2025-11-05T12:52:53.454000Z"",""time_taken"":2559,""archived_at"":""2025-11-05T13:35:32.192144Z"",""completed_at"":""2025-11-05T13:35:31.778000Z"",""participant_id"":""6369700320bc7dd22e733009"",""completion_code"":""FDC0MPL3T3"",""total_approvals"":8415,""custom_study_tncs_accepted_at"":""Not Applicable""},""extra_profiling_fields"":[{""id"":""gender"",""name"":""Gender"",""value"":""Woman (including Trans Female/Trans Woman)""},{""id"":""llm_detection_result"",""name"":""Llm detection result"",""value"":""Passed""},{""id"":""ethnicity_simplified"",""name"":""Ethnicity simplified"",""value"":""White""},{""id"":""country_of_birth"",""name"":""Country of birth"",""value"":""United States""},{""id"":""nationality"",""name"":""Nationality"",""value"":""United States""},{""id"":""language"",""name"":""Language"",""value"":""English""},{""id"":""student_status"",""name"":""Student status"",""value"":""No""},{""id"":""employment_status"",""name"":""Employment status"",""value"":""Not in paid work (e.g. homemaker', 'retired or disabled)""}]}",complete,GB,en,orchestra
2e70b073-701f-544c-a0a2-65710f5108af,prolific,c26038d5-b9a7-5c7e-9c2c-3254eda96d22,9058d510a33094d2184f88fa7ca2cd4c5c98281aa2e9b8f657bfec6b87bd2846,fd70630380,unbookmarked,55,United States,Female,"{""panel_metadata"":{""status"":""AWAITING REVIEW"",""started_at"":""2025-11-05T22:16:44.100000Z"",""time_taken"":3874,""archived_at"":""2025-11-05T23:21:18.209439Z"",""completed_at"":""2025-11-05T23:21:17.575000Z"",""participant_id"":""67ed9a852acc297ce08a0b83"",""completion_code"":""FDC0MPL3T3"",""total_approvals"":1614,""custom_study_tncs_accepted_at"":""Not Applicable""},""extra_profiling_fields"":[{""id"":""gender"",""name"":""Gender"",""value"":""Woman (including Trans Female/Trans Woman)""},{""id"":""llm_detection_result"",""name"":""Llm detection result"",""value"":""Passed""},{""id"":""ethnicity_simplified"",""name"":""Ethnicity simplified"",""value"":""Black""},{""id"":""country_of_birth"",""name"":""Country of birth"",""value"":""United States""},{""id"":""nationality"",""name"":""Nationality"",""value"":""United States""},{""id"":""language"",""name"":""Language"",""value"":""English""},{""id"":""student_status"",""name"":""Student status"",""value"":""No""},{""id"":""employment_status"",""name"":""Employment status"",""value"":""Part-Time""}]}",complete,GB,en,orchestra
2e70b073-701f-544c-a0a2-65710f5108af,prolific,fb4bc028-fe1f-57b0-aa8c-6c6c20708dfe,eb30cfd4223a67d18a20e7a0371b65bbd84feb83b6436b8a49058a8aa270fd4b,fd59210251,unbookmarked,40,United States,Female,"{""panel_metadata"":{""status"":""AWAITING REVIEW"",""started_at"":""2025-11-05T12:36:04.873000Z"",""time_taken"":4608,""archived_at"":""2025-11-05T13:52:52.746715Z"",""completed_at"":""2025-11-05T13:52:52.336000Z"",""participant_id"":""58635484a73baa00010db537"",""completion_code"":""FDC0MPL3T3"",""total_approvals"":3174,""custom_study_tncs_accepted_at"":""Not Applicable""},""extra_profiling_fields"":[{""id"":""gender"",""name"":""Gender"",""value"":""Woman (including Trans Female/Trans Woman)""},{""id"":""llm_detection_result"",""name"":""Llm detection result"",""value"":""Passed""},{""id"":""ethnicity_simplified"",""name"":""Ethnicity simplified"",""value"":""White""},{""id"":""country_of_birth"",""name"":""Country of birth"",""value"":""United States""},{""id"":""nationality"",""name"":""Nationality"",""value"":""United States""},{""id"":""language"",""name"":""Language"",""value"":""English""},{""id"":""student_status"",""name"":""Student status"",""value"":""No""},{""id"":""employment_status"",""name"":""Employment status"",""value"":""Full-Time""}]}",complete,GB,en,orchestra
4f1e7c19-33f8-5220-8644-e8d10e486678,fd,8bfeb16c-c34a-418c-8327-3d1cb8c63a05,472708f43c7598a3779396a5443ee50c08e31a8af1465ab1ba6797e869453581,fd5688339841,unbookmarked,,,,,complete,GB,en,orchestra
2e70b073-701f-544c-a0a2-65710f5108af,prolific,601ed1ca-78e2-5724-902a-a8d0350a42cc,a15730e62e27091f1143dbfff7ba1f6e7833d80ea71023b6e08cec3d4e855c8a,fd64509590,unbookmarked,44,United States,Female,"{""panel_metadata"":{""status"":""AWAITING REVIEW"",""started_at"":""2025-11-05T13:11:46.486000Z"",""time_taken"":1356,""archived_at"":""2025-11-05T13:34:21.992078Z"",""completed_at"":""2025-11-05T13:34:21.607000Z"",""participant_id"":""65e32297c34ae3a8c3e3b1c2"",""completion_code"":""FDC0MPL3T3"",""total_approvals"":1731,""custom_study_tncs_accepted_at"":""Not Applicable""},""extra_profiling_fields"":[{""id"":""gender"",""name"":""Gender"",""value"":""Woman (including Trans Female/Trans Woman)""},{""id"":""llm_detection_result"",""name"":""Llm detection result"",""value"":""Passed""},{""id"":""ethnicity_simplified"",""name"":""Ethnicity simplified"",""value"":""White""},{""id"":""country_of_birth"",""name"":""Country of birth"",""value"":""United States""},{""id"":""nationality"",""name"":""Nationality"",""value"":""United States""},{""id"":""language"",""name"":""Language"",""value"":""English""},{""id"":""student_status"",""name"":""Student status"",""value"":""No""},{""id"":""employment_status"",""name"":""Employment status"",""value"":""Part-Time""}]}",complete,GB,en,orchestra
2e70b073-701f-544c-a0a2-65710f5108af,prolific,ee1b1296-4aad-545e-96b6-692204262b2f,611c907ab32226effbd8c00e6333716de18b1e77d073abd0287b535bbd600718,fd53042543,unbookmarked,40,United States,Female,"{""panel_metadata"":{""status"":""AWAITING REVIEW"",""started_at"":""2025-11-05T12:23:15.232000Z"",""time_taken"":2314,""archived_at"":""2025-11-05T13:01:49.511759Z"",""completed_at"":""2025-11-05T13:01:49.084000Z"",""participant_id"":""684a12ce6791bc422c72abbb"",""completion_code"":""FDC0MPL3T3"",""total_approvals"":1444,""custom_study_tncs_accepted_at"":""Not Applicable""},""extra_profiling_fields"":[{""id"":""gender"",""name"":""Gender"",""value"":""Woman (including Trans Female/Trans Woman)""},{""id"":""llm_detection_result"",""name"":""Llm detection result"",""value"":""Passed""},{""id"":""ethnicity_simplified"",""name"":""Ethnicity simplified"",""value"":""White""},{""id"":""country_of_birth"",""name"":""Country of birth"",""value"":""United States""},{""id"":""nationality"",""name"":""Nationality"",""value"":""United States""},{""id"":""language"",""name"":""Language"",""value"":""English""},{""id"":""student_status"",""name"":""Student status"",""value"":""No""},{""id"":""employment_status"",""name"":""Employment status"",""value"":""Part-Time""}]}",complete,GB,en,orchestra
2e70b073-701f-544c-a0a2-65710f5108af,prolific,a67f3d0c-7eee-55b6-bb3e-de2c1024ca3e,752712d5db3451a165b59af22ec70b6318dabd7beda9211a5305998d6b4a0985,fd19591779,unbookmarked,28,United States,Female,"{""panel_metadata"":{""status"":""AWAITING REVIEW"",""started_at"":""2025-11-05T20:50:58.850000Z"",""time_taken"":1780,""archived_at"":""2025-11-05T21:20:38.615917Z"",""completed_at"":""2025-11-05T21:20:38.233000Z"",""participant_id"":""60ff7c8f4f066ccf6fe05587"",""completion_code"":""FDC0MPL3T3"",""total_approvals"":1927,""custom_study_tncs_accepted_at"":""Not Applicable""},""extra_profiling_fields"":[{""id"":""gender"",""name"":""Gender"",""value"":""Woman (including Trans Female/Trans Woman)""},{""id"":""llm_detection_result"",""name"":""Llm detection result"",""value"":""Passed""},{""id"":""ethnicity_simplified"",""name"":""Ethnicity simplified"",""value"":""White""},{""id"":""country_of_birth"",""name"":""Country of birth"",""value"":""United States""},{""id"":""nationality"",""name"":""Nationality"",""value"":""United States""},{""id"":""language"",""name"":""Language"",""value"":""English""},{""id"":""student_status"",""name"":""Student status"",""value"":""No""},{""id"":""employment_status"",""name"":""Employment status"",""value"":""Full-Time""}]}",complete,GB,en,orchestra
2e70b073-701f-544c-a0a2-65710f5108af,prolific,56c39949-c7df-50f9-b0da-ed0c8fb1290c,016e492754e5e133007792d9e82d1442c3bb168da79d7df6bde2d649c8e05480,fd52256417,unbookmarked,38,United States,Female,"{""panel_metadata"":{""status"":""AWAITING REVIEW"",""started_at"":""2025-11-05T12:24:56Z"",""time_taken"":2331,""archived_at"":""2025-11-05T13:03:46.482819Z"",""completed_at"":""2025-11-05T13:03:46.101000Z"",""participant_id"":""67463480327b48a3f1380669"",""completion_code"":""FDC0MPL3T3"",""total_approvals"":1570,""custom_study_tncs_accepted_at"":""Not Applicable""},""extra_profiling_fields"":[{""id"":""gender"",""name"":""Gender"",""value"":""Woman (including Trans Female/Trans Woman)""},{""id"":""llm_detection_result"",""name"":""Llm detection result"",""value"":""Passed""},{""id"":""ethnicity_simplified"",""name"":""Ethnicity simplified"",""value"":""Other""},{""id"":""country_of_birth"",""name"":""Country of birth"",""value"":""United States""},{""id"":""nationality"",""name"":""Nationality"",""value"":""Puerto Rico""},{""id"":""language"",""name"":""Language"",""value"":""English""},{""id"":""student_status"",""name"":""Student status"",""value"":""No""},{""id"":""employment_status"",""name"":""Employment status"",""value"":""Not in paid work (e.g. homemaker', 'retired or disabled)""}]}",complete,GB,en,orchestra
2e70b073-701f-544c-a0a2-65710f5108af,prolific,5715cbc2-20bf-5232-929c-cb8158a9c2ee,f0d5e7d274824975ea959ee22679316bcdfd5ecc18b820dfa293333dcde44eae,fd09996528,unbookmarked,36,United States,Female,"{""panel_metadata"":{""status"":""AWAITING REVIEW"",""started_at"":""2025-11-05T12:00:38.369000Z"",""time_taken"":4433,""archived_at"":""2025-11-05T13:14:31.289698Z"",""completed_at"":""2025-11-05T13:14:30.916000Z"",""participant_id"":""5fd393664d8c020163cb3ef2"",""completion_code"":""FDC0MPL3T3"",""total_approvals"":659,""custom_study_tncs_accepted_at"":""Not Applicable""},""extra_profiling_fields"":[{""id"":""gender"",""name"":""Gender"",""value"":""Woman (including Trans Female/Trans Woman)""},{""id"":""llm_detection_result"",""name"":""Llm detection result"",""value"":""Passed""},{""id"":""ethnicity_simplified"",""name"":""Ethnicity simplified"",""value"":""Asian""},{""id"":""country_of_birth"",""name"":""Country of birth"",""value"":""United States""},{""id"":""nationality"",""name"":""Nationality"",""value"":""United States""},{""id"":""language"",""name"":""Language"",""value"":""English""},{""id"":""student_status"",""name"":""Student status"",""value"":""No""},{""id"":""employment_status"",""name"":""Employment status"",""value"":""Full-Time""}]}",complete,GB,en,orchestra
2e70b073-701f-544c-a0a2-65710f5108af,prolific,ede0fac0-50cb-521f-bc93-fda5bf80b227,22075e501a7cf9454c5962f49890e2a854cee32665b66734b28c36b537b2284a,fd83813012,unbookmarked,49,United States,Female,"{""panel_metadata"":{""status"":""AWAITING REVIEW"",""started_at"":""2025-11-05T12:29:41.091000Z"",""time_taken"":3901,""archived_at"":""2025-11-05T13:34:41.552902Z"",""completed_at"":""2025-11-05T13:34:41.193000Z"",""participant_id"":""683cbc0c0c2d722831c8bc17"",""completion_code"":""FDC0MPL3T3"",""total_approvals"":507,""custom_study_tncs_accepted_at"":""Not Applicable""},""extra_profiling_fields"":[{""id"":""gender"",""name"":""Gender"",""value"":""Woman (including Trans Female/Trans Woman)""},{""id"":""llm_detection_result"",""name"":""Llm detection result"",""value"":""Passed""},{""id"":""ethnicity_simplified"",""name"":""Ethnicity simplified"",""value"":""White""},{""id"":""country_of_birth"",""name"":""Country of birth"",""value"":""United States""},{""id"":""nationality"",""name"":""Nationality"",""value"":""United States""},{""id"":""language"",""name"":""Language"",""value"":""English""},{""id"":""student_status"",""name"":""Student status"",""value"":""No""},{""id"":""employment_status"",""name"":""Employment status"",""value"":""Part-Time""}]}",complete,GB,en,orchestra
4f1e7c19-33f8-5220-8644-e8d10e486678,fd,335b8c46-2954-4a80-aa55-7e276ebd7171,e4b2749c3425481bfc008dad97720ad7a1be4937163ca02a15279a5d27bb61d4,fd6617488852,unbookmarked,,,,,complete,GB,en,orchestra
2e70b073-701f-544c-a0a2-65710f5108af,prolific,0fd85a7f-70f7-50bc-88b1-749e58e84d45,246222953839ceec229eed81ee03ce6c92ea3a37fcccd62443029fe6f0e72b71,fd32502590,unbookmarked,43,United States,Female,"{""panel_metadata"":{""status"":""AWAITING REVIEW"",""started_at"":""2025-11-05T20:50:04.004000Z"",""time_taken"":1768,""archived_at"":""2025-11-05T21:19:32.340330Z"",""completed_at"":""2025-11-05T21:19:31.958000Z"",""participant_id"":""65580d5390cf8ad4f22ed9f7"",""completion_code"":""FDC0MPL3T3"",""total_approvals"":111,""custom_study_tncs_accepted_at"":""Not Applicable""},""extra_profiling_fields"":[{""id"":""gender"",""name"":""Gender"",""value"":""Woman (including Trans Female/Trans Woman)""},{""id"":""llm_detection_result"",""name"":""Llm detection result"",""value"":""Passed""},{""id"":""ethnicity_simplified"",""name"":""Ethnicity simplified"",""value"":""White""},{""id"":""country_of_birth"",""name"":""Country of birth"",""value"":""United States""},{""id"":""nationality"",""name"":""Nationality"",""value"":""United States""},{""id"":""language"",""name"":""Language"",""value"":""English""},{""id"":""student_status"",""name"":""Student status"",""value"":""No""},{""id"":""employment_status"",""name"":""Employment status"",""value"":""Unemployed (and job seeking)""}]}",complete,GB,en,orchestra
2e70b073-701f-544c-a0a2-65710f5108af,prolific,a32d4b92-a21f-5f37-9399-0a831f6702ab,2f600851bfe0924bdc54c5feb5757ef1d9ad61a2f508f38f69f93f25ce73ad26,fd03115215,unbookmarked,20,United States,Female,"{""panel_metadata"":{""status"":""AWAITING REVIEW"",""started_at"":""2025-11-05T13:01:00.480000Z"",""time_taken"":1514,""archived_at"":""2025-11-05T13:26:14.594090Z"",""completed_at"":""2025-11-05T13:26:14.206000Z"",""participant_id"":""65f5cbcd2324b8dd6f3ff42d"",""completion_code"":""FDC0MPL3T3"",""total_approvals"":3161,""custom_study_tncs_accepted_at"":""Not Applicable""},""extra_profiling_fields"":[{""id"":""gender"",""name"":""Gender"",""value"":""Woman (including Trans Female/Trans Woman)""},{""id"":""llm_detection_result"",""name"":""Llm detection result"",""value"":""Passed""},{""id"":""ethnicity_simplified"",""name"":""Ethnicity simplified"",""value"":""Asian""},{""id"":""country_of_birth"",""name"":""Country of birth"",""value"":""United States""},{""id"":""nationality"",""name"":""Nationality"",""value"":""United States""},{""id"":""language"",""name"":""Language"",""value"":""English""},{""id"":""student_status"",""name"":""Student status"",""value"":""Yes""},{""id"":""employment_status"",""name"":""Employment status"",""value"":""Part-Time""}]}",complete,GB,en,orchestra
2e70b073-701f-544c-a0a2-65710f5108af,prolific,4c7d76ff-b891-5a74-9e08-2e7cb17147fe,9eae8dbd0a2d36b7a2d29178e421b31df7b8e34b2aef3e717f265a3114509722,fd89854174,unbookmarked,25,United States,Female,"{""panel_metadata"":{""status"":""AWAITING REVIEW"",""started_at"":""2025-11-05T20:49:17.641000Z"",""time_taken"":5446,""archived_at"":""2025-11-05T22:20:03.092739Z"",""completed_at"":""2025-11-05T22:20:02.670000Z"",""participant_id"":""670da3fd0b8a2f7a542a2b24"",""completion_code"":""FDC0MPL3T3"",""total_approvals"":1686,""custom_study_tncs_accepted_at"":""Not Applicable""},""extra_profiling_fields"":[{""id"":""gender"",""name"":""Gender"",""value"":""Woman (including Trans Female/Trans Woman)""},{""id"":""llm_detection_result"",""name"":""Llm detection result"",""value"":""Passed""},{""id"":""ethnicity_simplified"",""name"":""Ethnicity simplified"",""value"":""White""},{""id"":""country_of_birth"",""name"":""Country of birth"",""value"":""United States""},{""id"":""nationality"",""name"":""Nationality"",""value"":""United States""},{""id"":""language"",""name"":""Language"",""value"":""English""},{""id"":""student_status"",""name"":""Student status"",""value"":""No""},{""id"":""employment_status"",""name"":""Employment status"",""value"":""Full-Time""}]}",complete,GB,en,orchestra
2e70b073-701f-544c-a0a2-65710f5108af,prolific,bf567307-6bcd-5a96-805c-0b0746fb9d7e,a3d73032bffeb39d95013b84456c871ffcdc81aa52250e8ed23e8efdb518ac63,fd80972452,unbookmarked,52,United States,Female,"{""panel_metadata"":{""status"":""AWAITING REVIEW"",""started_at"":""2025-11-05T13:05:26.154000Z"",""time_taken"":1976,""archived_at"":""2025-11-05T13:38:22.306623Z"",""completed_at"":""2025-11-05T13:38:21.782000Z"",""participant_id"":""65cb586a1166caf7eb546dda"",""completion_code"":""FDC0MPL3T3"",""total_approvals"":5860,""custom_study_tncs_accepted_at"":""Not Applicable""},""extra_profiling_fields"":[{""id"":""gender"",""name"":""Gender"",""value"":""Woman (including Trans Female/Trans Woman)""},{""id"":""llm_detection_result"",""name"":""Llm detection result"",""value"":""Passed""},{""id"":""ethnicity_simplified"",""name"":""Ethnicity simplified"",""value"":""Asian""},{""id"":""country_of_birth"",""name"":""Country of birth"",""value"":""United States""},{""id"":""nationality"",""name"":""Nationality"",""value"":""United States""},{""id"":""language"",""name"":""Language"",""value"":""English""},{""id"":""student_status"",""name"":""Student status"",""value"":""No""},{""id"":""employment_status"",""name"":""Employment status"",""value"":""Full-Time""}]}",complete,GB,en,orchestra
2e70b073-701f-544c-a0a2-65710f5108af,prolific,de96af12-4d8c-581a-a099-a327228e5f2b,6373f563aae034f57cdf5a774940f9e488dd683cdb223f5bd628c956811a6a04,fd11902074,unbookmarked,72,United States,Female,"{""panel_metadata"":{""status"":""AWAITING REVIEW"",""started_at"":""2025-11-05T12:03:29.210000Z"",""time_taken"":7812,""archived_at"":""2025-11-05T14:13:41.331016Z"",""completed_at"":""2025-11-05T14:13:40.936000Z"",""participant_id"":""678e6eb7170e3a5da7c4ab91"",""completion_code"":""FDC0MPL3T3"",""total_approvals"":4545,""custom_study_tncs_accepted_at"":""Not Applicable""},""extra_profiling_fields"":[{""id"":""gender"",""name"":""Gender"",""value"":""Woman (including Trans Female/Trans Woman)""},{""id"":""llm_detection_result"",""name"":""Llm detection result"",""value"":""Passed""},{""id"":""ethnicity_simplified"",""name"":""Ethnicity simplified"",""value"":""White""},{""id"":""country_of_birth"",""name"":""Country of birth"",""value"":""United States""},{""id"":""nationality"",""name"":""Nationality"",""value"":""United States""},{""id"":""language"",""name"":""Language"",""value"":""English""},{""id"":""student_status"",""name"":""Student status"",""value"":""No""},{""id"":""employment_status"",""name"":""Employment status"",""value"":""Part-Time""}]}",complete,GB,en,orchestra
4f1e7c19-33f8-5220-8644-e8d10e486678,fd,56a08ac0-cb7a-4511-8379-b80c7c2c0765,ab5ac4533e44e9e130db2a4ce73c0bd0fe596581046128cdfcbf4f12fcd8462e,fd2979499566,unbookmarked,,,,,complete,GB,en,orchestra
2e70b073-701f-544c-a0a2-65710f5108af,prolific,2d89475d-2f19-5148-8fbe-ef86d883323b,3a86953751728eed237437a80f733457bd79adb9cd85a06ff434362738839e75,fd97266026,unbookmarked,42,United States,Female,"{""panel_metadata"":{""status"":""AWAITING REVIEW"",""started_at"":""2025-11-05T20:49:42.726000Z"",""time_taken"":2404,""archived_at"":""2025-11-05T21:29:46.810826Z"",""completed_at"":""2025-11-05T21:29:46.368000Z"",""participant_id"":""66ec97cc686d6f6628ce4824"",""completion_code"":""FDC0MPL3T3"",""total_approvals"":2362,""custom_study_tncs_accepted_at"":""Not Applicable""},""extra_profiling_fields"":[{""id"":""gender"",""name"":""Gender"",""value"":""Woman (including Trans Female/Trans Woman)""},{""id"":""llm_detection_result"",""name"":""Llm detection result"",""value"":""Passed""},{""id"":""ethnicity_simplified"",""name"":""Ethnicity simplified"",""value"":""White""},{""id"":""country_of_birth"",""name"":""Country of birth"",""value"":""United States""},{""id"":""nationality"",""name"":""Nationality"",""value"":""United States""},{""id"":""language"",""name"":""Language"",""value"":""English""},{""id"":""student_status"",""name"":""Student status"",""value"":""No""},{""id"":""employment_status"",""name"":""Employment status"",""value"":""Full-Time""}]}",complete,GB,en,orchestra
23975543-0e18-5523-a656-8690848cad86,prolific,9db4163a-cde4-56cb-98cc-5b27bd7bd1f4,395782fcf119fbe6edd71f072c007bc4d6022f6886085ad8aa46b06de01308fe,fd07810829,unbookmarked,20,France,Female,"{""panel_metadata"":{""status"":""AWAITING REVIEW"",""started_at"":""2026-01-19T20:10:05.446000Z"",""time_taken"":2126,""archived_at"":""2026-01-19T20:45:30.960365Z"",""completed_at"":""2026-01-19T20:45:30.528000Z"",""participant_id"":""693c7677dba15b50a00241b7"",""completion_code"":""FDC0MPL3T3"",""total_approvals"":12,""custom_study_tncs_accepted_at"":""Not Applicable""},""extra_profiling_fields"":[{""id"":""gender"",""name"":""Gender"",""value"":""Woman (including Trans Female/Trans Woman)""},{""id"":""ethnicity_simplified"",""name"":""Ethnicity simplified"",""value"":""White""},{""id"":""country_of_birth"",""name"":""Country of birth"",""value"":""France""},{""id"":""nationality"",""name"":""Nationality"",""value"":""France""},{""id"":""language"",""name"":""Language"",""value"":""French""},{""id"":""student_status"",""name"":""Student status"",""value"":""Yes""},{""id"":""employment_status"",""name"":""Employment status"",""value"":""Unemployed (and job seeking)""}]}",complete,FR,fr,orchestra
23975543-0e18-5523-a656-8690848cad86,prolific,7c2d2a93-1409-5d68-8e19-efea55ab64ac,605ccab4a40769099d7b8f96d4ea58fe8554e6e3c303dacc9bbf003cec0abd25,fd48596467,unbookmarked,21,France,Female,"{""panel_metadata"":{""status"":""AWAITING REVIEW"",""started_at"":""2026-01-19T16:49:47.523000Z"",""time_taken"":6155,""archived_at"":""2026-01-19T18:32:22.001537Z"",""completed_at"":""2026-01-19T18:32:21.640000Z"",""participant_id"":""6931f98c98d981044634a157"",""completion_code"":""FDC0MPL3T3"",""total_approvals"":20,""custom_study_tncs_accepted_at"":""Not Applicable""},""extra_profiling_fields"":[{""id"":""gender"",""name"":""Gender"",""value"":""Woman (including Trans Female/Trans Woman)""},{""id"":""ethnicity_simplified"",""name"":""Ethnicity simplified"",""value"":""Asian""},{""id"":""country_of_birth"",""name"":""Country of birth"",""value"":""France""},{""id"":""nationality"",""name"":""Nationality"",""value"":""France""},{""id"":""language"",""name"":""Language"",""value"":""French""},{""id"":""student_status"",""name"":""Student status"",""value"":""Yes""},{""id"":""employment_status"",""name"":""Employment status"",""value"":""Other""}]}",complete,FR,fr,orchestra
23975543-0e18-5523-a656-8690848cad86,prolific,d7a7d681-ecb1-5d5c-8ffb-be5c8ea16cdb,af84c5aef748aff9444217c3a4073341bb76ef942b230d682b4115981ef73ee2,fd09670591,unbookmarked,24,France,Female,"{""panel_metadata"":{""status"":""AWAITING REVIEW"",""started_at"":""2026-01-19T15:22:30.216000Z"",""time_taken"":2982,""archived_at"":""2026-01-19T16:12:11.924253Z"",""completed_at"":""2026-01-19T16:12:11.558000Z"",""participant_id"":""68248e1897c2c045e8f73698"",""completion_code"":""FDC0MPL3T3"",""total_approvals"":21,""custom_study_tncs_accepted_at"":""Not Applicable""},""extra_profiling_fields"":[{""id"":""gender"",""name"":""Gender"",""value"":""Woman (including Trans Female/Trans Woman)""},{""id"":""ethnicity_simplified"",""name"":""Ethnicity simplified"",""value"":""White""},{""id"":""country_of_birth"",""name"":""Country of birth"",""value"":""France""},{""id"":""nationality"",""name"":""Nationality"",""value"":""France""},{""id"":""language"",""name"":""Language"",""value"":""French""},{""id"":""student_status"",""name"":""Student status"",""value"":""Yes""},{""id"":""employment_status"",""name"":""Employment status"",""value"":""Unemployed (and job seeking)""}]}",complete,FR,fr,orchestra
23975543-0e18-5523-a656-8690848cad86,prolific,7c2c4fd7-2932-5ad9-91d8-5e820d0c05a8,22891ee6ba0b5cc6c5f2a6afced317a1d223cdae02ac97b64bea7181de7ea310,fd37960100,unbookmarked,22,France,Female,"{""panel_metadata"":{""status"":""AWAITING REVIEW"",""started_at"":""2026-01-19T17:29:41.297000Z"",""time_taken"":3000,""archived_at"":""2026-01-19T18:19:41.039061Z"",""completed_at"":""2026-01-19T18:19:40.694000Z"",""participant_id"":""660188007e0864156301b605"",""completion_code"":""FDC0MPL3T3"",""total_approvals"":86,""custom_study_tncs_accepted_at"":""Not Applicable""},""extra_profiling_fields"":[{""id"":""gender"",""name"":""Gender"",""value"":""Woman (including Trans Female/Trans Woman)""},{""id"":""ethnicity_simplified"",""name"":""Ethnicity simplified"",""value"":""White""},{""id"":""country_of_birth"",""name"":""Country of birth"",""value"":""France""},{""id"":""nationality"",""name"":""Nationality"",""value"":""France""},{""id"":""language"",""name"":""Language"",""value"":""French""},{""id"":""student_status"",""name"":""Student status"",""value"":""Yes""},{""id"":""employment_status"",""name"":""Employment status"",""value"":""Other""}]}",complete,FR,fr,orchestra
23975543-0e18-5523-a656-8690848cad86,prolific,1eb3d26a-1015-581b-ae22-75e39406a85e,a984b67627a27fa8564865d304d10cb55d800dfa1fb3dffa3de09912bfc6ccfa,fd72489128,unbookmarked,24,France,Female,"{""panel_metadata"":{""status"":""AWAITING REVIEW"",""started_at"":""2026-01-20T11:00:15.292000Z"",""time_taken"":3246,""archived_at"":""2026-01-20T11:54:21.562995Z"",""completed_at"":""2026-01-20T11:54:21.221000Z"",""participant_id"":""61018f718a8e893a7b3627e3"",""completion_code"":""FDC0MPL3T3"",""total_approvals"":721,""custom_study_tncs_accepted_at"":""Not Applicable""},""extra_profiling_fields"":[{""id"":""gender"",""name"":""Gender"",""value"":""Woman (including Trans Female/Trans Woman)""},{""id"":""ethnicity_simplified"",""name"":""Ethnicity simplified"",""value"":""White""},{""id"":""country_of_birth"",""name"":""Country of birth"",""value"":""France""},{""id"":""nationality"",""name"":""Nationality"",""value"":""France""},{""id"":""language"",""name"":""Language"",""value"":""French""},{""id"":""student_status"",""name"":""Student status"",""value"":""Yes""},{""id"":""employment_status"",""name"":""Employment status"",""value"":""Part-Time""}]}",complete,FR,fr,orchestra
23975543-0e18-5523-a656-8690848cad86,prolific,163a0a92-49a3-5af1-af9b-aedd31ee1962,5f99d9ff82a5ac6c34051b0b99dc325d65a1143eea47e4b9edc093cf75fe1ead,fd28205554,unbookmarked,24,France,Female,"{""panel_metadata"":{""status"":""AWAITING REVIEW"",""started_at"":""2026-01-20T09:15:24.069000Z"",""time_taken"":2591,""archived_at"":""2026-01-20T09:58:35.422890Z"",""completed_at"":""2026-01-20T09:58:35.068000Z"",""participant_id"":""66015383c4683f8eb958d11e"",""completion_code"":""FDC0MPL3T3"",""total_approvals"":251,""custom_study_tncs_accepted_at"":""Not Applicable""},""extra_profiling_fields"":[{""id"":""gender"",""name"":""Gender"",""value"":""Woman (including Trans Female/Trans Woman)""},{""id"":""ethnicity_simplified"",""name"":""Ethnicity simplified"",""value"":""White""},{""id"":""country_of_birth"",""name"":""Country of birth"",""value"":""France""},{""id"":""nationality"",""name"":""Nationality"",""value"":""France""},{""id"":""language"",""name"":""Language"",""value"":""French""}]}",complete,FR,fr,orchestra
23975543-0e18-5523-a656-8690848cad86,prolific,d5390444-b2b3-51d7-89ae-959e4037fa2c,1a75aa6ec64996ad8313f623c56393e98ba29eb14b3cdb4dbbfe9e4a9a6087c0,fd90774107,unbookmarked,24,France,Female,"{""panel_metadata"":{""status"":""AWAITING REVIEW"",""started_at"":""2026-01-20T15:16:49.641000Z"",""time_taken"":4934,""archived_at"":""2026-01-20T16:43:41.974728Z"",""completed_at"":""2026-01-20T16:39:02.681000Z"",""participant_id"":""66b9c2c6322beb9b8eda5050"",""completion_code"":""FDC0MPL3T3"",""total_approvals"":87,""custom_study_tncs_accepted_at"":""Not Applicable""},""extra_profiling_fields"":[{""id"":""gender"",""name"":""Gender"",""value"":""Woman (including Trans Female/Trans Woman)""},{""id"":""ethnicity_simplified"",""name"":""Ethnicity simplified"",""value"":""White""},{""id"":""country_of_birth"",""name"":""Country of birth"",""value"":""Morocco""},{""id"":""nationality"",""name"":""Nationality"",""value"":""Morocco""},{""id"":""language"",""name"":""Language"",""value"":""Arabic""},{""id"":""employment_status"",""name"":""Employment status"",""value"":""Unemployed (and job seeking)""}]}",complete,FR,fr,orchestra
23975543-0e18-5523-a656-8690848cad86,prolific,80ec1c5a-7bb3-5afc-8212-92ec416335d7,07debac12ad68e06663e2c7295ac938073894bc2a94187c0ae2be413511544a2,fd82027662,unbookmarked,22,France,Female,"{""panel_metadata"":{""status"":""AWAITING REVIEW"",""started_at"":""2026-01-20T17:02:23.689000Z"",""time_taken"":2593,""archived_at"":""2026-01-20T17:45:37.271599Z"",""completed_at"":""2026-01-20T17:45:36.333000Z"",""participant_id"":""6486095a473feb3d3607d3de"",""completion_code"":""FDC0MPL3T3"",""total_approvals"":487,""custom_study_tncs_accepted_at"":""Not Applicable""},""extra_profiling_fields"":[{""id"":""gender"",""name"":""Gender"",""value"":""Woman (including Trans Female/Trans Woman)""},{""id"":""ethnicity_simplified"",""name"":""Ethnicity simplified"",""value"":""White""},{""id"":""country_of_birth"",""name"":""Country of birth"",""value"":""France""},{""id"":""nationality"",""name"":""Nationality"",""value"":""France""},{""id"":""language"",""name"":""Language"",""value"":""French""},{""id"":""student_status"",""name"":""Student status"",""value"":""Yes""},{""id"":""employment_status"",""name"":""Employment status"",""value"":""Part-Time""}]}",complete,FR,fr,orchestra
23975543-0e18-5523-a656-8690848cad86,prolific,0c85fefc-db09-53ab-990a-d5d9942234c0,d6dda7f022421c7830965c31b9fc380687714c8f5f65693e512d59b88f0ca9cd,fd20659604,unbookmarked,19,France,Female,"{""panel_metadata"":{""status"":""AWAITING REVIEW"",""started_at"":""2026-01-20T20:33:36.260000Z"",""time_taken"":2091,""archived_at"":""2026-01-20T21:08:59.055122Z"",""completed_at"":""2026-01-20T21:08:26.265000Z"",""participant_id"":""692929f0e71308c087b32ce4"",""completion_code"":""FDC0MPL3T3"",""total_approvals"":12,""custom_study_tncs_accepted_at"":""Not Applicable""},""extra_profiling_fields"":[{""id"":""gender"",""name"":""Gender"",""value"":""Woman (including Trans Female/Trans Woman)""},{""id"":""ethnicity_simplified"",""name"":""Ethnicity simplified"",""value"":""Mixed""},{""id"":""country_of_birth"",""name"":""Country of birth"",""value"":""France""},{""id"":""nationality"",""name"":""Nationality"",""value"":""France""},{""id"":""language"",""name"":""Language"",""value"":""French""},{""id"":""student_status"",""name"":""Student status"",""value"":""Yes""},{""id"":""employment_status"",""name"":""Employment status"",""value"":""Unemployed (and job seeking)""}]}",complete,FR,fr,orchestra
23975543-0e18-5523-a656-8690848cad86,prolific,d96ff25a-dfe2-5fbf-bf06-dc1a5dc8a08b,760013845078f31d8cfb8c53e02f96e3ea2a91c063f74ced35bce0987b830673,fd91461275,unbookmarked,25,France,Female,"{""panel_metadata"":{""status"":""AWAITING REVIEW"",""started_at"":""2026-01-15T13:45:45.121000Z"",""time_taken"":3945,""archived_at"":""2026-01-15T14:51:29.936328Z"",""completed_at"":""2026-01-15T14:51:29.550000Z"",""participant_id"":""6928b6536724b13c6570dac1"",""completion_code"":""FDC0MPL3T3"",""total_approvals"":133,""custom_study_tncs_accepted_at"":""Not Applicable""},""extra_profiling_fields"":[{""id"":""gender"",""name"":""Gender"",""value"":""Woman (including Trans Female/Trans Woman)""},{""id"":""ethnicity_simplified"",""name"":""Ethnicity simplified"",""value"":""Mixed""},{""id"":""country_of_birth"",""name"":""Country of birth"",""value"":""France""},{""id"":""nationality"",""name"":""Nationality"",""value"":""France""},{""id"":""language"",""name"":""Language"",""value"":""French""},{""id"":""student_status"",""name"":""Student status"",""value"":""Yes""},{""id"":""employment_status"",""name"":""Employment status"",""value"":""Part-Time""}]}",complete,FR,fr,orchestra
23975543-0e18-5523-a656-8690848cad86,prolific,545afa8f-7534-5000-ac89-dc82f49c0b43,0a2563894329425d09234943cf6166a3468dbb53461c796141264a9b5312156b,fd47159299,unbookmarked,32,France,Female,"{""panel_metadata"":{""status"":""AWAITING REVIEW"",""started_at"":""2026-01-15T14:46:11.130000Z"",""time_taken"":3230,""archived_at"":""2026-01-15T15:40:00.581169Z"",""completed_at"":""2026-01-15T15:40:00.231000Z"",""participant_id"":""68b17bd6c7ea6fb7b6e053ac"",""completion_code"":""FDC0MPL3T3"",""total_approvals"":73,""custom_study_tncs_accepted_at"":""Not Applicable""},""extra_profiling_fields"":[{""id"":""gender"",""name"":""Gender"",""value"":""Woman (including Trans Female/Trans Woman)""},{""id"":""ethnicity_simplified"",""name"":""Ethnicity simplified"",""value"":""White""},{""id"":""country_of_birth"",""name"":""Country of birth"",""value"":""France""},{""id"":""nationality"",""name"":""Nationality"",""value"":""France""},{""id"":""language"",""name"":""Language"",""value"":""French""},{""id"":""student_status"",""name"":""Student status"",""value"":""No""},{""id"":""employment_status"",""name"":""Employment status"",""value"":""Full-Time""}]}",complete,FR,fr,orchestra
23975543-0e18-5523-a656-8690848cad86,prolific,f58abc33-81dc-57b3-83d9-25c9a29a78aa,2a568cee62f9f3d23232e05359197300e3b4b20c6fdbbe5a06d3700729e06a06,fd12883462,unbookmarked,24,France,Female,"{""panel_metadata"":{""status"":""AWAITING REVIEW"",""started_at"":""2026-01-22T07:27:31.214000Z"",""time_taken"":3512,""archived_at"":""2026-01-22T08:26:02.764970Z"",""completed_at"":""2026-01-22T08:26:02.319000Z"",""participant_id"":""651ac0b0d69f01889206a537"",""completion_code"":""FDC0MPL3T3"",""total_approvals"":285,""custom_study_tncs_accepted_at"":""Not Applicable""},""extra_profiling_fields"":[{""id"":""gender"",""name"":""Gender"",""value"":""Woman (including Trans Female/Trans Woman)""},{""id"":""ethnicity_simplified"",""name"":""Ethnicity simplified"",""value"":""White""},{""id"":""country_of_birth"",""name"":""Country of birth"",""value"":""France""},{""id"":""nationality"",""name"":""Nationality"",""value"":""France""},{""id"":""language"",""name"":""Language"",""value"":""French""},{""id"":""student_status"",""name"":""Student status"",""value"":""No""},{""id"":""employment_status"",""name"":""Employment status"",""value"":""Part-Time""}]}",complete,FR,fr,orchestra
23975543-0e18-5523-a656-8690848cad86,prolific,0bda8ef9-b118-5984-a49f-6378ea65b045,24f41f47443d45daf15c3b596b7a20a5b590322ee8ca2d80b1c582bf862601c4,fd08364063,unbookmarked,18,France,Female,"{""panel_metadata"":{""status"":""AWAITING REVIEW"",""started_at"":""2026-01-20T16:38:01.227000Z"",""time_taken"":9023,""archived_at"":""2026-01-20T19:08:24.018801Z"",""completed_at"":""2026-01-20T19:08:23.653000Z"",""participant_id"":""696ba1961a57f9d19ed2ea57"",""completion_code"":""FDC0MPL3T3"",""total_approvals"":4,""custom_study_tncs_accepted_at"":""Not Applicable""},""extra_profiling_fields"":[{""id"":""gender"",""name"":""Gender"",""value"":""Woman (including Trans Female/Trans Woman)""},{""id"":""ethnicity_simplified"",""name"":""Ethnicity simplified"",""value"":""Mixed""},{""id"":""country_of_birth"",""name"":""Country of birth"",""value"":""France""},{""id"":""nationality"",""name"":""Nationality"",""value"":""France""},{""id"":""language"",""name"":""Language"",""value"":""French""},{""id"":""student_status"",""name"":""Student status"",""value"":""Yes""},{""id"":""employment_status"",""name"":""Employment status"",""value"":""Unemployed (and job seeking)""}]}",complete,FR,fr,orchestra
23975543-0e18-5523-a656-8690848cad86,prolific,432c4f17-f3d4-5f07-a4c7-ab759a489aae,4ca1cf2e29133eeddc3e06ad82598103d27f0515970225516252f4ffd40c895b,fd24525210,unbookmarked,23,France,Female,"{""panel_metadata"":{""status"":""AWAITING REVIEW"",""started_at"":""2026-01-22T13:43:47.751000Z"",""time_taken"":3176,""archived_at"":""2026-01-22T14:36:44.142316Z"",""completed_at"":""2026-01-22T14:36:43.499000Z"",""participant_id"":""674b66c2a5a686e2b49d2c59"",""completion_code"":""FDC0MPL3T3"",""total_approvals"":126,""custom_study_tncs_accepted_at"":""Not Applicable""},""extra_profiling_fields"":[{""id"":""gender"",""name"":""Gender"",""value"":""Woman (including Trans Female/Trans Woman)""},{""id"":""ethnicity_simplified"",""name"":""Ethnicity simplified"",""value"":""Other""},{""id"":""country_of_birth"",""name"":""Country of birth"",""value"":""Lebanon""},{""id"":""nationality"",""name"":""Nationality"",""value"":""France""},{""id"":""language"",""name"":""Language"",""value"":""French""},{""id"":""student_status"",""name"":""Student status"",""value"":""Yes""},{""id"":""employment_status"",""name"":""Employment status"",""value"":""Part-Time""}]}",complete,FR,fr,orchestra
23975543-0e18-5523-a656-8690848cad86,prolific,1f84004e-b344-5256-b9ae-e7dbcff32fd1,9bec6e95b9966efc5384a1e6952b01f8f0a95587957ea481c7f14778ed8b1012,fd23980562,unbookmarked,24,France,Female,"{""panel_metadata"":{""status"":""AWAITING REVIEW"",""started_at"":""2026-01-19T13:48:28.389000Z"",""time_taken"":2545,""archived_at"":""2026-01-19T14:30:52.889703Z"",""completed_at"":""2026-01-19T14:30:52.521000Z"",""participant_id"":""6602ef5ee28d7378d34f7ac0"",""completion_code"":""FDC0MPL3T3"",""total_approvals"":175,""custom_study_tncs_accepted_at"":""Not Applicable""},""extra_profiling_fields"":[{""id"":""gender"",""name"":""Gender"",""value"":""Woman (including Trans Female/Trans Woman)""},{""id"":""ethnicity_simplified"",""name"":""Ethnicity simplified"",""value"":""White""},{""id"":""country_of_birth"",""name"":""Country of birth"",""value"":""France""},{""id"":""nationality"",""name"":""Nationality"",""value"":""France""},{""id"":""language"",""name"":""Language"",""value"":""French""},{""id"":""student_status"",""name"":""Student status"",""value"":""No""},{""id"":""employment_status"",""name"":""Employment status"",""value"":""Full-Time""}]}",complete,FR,fr,orchestra
23975543-0e18-5523-a656-8690848cad86,prolific,23756948-7df5-5964-8fc5-dc1f0b22fa8e,6f212997ccf067c00291469e8134855d8f04ae8a9a5c800d17852468a0fdb715,fd43118335,unbookmarked,19,France,Female,"{""panel_metadata"":{""status"":""AWAITING REVIEW"",""started_at"":""2026-01-19T13:08:11.106000Z"",""time_taken"":2424,""archived_at"":""2026-01-19T13:48:34.610539Z"",""completed_at"":""2026-01-19T13:48:34.244000Z"",""participant_id"":""6929ef155cef015d941eb95a"",""completion_code"":""FDC0MPL3T3"",""total_approvals"":102,""custom_study_tncs_accepted_at"":""Not Applicable""},""extra_profiling_fields"":[{""id"":""gender"",""name"":""Gender"",""value"":""Woman (including Trans Female/Trans Woman)""},{""id"":""ethnicity_simplified"",""name"":""Ethnicity simplified"",""value"":""White""},{""id"":""country_of_birth"",""name"":""Country of birth"",""value"":""United Kingdom""},{""id"":""nationality"",""name"":""Nationality"",""value"":""United Kingdom""},{""id"":""language"",""name"":""Language"",""value"":""English""},{""id"":""student_status"",""name"":""Student status"",""value"":""Yes""},{""id"":""employment_status"",""name"":""Employment status"",""value"":""Unemployed (and job seeking)""}]}",complete,FR,fr,orchestra
23975543-0e18-5523-a656-8690848cad86,prolific,d90fcd04-868a-5f62-9693-4b93e5fca7c3,0077615cf5c68a4a246adcb127545876adcb217d329b1fe6be7534ccfae42ea3,fd13105329,unbookmarked,20,France,Female,"{""panel_metadata"":{""status"":""AWAITING REVIEW"",""started_at"":""2026-01-19T13:27:45.116000Z"",""time_taken"":2924,""archived_at"":""2026-01-19T14:16:29.376983Z"",""completed_at"":""2026-01-19T14:16:29.047000Z"",""participant_id"":""6718e4d6bf14feb2c206d191"",""completion_code"":""FDC0MPL3T3"",""total_approvals"":295,""custom_study_tncs_accepted_at"":""Not Applicable""},""extra_profiling_fields"":[{""id"":""gender"",""name"":""Gender"",""value"":""Woman (including Trans Female/Trans Woman)""},{""id"":""ethnicity_simplified"",""name"":""Ethnicity simplified"",""value"":""White""},{""id"":""country_of_birth"",""name"":""Country of birth"",""value"":""Greece""},{""id"":""nationality"",""name"":""Nationality"",""value"":""France""},{""id"":""language"",""name"":""Language"",""value"":""Greek""},{""id"":""student_status"",""name"":""Student status"",""value"":""Yes""},{""id"":""employment_status"",""name"":""Employment status"",""value"":""Unemployed (and job seeking)""}]}",complete,FR,fr,orchestra
23975543-0e18-5523-a656-8690848cad86,prolific,883571ff-dc5f-5383-9404-d7e1a7082047,1dcb3e8a3ee8d2280d2b8f4eb7e22e3fcdea879b115781d86642ac92ad5cc4c4,fd43792942,unbookmarked,22,France,Female,"{""panel_metadata"":{""status"":""AWAITING REVIEW"",""started_at"":""2026-01-19T16:10:08.563000Z"",""time_taken"":2041,""archived_at"":""2026-01-19T16:44:08.960840Z"",""completed_at"":""2026-01-19T16:44:08.578000Z"",""participant_id"":""6818e4100b9463222cd6ece7"",""completion_code"":""FDC0MPL3T3"",""total_approvals"":191,""custom_study_tncs_accepted_at"":""Not Applicable""},""extra_profiling_fields"":[{""id"":""gender"",""name"":""Gender"",""value"":""Woman (including Trans Female/Trans Woman)""},{""id"":""ethnicity_simplified"",""name"":""Ethnicity simplified"",""value"":""White""},{""id"":""country_of_birth"",""name"":""Country of birth"",""value"":""France""},{""id"":""nationality"",""name"":""Nationality"",""value"":""France""},{""id"":""language"",""name"":""Language"",""value"":""French""},{""id"":""student_status"",""name"":""Student status"",""value"":""Yes""},{""id"":""employment_status"",""name"":""Employment status"",""value"":""Other""}]}",complete,FR,fr,orchestra
8c619adc-3e56-5f1e-8d99-a98e07ff5754,prolific,0e4f497d-f003-5a71-ac61-faf99a5d8463,c5784aef0e1d7c34d260a19e7b740ba737175d2c1f2d32af6c028d9b74b00c99,fd46560119,unbookmarked,52,United Kingdom,Male,"{""panel_metadata"":{""status"":""AWAITING REVIEW"",""started_at"":""2025-11-12T14:00:04.758000Z"",""time_taken"":1065,""archived_at"":""2025-11-12T14:17:49.535576Z"",""completed_at"":""2025-11-12T14:17:49.105000Z"",""participant_id"":""5d442839a8faa30001131e8a"",""completion_code"":""FDC0MPL3T3"",""total_approvals"":2164,""custom_study_tncs_accepted_at"":""Not Applicable""},""extra_profiling_fields"":[{""id"":""heart_issues"",""name"":""Heart issues"",""value"":""Yes, but I'm not being treated for it""},{""id"":""ethnicity"",""name"":""Ethnicity"",""value"":""White""},{""id"":""highest_education_level_completed"",""name"":""Highest education level completed"",""value"":""No formal qualifications""},{""id"":""gender"",""name"":""Gender"",""value"":""Man (including Trans Male/Trans Man)""},{""id"":""ethnicity_simplified"",""name"":""Ethnicity simplified"",""value"":""White""},{""id"":""country_of_birth"",""name"":""Country of birth"",""value"":""United Kingdom""},{""id"":""nationality"",""name"":""Nationality"",""value"":""United Kingdom""},{""id"":""language"",""name"":""Language"",""value"":""English""},{""id"":""student_status"",""name"":""Student status"",""value"":""No""},{""id"":""employment_status"",""name"":""Employment status"",""value"":""Not in paid work (e.g. homemaker', 'retired or disabled)""}]}",complete,GB,en,orchestra
8c619adc-3e56-5f1e-8d99-a98e07ff5754,prolific,234443b7-9e08-59be-8b34-c292adc816c2,62fe1b4fb2b765b18f6a1a08a2b98033478fe39baa0e0c9351856a5861d8cb19,fd20213156,unbookmarked,41,United Kingdom,Female,"{""panel_metadata"":{""status"":""AWAITING REVIEW"",""started_at"":""2025-11-18T08:12:08.817000Z"",""time_taken"":1265,""archived_at"":""2025-11-18T08:33:14.196108Z"",""completed_at"":""2025-11-18T08:33:13.768000Z"",""participant_id"":""5b4906a5369f84000112abdd"",""completion_code"":""FDC0MPL3T3"",""total_approvals"":1910,""custom_study_tncs_accepted_at"":""Not Applicable""},""extra_profiling_fields"":[{""id"":""ethnicity"",""name"":""Ethnicity"",""value"":""White""},{""id"":""highest_education_level_completed"",""name"":""Highest education level completed"",""value"":""High school diploma/A-levels""},{""id"":""coronary_artery_disease"",""name"":""Coronary artery disease"",""value"":""Yes, I had a heart attack, Yes, and I am taking risk-lowering medication (e.g. statin, aspirin, clopidogrel), Yes, and I had a medical procedure (e.g. stent or bypass surgery)""},{""id"":""gender"",""name"":""Gender"",""value"":""Woman (including Trans Female/Trans Woman)""},{""id"":""ethnicity_simplified"",""name"":""Ethnicity simplified"",""value"":""White""},{""id"":""country_of_birth"",""name"":""Country of birth"",""value"":""United Kingdom""},{""id"":""nationality"",""name"":""Nationality"",""value"":""United Kingdom""},{""id"":""language"",""name"":""Language"",""value"":""English""},{""id"":""student_status"",""name"":""Student status"",""value"":""No""},{""id"":""employment_status"",""name"":""Employment status"",""value"":""Full-Time""}]}",complete,GB,en,orchestra
8c619adc-3e56-5f1e-8d99-a98e07ff5754,prolific,8ac209e2-a0c2-5d1d-9854-eb2d789ff167,61f9ef91cbd82e7fa88283bda90e6c76bb9f4c8dac3138d2c94ea9a20f8eeba4,fd05852565,unbookmarked,68,United Kingdom,Male,"{""panel_metadata"":{""status"":""AWAITING REVIEW"",""started_at"":""2025-11-17T11:32:31.397000Z"",""time_taken"":3195,""archived_at"":""2025-11-17T12:25:46.632113Z"",""completed_at"":""2025-11-17T12:25:46.027000Z"",""participant_id"":""5ea04f7f43bc6507508c9aba"",""completion_code"":""FDC0MPL3T3"",""total_approvals"":2848,""custom_study_tncs_accepted_at"":""Not Applicable""},""extra_profiling_fields"":[{""id"":""ethnicity"",""name"":""Ethnicity"",""value"":""White""},{""id"":""highest_education_level_completed"",""name"":""Highest education level completed"",""value"":""High school diploma/A-levels""},{""id"":""coronary_artery_disease"",""name"":""Coronary artery disease"",""value"":""Yes, and I am taking risk-lowering medication (e.g. statin, aspirin, clopidogrel)""},{""id"":""gender"",""name"":""Gender"",""value"":""Man (including Trans Male/Trans Man)""},{""id"":""ethnicity_simplified"",""name"":""Ethnicity simplified"",""value"":""White""},{""id"":""country_of_birth"",""name"":""Country of birth"",""value"":""United Kingdom""},{""id"":""nationality"",""name"":""Nationality"",""value"":""United Kingdom""},{""id"":""language"",""name"":""Language"",""value"":""English""},{""id"":""student_status"",""name"":""Student status"",""value"":""No""},{""id"":""employment_status"",""name"":""Employment status"",""value"":""Full-Time""}]}",complete,GB,en,orchestra
8c619adc-3e56-5f1e-8d99-a98e07ff5754,prolific,1861f4d4-d89f-555e-984d-b7feb1be6a63,6d4f1d64160953f97038bbc31d79af5924d1e2ca4885b608c6630ec91fb164f4,fd20946148,unbookmarked,65,United Kingdom,Male,"{""panel_metadata"":{""status"":""AWAITING REVIEW"",""started_at"":""2025-11-17T10:56:31.926000Z"",""time_taken"":3422,""archived_at"":""2025-11-17T11:53:33.970761Z"",""completed_at"":""2025-11-17T11:53:33.525000Z"",""participant_id"":""67765cb5eae26d06c3116c3a"",""completion_code"":""FDC0MPL3T3"",""total_approvals"":1467,""custom_study_tncs_accepted_at"":""Not Applicable""},""extra_profiling_fields"":[{""id"":""ethnicity"",""name"":""Ethnicity"",""value"":""White""},{""id"":""highest_education_level_completed"",""name"":""Highest education level completed"",""value"":""Graduate degree (MA/MSc/MPhil/other)""},{""id"":""coronary_artery_disease"",""name"":""Coronary artery disease"",""value"":""Yes, and I had a medical procedure (e.g. stent or bypass surgery)""},{""id"":""gender"",""name"":""Gender"",""value"":""Man (including Trans Male/Trans Man)""},{""id"":""ethnicity_simplified"",""name"":""Ethnicity simplified"",""value"":""White""},{""id"":""country_of_birth"",""name"":""Country of birth"",""value"":""United Kingdom""},{""id"":""nationality"",""name"":""Nationality"",""value"":""United Kingdom""},{""id"":""language"",""name"":""Language"",""value"":""English""},{""id"":""student_status"",""name"":""Student status"",""value"":""No""},{""id"":""employment_status"",""name"":""Employment status"",""value"":""Part-Time""}]}",complete,GB,en,orchestra
8c619adc-3e56-5f1e-8d99-a98e07ff5754,prolific,f8344286-8d5a-52f6-b283-be6bd5b5aa39,a3811f07c8ed8c0689511a5b149147452fb3355f6a04b85f41fd89421fde2438,fd72557556,unbookmarked,46,United Kingdom,Male,"{""panel_metadata"":{""status"":""AWAITING REVIEW"",""started_at"":""2025-11-17T20:05:47.477000Z"",""time_taken"":1922,""archived_at"":""2025-11-17T20:37:49.515150Z"",""completed_at"":""2025-11-17T20:37:49.067000Z"",""participant_id"":""5fba1c3bc7bb9a62797d57d0"",""completion_code"":""FDC0MPL3T3"",""total_approvals"":1544,""custom_study_tncs_accepted_at"":""Not Applicable""},""extra_profiling_fields"":[{""id"":""ethnicity"",""name"":""Ethnicity"",""value"":""White""},{""id"":""highest_education_level_completed"",""name"":""Highest education level completed"",""value"":""Technical/community college""},{""id"":""coronary_artery_disease"",""name"":""Coronary artery disease"",""value"":""Yes, and I had a medical procedure (e.g. stent or bypass surgery)""},{""id"":""gender"",""name"":""Gender"",""value"":""Man (including Trans Male/Trans Man)""},{""id"":""ethnicity_simplified"",""name"":""Ethnicity simplified"",""value"":""White""},{""id"":""country_of_birth"",""name"":""Country of birth"",""value"":""United Kingdom""},{""id"":""nationality"",""name"":""Nationality"",""value"":""United Kingdom""},{""id"":""language"",""name"":""Language"",""value"":""English""},{""id"":""student_status"",""name"":""Student status"",""value"":""No""},{""id"":""employment_status"",""name"":""Employment status"",""value"":""Full-Time""}]}",complete,GB,en,orchestra
8c619adc-3e56-5f1e-8d99-a98e07ff5754,prolific,9c1f49ca-2b69-589d-869f-4b531667f6f2,fffd31736f3c6bdbf96e988910b70c9185e584934dc4bfae19c33391cde89ded,fd12296409,unbookmarked,30,United Kingdom,Male,"{""panel_metadata"":{""status"":""AWAITING REVIEW"",""started_at"":""2025-11-17T13:59:12.345000Z"",""time_taken"":2525,""archived_at"":""2025-11-17T14:41:17.452058Z"",""completed_at"":""2025-11-17T14:41:16.987000Z"",""participant_id"":""629e11c0d89e0c18f21e687a"",""completion_code"":""FDC0MPL3T3"",""total_approvals"":1070,""custom_study_tncs_accepted_at"":""Not Applicable""},""extra_profiling_fields"":[{""id"":""ethnicity"",""name"":""Ethnicity"",""value"":""White""},{""id"":""highest_education_level_completed"",""name"":""Highest education level completed"",""value"":""Graduate degree (MA/MSc/MPhil/other)""},{""id"":""coronary_artery_disease"",""name"":""Coronary artery disease"",""value"":""Yes, and I had a medical procedure (e.g. stent or bypass surgery)""},{""id"":""gender"",""name"":""Gender"",""value"":""Man (including Trans Male/Trans Man)""},{""id"":""ethnicity_simplified"",""name"":""Ethnicity simplified"",""value"":""White""},{""id"":""country_of_birth"",""name"":""Country of birth"",""value"":""United Kingdom""},{""id"":""nationality"",""name"":""Nationality"",""value"":""United Kingdom""},{""id"":""language"",""name"":""Language"",""value"":""English""},{""id"":""student_status"",""name"":""Student status"",""value"":""No""},{""id"":""employment_status"",""name"":""Employment status"",""value"":""Full-Time""}]}",complete,GB,en,orchestra
8c619adc-3e56-5f1e-8d99-a98e07ff5754,prolific,3eb8d9e9-7eaf-5368-a7df-275443e556e8,ed8ed25d114379fa34d71d0a6d8e33a2f1ff41be56559cc8ce2f7949864ebb71,fd96152200,unbookmarked,72,United Kingdom,Female,"{""panel_metadata"":{""status"":""AWAITING REVIEW"",""started_at"":""2025-11-17T16:33:30.851000Z"",""time_taken"":3483,""archived_at"":""2025-11-17T17:31:33.457818Z"",""completed_at"":""2025-11-17T17:31:32.980000Z"",""participant_id"":""58b603d2211f4500013aa451"",""completion_code"":""FDC0MPL3T3"",""total_approvals"":337,""custom_study_tncs_accepted_at"":""Not Applicable""},""extra_profiling_fields"":[{""id"":""ethnicity"",""name"":""Ethnicity"",""value"":""White""},{""id"":""highest_education_level_completed"",""name"":""Highest education level completed"",""value"":""Undergraduate degree (BA/BSc/other)""},{""id"":""coronary_artery_disease"",""name"":""Coronary artery disease"",""value"":""Yes, and I am taking risk-lowering medication (e.g. statin, aspirin, clopidogrel)""},{""id"":""gender"",""name"":""Gender"",""value"":""Woman (including Trans Female/Trans Woman)""},{""id"":""ethnicity_simplified"",""name"":""Ethnicity simplified"",""value"":""White""},{""id"":""country_of_birth"",""name"":""Country of birth"",""value"":""United Kingdom""},{""id"":""nationality"",""name"":""Nationality"",""value"":""United Kingdom""},{""id"":""language"",""name"":""Language"",""value"":""English""},{""id"":""student_status"",""name"":""Student status"",""value"":""No""},{""id"":""employment_status"",""name"":""Employment status"",""value"":""Not in paid work (e.g. homemaker', 'retired or disabled)""}]}",complete,GB,en,orchestra
8c619adc-3e56-5f1e-8d99-a98e07ff5754,prolific,bc7aa335-78b0-551c-84eb-18fcac09a0b9,1e9409533ab053ec8bd103c43234c3927a22aff8e14ab32f22b7d2d0345fa0cd,fd80346101,unbookmarked,55,United Kingdom,Male,"{""panel_metadata"":{""status"":""AWAITING REVIEW"",""started_at"":""2025-11-12T15:27:49.443000Z"",""time_taken"":2232,""archived_at"":""2025-11-12T16:05:01.430204Z"",""completed_at"":""2025-11-12T16:05:00.856000Z"",""participant_id"":""5c0a502a2bfc8b0001813992"",""completion_code"":""FDC0MPL3T3"",""total_approvals"":2632,""custom_study_tncs_accepted_at"":""Not Applicable""},""extra_profiling_fields"":[{""id"":""heart_issues"",""name"":""Heart issues"",""value"":""Yes, and I have an implantable device (e.g. implantable cardiac defibrillator or ventricular assist device)""},{""id"":""ethnicity"",""name"":""Ethnicity"",""value"":""White""},{""id"":""highest_education_level_completed"",""name"":""Highest education level completed"",""value"":""Undergraduate degree (BA/BSc/other)""},{""id"":""gender"",""name"":""Gender"",""value"":""Man (including Trans Male/Trans Man)""},{""id"":""ethnicity_simplified"",""name"":""Ethnicity simplified"",""value"":""White""},{""id"":""country_of_birth"",""name"":""Country of birth"",""value"":""United Kingdom""},{""id"":""nationality"",""name"":""Nationality"",""value"":""United Kingdom""},{""id"":""language"",""name"":""Language"",""value"":""English""},{""id"":""student_status"",""name"":""Student status"",""value"":""No""},{""id"":""employment_status"",""name"":""Employment status"",""value"":""Full-Time""}]}",complete,GB,en,orchestra
8c619adc-3e56-5f1e-8d99-a98e07ff5754,prolific,e46ca6f5-ae88-5cda-bb9e-47ac0346eb04,a610116787aee38200ac8e8324c01204bb7ddef9513901d857f09575aa501c64,fd67455087,unbookmarked,60,United Kingdom,Female,"{""panel_metadata"":{""status"":""AWAITING REVIEW"",""started_at"":""2025-11-12T16:12:42.254000Z"",""time_taken"":2717,""archived_at"":""2025-11-12T16:57:59.660860Z"",""completed_at"":""2025-11-12T16:57:59.227000Z"",""participant_id"":""6489cb79dbe4b49f0e893588"",""completion_code"":""FDC0MPL3T3"",""total_approvals"":312,""custom_study_tncs_accepted_at"":""Not Applicable""},""extra_profiling_fields"":[{""id"":""heart_issues"",""name"":""Heart issues"",""value"":""Yes, and I'm taking medication""},{""id"":""ethnicity"",""name"":""Ethnicity"",""value"":""White""},{""id"":""highest_education_level_completed"",""name"":""Highest education level completed"",""value"":""Undergraduate degree (BA/BSc/other)""},{""id"":""gender"",""name"":""Gender"",""value"":""Woman (including Trans Female/Trans Woman)""},{""id"":""ethnicity_simplified"",""name"":""Ethnicity simplified"",""value"":""White""},{""id"":""country_of_birth"",""name"":""Country of birth"",""value"":""United Kingdom""},{""id"":""nationality"",""name"":""Nationality"",""value"":""United Kingdom""},{""id"":""language"",""name"":""Language"",""value"":""English""},{""id"":""student_status"",""name"":""Student status"",""value"":""No""},{""id"":""employment_status"",""name"":""Employment status"",""value"":""Part-Time""}]}",complete,GB,en,orchestra
8c619adc-3e56-5f1e-8d99-a98e07ff5754,prolific,7e6fb16a-36c5-5d95-b78b-2cdce20a791e,2d93d429e9246c3035e8f374b03aea41a8956d30bb9c44167f27ac2ce6ce79c9,fd97765628,unbookmarked,53,United Kingdom,Male,"{""panel_metadata"":{""status"":""AWAITING REVIEW"",""started_at"":""2025-11-17T19:07:47.557000Z"",""time_taken"":2727,""archived_at"":""2025-11-17T19:53:14.128110Z"",""completed_at"":""2025-11-17T19:53:13.674000Z"",""participant_id"":""66227700b26cd7c01ca380af"",""completion_code"":""FDC0MPL3T3"",""total_approvals"":1068,""custom_study_tncs_accepted_at"":""Not Applicable""},""extra_profiling_fields"":[{""id"":""ethnicity"",""name"":""Ethnicity"",""value"":""White""},{""id"":""highest_education_level_completed"",""name"":""Highest education level completed"",""value"":""Secondary education (e.g. GED/GCSE)""},{""id"":""coronary_artery_disease"",""name"":""Coronary artery disease"",""value"":""Yes, and I am taking risk-lowering medication (e.g. statin, aspirin, clopidogrel)""},{""id"":""gender"",""name"":""Gender"",""value"":""Man (including Trans Male/Trans Man)""},{""id"":""ethnicity_simplified"",""name"":""Ethnicity simplified"",""value"":""White""},{""id"":""country_of_birth"",""name"":""Country of birth"",""value"":""United Kingdom""},{""id"":""nationality"",""name"":""Nationality"",""value"":""United Kingdom""},{""id"":""language"",""name"":""Language"",""value"":""English""},{""id"":""student_status"",""name"":""Student status"",""value"":""No""},{""id"":""employment_status"",""name"":""Employment status"",""value"":""Not in paid work (e.g. homemaker', 'retired or disabled)""}]}",complete,GB,en,orchestra
8c619adc-3e56-5f1e-8d99-a98e07ff5754,prolific,7034a420-90be-5bc6-a78e-14d83066b670,a75529d60f0804f5f8da0ab715cd536654ad9cb89685f93a168a679e443fedf9,fd96878350,unbookmarked,72,United Kingdom,Male,"{""panel_metadata"":{""status"":""AWAITING REVIEW"",""started_at"":""2025-11-17T11:05:26.126000Z"",""time_taken"":3187,""archived_at"":""2025-11-17T11:58:32.796011Z"",""completed_at"":""2025-11-17T11:58:32.332000Z"",""participant_id"":""67a36295836566498f2a9c4d"",""completion_code"":""FDC0MPL3T3"",""total_approvals"":1120,""custom_study_tncs_accepted_at"":""Not Applicable""},""extra_profiling_fields"":[{""id"":""ethnicity"",""name"":""Ethnicity"",""value"":""White""},{""id"":""highest_education_level_completed"",""name"":""Highest education level completed"",""value"":""Secondary education (e.g. GED/GCSE)""},{""id"":""coronary_artery_disease"",""name"":""Coronary artery disease"",""value"":""Yes, and I am taking risk-lowering medication (e.g. statin, aspirin, clopidogrel)""},{""id"":""gender"",""name"":""Gender"",""value"":""Man (including Trans Male/Trans Man)""},{""id"":""ethnicity_simplified"",""name"":""Ethnicity simplified"",""value"":""White""},{""id"":""country_of_birth"",""name"":""Country of birth"",""value"":""United Kingdom""},{""id"":""nationality"",""name"":""Nationality"",""value"":""United Kingdom""},{""id"":""language"",""name"":""Language"",""value"":""English""},{""id"":""student_status"",""name"":""Student status"",""value"":""No""},{""id"":""employment_status"",""name"":""Employment status"",""value"":""Not in paid work (e.g. homemaker', 'retired or disabled)""}]}",complete,GB,en,orchestra
8c619adc-3e56-5f1e-8d99-a98e07ff5754,prolific,be0b3d4a-f96c-5ba7-be27-744f44929908,8caffa1b5118ae34532803e37a391fb527dba7d380de795d98a80db094cf6bef,fd13422650,unbookmarked,70,United Kingdom,Male,"{""panel_metadata"":{""status"":""AWAITING REVIEW"",""started_at"":""2025-11-17T11:32:12.491000Z"",""time_taken"":3729,""archived_at"":""2025-11-17T12:34:21.242966Z"",""completed_at"":""2025-11-17T12:34:20.697000Z"",""participant_id"":""5ef37e2ca184db0e6896d19b"",""completion_code"":""FDC0MPL3T3"",""total_approvals"":3014,""custom_study_tncs_accepted_at"":""Not Applicable""},""extra_profiling_fields"":[{""id"":""ethnicity"",""name"":""Ethnicity"",""value"":""White""},{""id"":""highest_education_level_completed"",""name"":""Highest education level completed"",""value"":""Undergraduate degree (BA/BSc/other)""},{""id"":""coronary_artery_disease"",""name"":""Coronary artery disease"",""value"":""Yes, I had a heart attack""},{""id"":""gender"",""name"":""Gender"",""value"":""Man (including Trans Male/Trans Man)""},{""id"":""ethnicity_simplified"",""name"":""Ethnicity simplified"",""value"":""White""},{""id"":""country_of_birth"",""name"":""Country of birth"",""value"":""United Kingdom""},{""id"":""nationality"",""name"":""Nationality"",""value"":""United Kingdom""},{""id"":""language"",""name"":""Language"",""value"":""English""},{""id"":""student_status"",""name"":""Student status"",""value"":""No""},{""id"":""employment_status"",""name"":""Employment status"",""value"":""Not in paid work (e.g. homemaker', 'retired or disabled)""}]}",complete,GB,en,orchestra
8c619adc-3e56-5f1e-8d99-a98e07ff5754,prolific,42619a60-2c5d-5c1d-919c-4d3e798d028c,041ed2ea838d300b346b6e6a06c15daa8a795a57c96ff5a1f7d5573dd30eca89,fd38403234,unbookmarked,61,United Kingdom,Male,"{""panel_metadata"":{""status"":""AWAITING REVIEW"",""started_at"":""2025-11-12T12:42:52.510000Z"",""time_taken"":2646,""archived_at"":""2025-11-12T13:26:58.263451Z"",""completed_at"":""2025-11-12T13:26:57.796000Z"",""participant_id"":""66d31a1b0515fe747830bab9"",""completion_code"":""FDC0MPL3T3"",""total_approvals"":3605,""custom_study_tncs_accepted_at"":""Not Applicable""},""extra_profiling_fields"":[{""id"":""heart_issues"",""name"":""Heart issues"",""value"":""Yes, and I'm taking medication""},{""id"":""ethnicity"",""name"":""Ethnicity"",""value"":""White""},{""id"":""highest_education_level_completed"",""name"":""Highest education level completed"",""value"":""Technical/community college""},{""id"":""gender"",""name"":""Gender"",""value"":""Man (including Trans Male/Trans Man)""},{""id"":""ethnicity_simplified"",""name"":""Ethnicity simplified"",""value"":""White""},{""id"":""country_of_birth"",""name"":""Country of birth"",""value"":""United Kingdom""},{""id"":""nationality"",""name"":""Nationality"",""value"":""United Kingdom""},{""id"":""language"",""name"":""Language"",""value"":""English""},{""id"":""student_status"",""name"":""Student status"",""value"":""No""},{""id"":""employment_status"",""name"":""Employment status"",""value"":""Full-Time""}]}",complete,GB,en,orchestra
8c619adc-3e56-5f1e-8d99-a98e07ff5754,prolific,5fa1cdbc-cf00-5adc-9ba8-cd7f4117ac47,f0e069631c74ed24946a9561dd64517eb0f581b439c56d434bf92556ecb4077e,fd85719957,unbookmarked,49,United Kingdom,Female,"{""panel_metadata"":{""status"":""AWAITING REVIEW"",""started_at"":""2025-11-12T17:10:29.464000Z"",""time_taken"":3853,""archived_at"":""2025-11-12T18:14:42.775593Z"",""completed_at"":""2025-11-12T18:14:42.293000Z"",""participant_id"":""5e35373e1ddb124e6c306747"",""completion_code"":""FDC0MPL3T3"",""total_approvals"":3594,""custom_study_tncs_accepted_at"":""Not Applicable""},""extra_profiling_fields"":[{""id"":""heart_issues"",""name"":""Heart issues"",""value"":""Yes, but I'm not being treated for it""},{""id"":""ethnicity"",""name"":""Ethnicity"",""value"":""White""},{""id"":""highest_education_level_completed"",""name"":""Highest education level completed"",""value"":""Undergraduate degree (BA/BSc/other)""},{""id"":""gender"",""name"":""Gender"",""value"":""Woman (including Trans Female/Trans Woman)""},{""id"":""ethnicity_simplified"",""name"":""Ethnicity simplified"",""value"":""White""},{""id"":""country_of_birth"",""name"":""Country of birth"",""value"":""United Kingdom""},{""id"":""nationality"",""name"":""Nationality"",""value"":""United Kingdom""},{""id"":""language"",""name"":""Language"",""value"":""English""},{""id"":""student_status"",""name"":""Student status"",""value"":""Yes""},{""id"":""employment_status"",""name"":""Employment status"",""value"":""Full-Time""}]}",complete,GB,en,orchestra
8c619adc-3e56-5f1e-8d99-a98e07ff5754,prolific,cb443dcc-d040-5d76-84be-79f5a77f58bf,fba597c6625cdc1c6aca3f442bd84f66018300095f75dc9f8ad50fd115e63710,fd28202324,unbookmarked,70,United Kingdom,Female,"{""panel_metadata"":{""status"":""AWAITING REVIEW"",""started_at"":""2025-11-17T11:13:49.288000Z"",""time_taken"":1634,""archived_at"":""2025-11-17T11:41:03.537369Z"",""completed_at"":""2025-11-17T11:41:03.061000Z"",""participant_id"":""5b70758cf3dd6600010aa9eb"",""completion_code"":""FDC0MPL3T3"",""total_approvals"":2969,""custom_study_tncs_accepted_at"":""Not Applicable""},""extra_profiling_fields"":[{""id"":""ethnicity"",""name"":""Ethnicity"",""value"":""White""},{""id"":""highest_education_level_completed"",""name"":""Highest education level completed"",""value"":""High school diploma/A-levels""},{""id"":""coronary_artery_disease"",""name"":""Coronary artery disease"",""value"":""Yes, and I am taking risk-lowering medication (e.g. statin, aspirin, clopidogrel), Yes, and I had a medical procedure (e.g. stent or bypass surgery)""},{""id"":""gender"",""name"":""Gender"",""value"":""Woman (including Trans Female/Trans Woman)""},{""id"":""ethnicity_simplified"",""name"":""Ethnicity simplified"",""value"":""White""},{""id"":""country_of_birth"",""name"":""Country of birth"",""value"":""United Kingdom""},{""id"":""nationality"",""name"":""Nationality"",""value"":""United Kingdom""},{""id"":""language"",""name"":""Language"",""value"":""English""},{""id"":""student_status"",""name"":""Student status"",""value"":""No""},{""id"":""employment_status"",""name"":""Employment status"",""value"":""Not in paid work (e.g. homemaker', 'retired or disabled)""}]}",complete,GB,en,orchestra
8c619adc-3e56-5f1e-8d99-a98e07ff5754,prolific,83e8015f-2dc5-53ae-9476-dbc7114281f3,07eb8a9c32022d98bb3321807bdcf5e37e4544ba3bfe03818eb1f04425de8c07,fd35194226,unbookmarked,61,United Kingdom,Male,"{""panel_metadata"":{""status"":""AWAITING REVIEW"",""started_at"":""2025-11-18T07:43:30.515000Z"",""time_taken"":4422,""archived_at"":""2025-11-18T08:57:14.268529Z"",""completed_at"":""2025-11-18T08:57:11.585000Z"",""participant_id"":""5f08cdf2f48b131393a5ba40"",""completion_code"":""FDC0MPL3T3"",""total_approvals"":629,""custom_study_tncs_accepted_at"":""Not Applicable""},""extra_profiling_fields"":[{""id"":""ethnicity"",""name"":""Ethnicity"",""value"":""White""},{""id"":""highest_education_level_completed"",""name"":""Highest education level completed"",""value"":""Technical/community college""},{""id"":""coronary_artery_disease"",""name"":""Coronary artery disease"",""value"":""Yes, and I am taking risk-lowering medication (e.g. statin, aspirin, clopidogrel)""},{""id"":""gender"",""name"":""Gender"",""value"":""Man (including Trans Male/Trans Man)""},{""id"":""ethnicity_simplified"",""name"":""Ethnicity simplified"",""value"":""White""},{""id"":""country_of_birth"",""name"":""Country of birth"",""value"":""United Kingdom""},{""id"":""nationality"",""name"":""Nationality"",""value"":""United Kingdom""},{""id"":""language"",""name"":""Language"",""value"":""English""},{""id"":""student_status"",""name"":""Student status"",""value"":""No""},{""id"":""employment_status"",""name"":""Employment status"",""value"":""Unemployed (and job seeking)""}]}",complete,GB,en,orchestra
8c619adc-3e56-5f1e-8d99-a98e07ff5754,prolific,ad34032a-06dd-58d8-9543-577ef35e12a9,f3678599bc9ee1989416e7b33fcb05218af60700c4e7c51f8616cb7fcced58d5,fd34183948,unbookmarked,71,United Kingdom,Female,"{""panel_metadata"":{""status"":""AWAITING REVIEW"",""started_at"":""2025-11-12T15:08:45.467000Z"",""time_taken"":1591,""archived_at"":""2025-11-12T15:35:16.694267Z"",""completed_at"":""2025-11-12T15:35:16.264000Z"",""participant_id"":""63bec89e4ab1098cfe7106f5"",""completion_code"":""FDC0MPL3T3"",""total_approvals"":637,""custom_study_tncs_accepted_at"":""Not Applicable""},""extra_profiling_fields"":[{""id"":""heart_issues"",""name"":""Heart issues"",""value"":""Yes, and I'm taking medication""},{""id"":""ethnicity"",""name"":""Ethnicity"",""value"":""White""},{""id"":""highest_education_level_completed"",""name"":""Highest education level completed"",""value"":""Undergraduate degree (BA/BSc/other)""},{""id"":""gender"",""name"":""Gender"",""value"":""Woman (including Trans Female/Trans Woman)""},{""id"":""ethnicity_simplified"",""name"":""Ethnicity simplified"",""value"":""White""},{""id"":""country_of_birth"",""name"":""Country of birth"",""value"":""United Kingdom""},{""id"":""nationality"",""name"":""Nationality"",""value"":""United Kingdom""},{""id"":""language"",""name"":""Language"",""value"":""English""},{""id"":""student_status"",""name"":""Student status"",""value"":""No""}]}",complete,GB,en,orchestra
8c619adc-3e56-5f1e-8d99-a98e07ff5754,prolific,2683174e-8b65-569c-acc1-31fbba6e8531,ddd1f475c4495bd927320263833a741d9b096d183c5be771969d7d43754c529a,fd65739087,unbookmarked,63,United Kingdom,Male,"{""panel_metadata"":{""status"":""AWAITING REVIEW"",""started_at"":""2025-11-12T15:58:19.299000Z"",""time_taken"":2594,""archived_at"":""2025-11-12T16:41:32.974352Z"",""completed_at"":""2025-11-12T16:41:32.550000Z"",""participant_id"":""6503387ff2dcacab8d73961f"",""completion_code"":""FDC0MPL3T3"",""total_approvals"":7,""custom_study_tncs_accepted_at"":""Not Applicable""},""extra_profiling_fields"":[{""id"":""heart_issues"",""name"":""Heart issues"",""value"":""Yes, and I'm taking medication""},{""id"":""ethnicity"",""name"":""Ethnicity"",""value"":""White""},{""id"":""highest_education_level_completed"",""name"":""Highest education level completed"",""value"":""High school diploma/A-levels""},{""id"":""gender"",""name"":""Gender"",""value"":""Man (including Trans Male/Trans Man)""},{""id"":""ethnicity_simplified"",""name"":""Ethnicity simplified"",""value"":""White""},{""id"":""country_of_birth"",""name"":""Country of birth"",""value"":""United Kingdom""},{""id"":""nationality"",""name"":""Nationality"",""value"":""United Kingdom""},{""id"":""language"",""name"":""Language"",""value"":""English""},{""id"":""student_status"",""name"":""Student status"",""value"":""No""},{""id"":""employment_status"",""name"":""Employment status"",""value"":""Part-Time""}]}",complete,GB,en,orchestra
8c619adc-3e56-5f1e-8d99-a98e07ff5754,prolific,0f453424-fce8-58e3-8958-645f61b16f4b,c9ea18d3a7e5b89856ec97b2ce5ed164a5a0874b78ddac5c370d1ad86ddc64e0,fd85128689,unbookmarked,93,United Kingdom,Female,"{""panel_metadata"":{""status"":""AWAITING REVIEW"",""started_at"":""2025-11-18T00:09:17.899000Z"",""time_taken"":4195,""archived_at"":""2025-11-18T01:19:12.949005Z"",""completed_at"":""2025-11-18T01:19:12.486000Z"",""participant_id"":""58895fdb2597a90001667a19"",""completion_code"":""FDC0MPL3T3"",""total_approvals"":1444,""custom_study_tncs_accepted_at"":""Not Applicable""},""extra_profiling_fields"":[{""id"":""ethnicity"",""name"":""Ethnicity"",""value"":""White""},{""id"":""highest_education_level_completed"",""name"":""Highest education level completed"",""value"":""Secondary education (e.g. GED/GCSE)""},{""id"":""coronary_artery_disease"",""name"":""Coronary artery disease"",""value"":""Yes, and I am taking risk-lowering medication (e.g. statin, aspirin, clopidogrel)""},{""id"":""gender"",""name"":""Gender"",""value"":""Woman (including Trans Female/Trans Woman)""},{""id"":""ethnicity_simplified"",""name"":""Ethnicity simplified"",""value"":""White""},{""id"":""country_of_birth"",""name"":""Country of birth"",""value"":""United Kingdom""},{""id"":""nationality"",""name"":""Nationality"",""value"":""United Kingdom""},{""id"":""language"",""name"":""Language"",""value"":""English""},{""id"":""student_status"",""name"":""Student status"",""value"":""No""},{""id"":""employment_status"",""name"":""Employment status"",""value"":""Not in paid work (e.g. homemaker', 'retired or disabled)""}]}",complete,GB,en,orchestra
8c619adc-3e56-5f1e-8d99-a98e07ff5754,prolific,ce6b373a-1d5d-5c66-97f3-4d18de1fc1dd,2aedf315908401d4b7b4f3dd9293f17775d177de61f65a99cfde2210bf5c31c7,fd69830142,unbookmarked,48,United Kingdom,Female,"{""panel_metadata"":{""status"":""AWAITING REVIEW"",""started_at"":""2025-11-12T13:35:13.855000Z"",""time_taken"":2713,""archived_at"":""2025-11-12T14:20:27.000518Z"",""completed_at"":""2025-11-12T14:20:26.559000Z"",""participant_id"":""65bcf5f4bb0e97c27027be33"",""completion_code"":""FDC0MPL3T3"",""total_approvals"":925,""custom_study_tncs_accepted_at"":""Not Applicable""},""extra_profiling_fields"":[{""id"":""heart_issues"",""name"":""Heart issues"",""value"":""Yes, and I'm taking medication""},{""id"":""ethnicity"",""name"":""Ethnicity"",""value"":""White""},{""id"":""highest_education_level_completed"",""name"":""Highest education level completed"",""value"":""Undergraduate degree (BA/BSc/other)""},{""id"":""gender"",""name"":""Gender"",""value"":""Woman (including Trans Female/Trans Woman)""},{""id"":""ethnicity_simplified"",""name"":""Ethnicity simplified"",""value"":""White""},{""id"":""country_of_birth"",""name"":""Country of birth"",""value"":""United Kingdom""},{""id"":""nationality"",""name"":""Nationality"",""value"":""United Kingdom""},{""id"":""language"",""name"":""Language"",""value"":""English""},{""id"":""student_status"",""name"":""Student status"",""value"":""No""},{""id"":""employment_status"",""name"":""Employment status"",""value"":""Not in paid work (e.g. homemaker', 'retired or disabled)""}]}",complete,GB,en,orchestra
8c619adc-3e56-5f1e-8d99-a98e07ff5754,prolific,343361dc-6edc-5883-80f9-32624e174f55,0577949f55ac042338f33c935df081fdee0bd50aece2a3f54bf4df08b4e828b3,fd22433659,unbookmarked,57,United Kingdom,Male,"{""panel_metadata"":{""status"":""AWAITING REVIEW"",""started_at"":""2025-11-12T18:27:34.794000Z"",""time_taken"":1913,""archived_at"":""2025-11-12T18:59:27.661275Z"",""completed_at"":""2025-11-12T18:59:27.123000Z"",""participant_id"":""680cd016b488c57ebb6a8451"",""completion_code"":""FDC0MPL3T3"",""total_approvals"":294,""custom_study_tncs_accepted_at"":""Not Applicable""},""extra_profiling_fields"":[{""id"":""heart_issues"",""name"":""Heart issues"",""value"":""Yes, and I have an implantable device (e.g. implantable cardiac defibrillator or ventricular assist device)""},{""id"":""ethnicity"",""name"":""Ethnicity"",""value"":""Mixed""},{""id"":""highest_education_level_completed"",""name"":""Highest education level completed"",""value"":""Undergraduate degree (BA/BSc/other)""},{""id"":""gender"",""name"":""Gender"",""value"":""Man (including Trans Male/Trans Man)""},{""id"":""ethnicity_simplified"",""name"":""Ethnicity simplified"",""value"":""Mixed""},{""id"":""country_of_birth"",""name"":""Country of birth"",""value"":""United Kingdom""},{""id"":""nationality"",""name"":""Nationality"",""value"":""United Kingdom""},{""id"":""language"",""name"":""Language"",""value"":""English""},{""id"":""student_status"",""name"":""Student status"",""value"":""No""},{""id"":""employment_status"",""name"":""Employment status"",""value"":""Full-Time""}]}",complete,GB,en,orchestra
8c619adc-3e56-5f1e-8d99-a98e07ff5754,prolific,affe94c3-1472-5956-bfe9-7459ffbce7f7,f8898d9fad66cbb94f2440047609a92798253852bb9a34c9e4e27c5337674ab1,fd35586755,unbookmarked,75,United Kingdom,Female,"{""panel_metadata"":{""status"":""AWAITING REVIEW"",""started_at"":""2025-11-17T16:10:38.656000Z"",""time_taken"":7542,""archived_at"":""2025-11-17T18:20:00.870091Z"",""completed_at"":""2025-11-17T18:16:20.175000Z"",""participant_id"":""660169930e9f68ed0be7959a"",""completion_code"":""FDC0MPL3T3"",""total_approvals"":30,""custom_study_tncs_accepted_at"":""Not Applicable""},""extra_profiling_fields"":[{""id"":""ethnicity"",""name"":""Ethnicity"",""value"":""White""},{""id"":""highest_education_level_completed"",""name"":""Highest education level completed"",""value"":""Secondary education (e.g. GED/GCSE)""},{""id"":""coronary_artery_disease"",""name"":""Coronary artery disease"",""value"":""Yes, I had a heart attack, Yes, and I am taking risk-lowering medication (e.g. statin, aspirin, clopidogrel)""},{""id"":""gender"",""name"":""Gender"",""value"":""Woman (including Trans Female/Trans Woman)""},{""id"":""ethnicity_simplified"",""name"":""Ethnicity simplified"",""value"":""White""},{""id"":""country_of_birth"",""name"":""Country of birth"",""value"":""United Kingdom""},{""id"":""nationality"",""name"":""Nationality"",""value"":""United Kingdom""},{""id"":""language"",""name"":""Language"",""value"":""English""}]}",complete,GB,en,orchestra
8c619adc-3e56-5f1e-8d99-a98e07ff5754,prolific,dd648111-301a-5e69-82a6-e354b8bd465f,ab950ba324b62a8ec96d4e97da8746fdabadc10a95e4fc43b3e05f2c55ccb08e,fd89389900,unbookmarked,54,United Kingdom,Female,"{""panel_metadata"":{""status"":""AWAITING REVIEW"",""started_at"":""2025-11-12T17:10:20.790000Z"",""time_taken"":1665,""archived_at"":""2025-11-12T17:39:26.781677Z"",""completed_at"":""2025-11-12T17:38:04.982000Z"",""participant_id"":""6701f65ca63a3fae9d2e820e"",""completion_code"":""FDC0MPL3T3"",""total_approvals"":520,""custom_study_tncs_accepted_at"":""Not Applicable""},""extra_profiling_fields"":[{""id"":""heart_issues"",""name"":""Heart issues"",""value"":""Yes, and I'm taking medication""},{""id"":""ethnicity"",""name"":""Ethnicity"",""value"":""White""},{""id"":""highest_education_level_completed"",""name"":""Highest education level completed"",""value"":""High school diploma/A-levels""},{""id"":""gender"",""name"":""Gender"",""value"":""Woman (including Trans Female/Trans Woman)""},{""id"":""ethnicity_simplified"",""name"":""Ethnicity simplified"",""value"":""White""},{""id"":""country_of_birth"",""name"":""Country of birth"",""value"":""United Kingdom""},{""id"":""nationality"",""name"":""Nationality"",""value"":""United Kingdom""},{""id"":""language"",""name"":""Language"",""value"":""English""},{""id"":""student_status"",""name"":""Student status"",""value"":""No""},{""id"":""employment_status"",""name"":""Employment status"",""value"":""Part-Time""}]}",complete,GB,en,orchestra
8c619adc-3e56-5f1e-8d99-a98e07ff5754,prolific,803ea000-279c-57ed-8272-39ad3a4f928e,1c97e9a5278ad9a2736e9ddfb208bd11222ce2087c400ceea30447b3393ab6a8,fd94786046,unbookmarked,48,United Kingdom,Female,"{""panel_metadata"":{""status"":""AWAITING REVIEW"",""started_at"":""2025-11-12T16:00:38.078000Z"",""time_taken"":2280,""archived_at"":""2025-11-12T16:38:38.162429Z"",""completed_at"":""2025-11-12T16:38:37.715000Z"",""participant_id"":""66d7fdc9589489b3bd289351"",""completion_code"":""FDC0MPL3T3"",""total_approvals"":50,""custom_study_tncs_accepted_at"":""Not Applicable""},""extra_profiling_fields"":[{""id"":""heart_issues"",""name"":""Heart issues"",""value"":""Yes, but I'm not being treated for it""},{""id"":""ethnicity"",""name"":""Ethnicity"",""value"":""White""},{""id"":""highest_education_level_completed"",""name"":""Highest education level completed"",""value"":""Graduate degree (MA/MSc/MPhil/other)""},{""id"":""gender"",""name"":""Gender"",""value"":""Woman (including Trans Female/Trans Woman)""},{""id"":""ethnicity_simplified"",""name"":""Ethnicity simplified"",""value"":""White""},{""id"":""country_of_birth"",""name"":""Country of birth"",""value"":""Andorra""},{""id"":""nationality"",""name"":""Nationality"",""value"":""United Kingdom""},{""id"":""language"",""name"":""Language"",""value"":""Catalan""},{""id"":""student_status"",""name"":""Student status"",""value"":""No""},{""id"":""employment_status"",""name"":""Employment status"",""value"":""Full-Time""}]}",complete,GB,en,orchestra
8c619adc-3e56-5f1e-8d99-a98e07ff5754,prolific,ba566e65-55e3-5e9c-8fe7-3d63ba4c9ad7,aecec49027bdea5674d0a5f19a3f4aef8460c188521f4680e64bfd8eb318b095,fd67682393,unbookmarked,59,United Kingdom,Male,"{""panel_metadata"":{""status"":""AWAITING REVIEW"",""started_at"":""2025-11-12T17:58:09.645000Z"",""time_taken"":3375,""archived_at"":""2025-11-12T18:54:24.771906Z"",""completed_at"":""2025-11-12T18:54:24.290000Z"",""participant_id"":""5e54082eb6e7cd414d4eae0e"",""completion_code"":""FDC0MPL3T3"",""total_approvals"":1796,""custom_study_tncs_accepted_at"":""Not Applicable""},""extra_profiling_fields"":[{""id"":""heart_issues"",""name"":""Heart issues"",""value"":""Yes, and I'm taking medication""},{""id"":""ethnicity"",""name"":""Ethnicity"",""value"":""White""},{""id"":""highest_education_level_completed"",""name"":""Highest education level completed"",""value"":""Secondary education (e.g. GED/GCSE)""},{""id"":""gender"",""name"":""Gender"",""value"":""Man (including Trans Male/Trans Man)""},{""id"":""ethnicity_simplified"",""name"":""Ethnicity simplified"",""value"":""White""},{""id"":""country_of_birth"",""name"":""Country of birth"",""value"":""United Kingdom""},{""id"":""nationality"",""name"":""Nationality"",""value"":""United Kingdom""},{""id"":""language"",""name"":""Language"",""value"":""English""},{""id"":""student_status"",""name"":""Student status"",""value"":""No""},{""id"":""employment_status"",""name"":""Employment status"",""value"":""Not in paid work (e.g. homemaker', 'retired or disabled)""}]}",complete,GB,en,orchestra
8c619adc-3e56-5f1e-8d99-a98e07ff5754,prolific,86a2f6cf-4fb8-5f44-b8a4-f46abe231ec1,f41c75f46fd594a5a444734b8fc11deeb13207b56aaf221ec19e5f0beeeceff0,fd26213765,unbookmarked,59,United Kingdom,Male,"{""panel_metadata"":{""status"":""AWAITING REVIEW"",""started_at"":""2025-11-12T17:44:11.904000Z"",""time_taken"":3913,""archived_at"":""2025-11-12T18:49:25.244739Z"",""completed_at"":""2025-11-12T18:49:24.825000Z"",""participant_id"":""678a70f433e6905acd989cfb"",""completion_code"":""FDC0MPL3T3"",""total_approvals"":19,""custom_study_tncs_accepted_at"":""Not Applicable""},""extra_profiling_fields"":[{""id"":""heart_issues"",""name"":""Heart issues"",""value"":""Yes, and I have an implantable device (e.g. implantable cardiac defibrillator or ventricular assist device)""},{""id"":""ethnicity"",""name"":""Ethnicity"",""value"":""White""},{""id"":""highest_education_level_completed"",""name"":""Highest education level completed"",""value"":""High school diploma/A-levels""},{""id"":""gender"",""name"":""Gender"",""value"":""Man (including Trans Male/Trans Man)""},{""id"":""ethnicity_simplified"",""name"":""Ethnicity simplified"",""value"":""White""},{""id"":""country_of_birth"",""name"":""Country of birth"",""value"":""United Kingdom""},{""id"":""nationality"",""name"":""Nationality"",""value"":""United Kingdom""},{""id"":""language"",""name"":""Language"",""value"":""English""}]}",complete,GB,en,orchestra
8c619adc-3e56-5f1e-8d99-a98e07ff5754,prolific,fd4e92d1-37c6-5e0d-a0bd-a0026accdba5,5ba6cff7df3be99ea7ac8ec0ab451ba3fd5bdac43a8b9506b9ebca008da102cd,fd26926860,unbookmarked,40,United Kingdom,Female,"{""panel_metadata"":{""status"":""AWAITING REVIEW"",""started_at"":""2025-11-17T15:16:48.560000Z"",""time_taken"":2841,""archived_at"":""2025-11-17T16:04:09.952930Z"",""completed_at"":""2025-11-17T16:04:09.420000Z"",""participant_id"":""5f5d51785a31085a80509958"",""completion_code"":""FDC0MPL3T3"",""total_approvals"":1496,""custom_study_tncs_accepted_at"":""Not Applicable""},""extra_profiling_fields"":[{""id"":""ethnicity"",""name"":""Ethnicity"",""value"":""Other (please feel free to let us know your ethnicity via email)""},{""id"":""highest_education_level_completed"",""name"":""Highest education level completed"",""value"":""Undergraduate degree (BA/BSc/other)""},{""id"":""coronary_artery_disease"",""name"":""Coronary artery disease"",""value"":""Yes, and I had a medical procedure (e.g. stent or bypass surgery)""},{""id"":""gender"",""name"":""Gender"",""value"":""Woman (including Trans Female/Trans Woman)""},{""id"":""ethnicity_simplified"",""name"":""Ethnicity simplified"",""value"":""White""},{""id"":""country_of_birth"",""name"":""Country of birth"",""value"":""Bosnia and Herzegovina""},{""id"":""nationality"",""name"":""Nationality"",""value"":""United Kingdom""},{""id"":""language"",""name"":""Language"",""value"":""Croatian""},{""id"":""student_status"",""name"":""Student status"",""value"":""No""},{""id"":""employment_status"",""name"":""Employment status"",""value"":""Part-Time""}]}",complete,GB,en,orchestra
8c619adc-3e56-5f1e-8d99-a98e07ff5754,prolific,e87054b6-962d-5b26-bf65-66c6eb8b4de3,50cecfc73a684e32d1f197f34368cb410a621f79e51c560ca9d34942a51c14b7,fd60020467,unbookmarked,68,United Kingdom,Male,"{""panel_metadata"":{""status"":""AWAITING REVIEW"",""started_at"":""2025-11-17T13:44:41.412000Z"",""time_taken"":3621,""archived_at"":""2025-11-17T14:45:01.873730Z"",""completed_at"":""2025-11-17T14:45:01.442000Z"",""participant_id"":""60ad6674ff744996afd1b531"",""completion_code"":""FDC0MPL3T3"",""total_approvals"":1355,""custom_study_tncs_accepted_at"":""Not Applicable""},""extra_profiling_fields"":[{""id"":""ethnicity"",""name"":""Ethnicity"",""value"":""White""},{""id"":""highest_education_level_completed"",""name"":""Highest education level completed"",""value"":""Undergraduate degree (BA/BSc/other)""},{""id"":""coronary_artery_disease"",""name"":""Coronary artery disease"",""value"":""Yes, and I had a medical procedure (e.g. stent or bypass surgery)""},{""id"":""gender"",""name"":""Gender"",""value"":""Man (including Trans Male/Trans Man)""},{""id"":""ethnicity_simplified"",""name"":""Ethnicity simplified"",""value"":""White""},{""id"":""country_of_birth"",""name"":""Country of birth"",""value"":""United Kingdom""},{""id"":""nationality"",""name"":""Nationality"",""value"":""United Kingdom""},{""id"":""language"",""name"":""Language"",""value"":""English""},{""id"":""student_status"",""name"":""Student status"",""value"":""No""}]}",complete,GB,en,orchestra
8c619adc-3e56-5f1e-8d99-a98e07ff5754,prolific,3c87f7e6-6f58-5d21-892d-afc06d44ce15,cfc4635d423c076603a90acc441af32f35e23545ed1416c1b7c35db29230967f,fd12412114,unbookmarked,65,United Kingdom,Male,"{""panel_metadata"":{""status"":""AWAITING REVIEW"",""started_at"":""2025-11-17T14:25:17.130000Z"",""time_taken"":2313,""archived_at"":""2025-11-17T15:03:51.564411Z"",""completed_at"":""2025-11-17T15:03:49.821000Z"",""participant_id"":""63d3f951dd046a4bc2b9cea9"",""completion_code"":""FDC0MPL3T3"",""total_approvals"":781,""custom_study_tncs_accepted_at"":""Not Applicable""},""extra_profiling_fields"":[{""id"":""ethnicity"",""name"":""Ethnicity"",""value"":""White""},{""id"":""highest_education_level_completed"",""name"":""Highest education level completed"",""value"":""Undergraduate degree (BA/BSc/other)""},{""id"":""coronary_artery_disease"",""name"":""Coronary artery disease"",""value"":""Yes, I had a heart attack""},{""id"":""gender"",""name"":""Gender"",""value"":""Man (including Trans Male/Trans Man)""},{""id"":""ethnicity_simplified"",""name"":""Ethnicity simplified"",""value"":""White""},{""id"":""country_of_birth"",""name"":""Country of birth"",""value"":""United Kingdom""},{""id"":""nationality"",""name"":""Nationality"",""value"":""United Kingdom""},{""id"":""language"",""name"":""Language"",""value"":""English""},{""id"":""student_status"",""name"":""Student status"",""value"":""No""},{""id"":""employment_status"",""name"":""Employment status"",""value"":""Full-Time""}]}",complete,GB,en,orchestra
8c619adc-3e56-5f1e-8d99-a98e07ff5754,prolific,fbf8b23e-7f51-5a6a-a15c-e6d9ed469995,41018076d9a961a74bcd3134750bf194cd18482e739b706d6ec59092e2d21554,fd22215929,unbookmarked,55,United Kingdom,Male,"{""panel_metadata"":{""status"":""ACTIVE"",""started_at"":""2025-11-12T19:14:15.798000Z"",""time_taken"":359,""archived_at"":""2025-11-12T19:20:14.284529Z"",""participant_id"":""67ab683a8ee407704d374875"",""total_approvals"":864,""custom_study_tncs_accepted_at"":""Not Applicable""},""extra_profiling_fields"":[{""id"":""heart_issues"",""name"":""Heart issues"",""value"":""Yes, and I'm taking medication""},{""id"":""ethnicity"",""name"":""Ethnicity"",""value"":""South Asian""},{""id"":""highest_education_level_completed"",""name"":""Highest education level completed"",""value"":""High school diploma/A-levels""},{""id"":""gender"",""name"":""Gender"",""value"":""Man (including Trans Male/Trans Man)""},{""id"":""ethnicity_simplified"",""name"":""Ethnicity simplified"",""value"":""Asian""},{""id"":""country_of_birth"",""name"":""Country of birth"",""value"":""Sri Lanka""},{""id"":""nationality"",""name"":""Nationality"",""value"":""United Kingdom""},{""id"":""language"",""name"":""Language"",""value"":""English""},{""id"":""student_status"",""name"":""Student status"",""value"":""No""},{""id"":""employment_status"",""name"":""Employment status"",""value"":""Other""}]}",complete,GB,en,orchestra
8c619adc-3e56-5f1e-8d99-a98e07ff5754,prolific,95b42c15-b850-532e-9e55-2f11003d21da,2fa8e80aec98a8c2d410b8dc605583a6c37190765db0999d25f85b7221c2a976,fd65966664,unbookmarked,52,United Kingdom,Male,"{""panel_metadata"":{""status"":""AWAITING REVIEW"",""started_at"":""2025-11-18T20:58:11.490000Z"",""time_taken"":1747,""archived_at"":""2025-11-18T21:27:18.521149Z"",""completed_at"":""2025-11-18T21:27:18.052000Z"",""participant_id"":""67fcdb3f9b7fa9fcfa64520b"",""completion_code"":""FDC0MPL3T3"",""total_approvals"":90,""custom_study_tncs_accepted_at"":""Not Applicable""},""extra_profiling_fields"":[{""id"":""ethnicity"",""name"":""Ethnicity"",""value"":""White""},{""id"":""highest_education_level_completed"",""name"":""Highest education level completed"",""value"":""Doctorate degree (PhD/other)""},{""id"":""coronary_artery_disease"",""name"":""Coronary artery disease"",""value"":""Yes, and I had a medical procedure (e.g. stent or bypass surgery)""},{""id"":""gender"",""name"":""Gender"",""value"":""Man (including Trans Male/Trans Man)""},{""id"":""ethnicity_simplified"",""name"":""Ethnicity simplified"",""value"":""White""},{""id"":""country_of_birth"",""name"":""Country of birth"",""value"":""United Kingdom""},{""id"":""nationality"",""name"":""Nationality"",""value"":""United Kingdom""},{""id"":""language"",""name"":""Language"",""value"":""English""}]}",complete,GB,en,orchestra
8c619adc-3e56-5f1e-8d99-a98e07ff5754,prolific,c733b2fe-fbb5-5723-ac08-e4073f79eecd,2b13b68202f1d495f142b93a233424868f7160b726628e420b28c7bacd2564d6,fd08497995,unbookmarked,67,United Kingdom,Male,"{""panel_metadata"":{""status"":""AWAITING REVIEW"",""started_at"":""2025-11-17T11:08:43.044000Z"",""time_taken"":2959,""archived_at"":""2025-11-17T11:58:01.744352Z"",""completed_at"":""2025-11-17T11:58:01.291000Z"",""participant_id"":""66e9aa9cfdc4417c21920443"",""completion_code"":""FDC0MPL3T3"",""total_approvals"":1073,""custom_study_tncs_accepted_at"":""Not Applicable""},""extra_profiling_fields"":[{""id"":""ethnicity"",""name"":""Ethnicity"",""value"":""White""},{""id"":""highest_education_level_completed"",""name"":""Highest education level completed"",""value"":""Undergraduate degree (BA/BSc/other)""},{""id"":""coronary_artery_disease"",""name"":""Coronary artery disease"",""value"":""Yes, I had a heart attack""},{""id"":""gender"",""name"":""Gender"",""value"":""Man (including Trans Male/Trans Man)""},{""id"":""ethnicity_simplified"",""name"":""Ethnicity simplified"",""value"":""White""},{""id"":""country_of_birth"",""name"":""Country of birth"",""value"":""United Kingdom""},{""id"":""nationality"",""name"":""Nationality"",""value"":""United Kingdom""},{""id"":""language"",""name"":""Language"",""value"":""English""},{""id"":""student_status"",""name"":""Student status"",""value"":""No""},{""id"":""employment_status"",""name"":""Employment status"",""value"":""Not in paid work (e.g. homemaker', 'retired or disabled)""}]}",complete,GB,en,orchestra
8c619adc-3e56-5f1e-8d99-a98e07ff5754,prolific,b9bb7dac-3699-5299-b8c6-f8e6b92eeb05,59bf1256ef798c2e5b7481d439527ad33a394d7efe91c6ace47b437513b3af09,fd66077456,unbookmarked,78,United Kingdom,Female,"{""panel_metadata"":{""status"":""AWAITING REVIEW"",""started_at"":""2025-11-17T19:36:13.075000Z"",""time_taken"":2420,""archived_at"":""2025-11-17T20:16:33.568095Z"",""completed_at"":""2025-11-17T20:16:33.011000Z"",""participant_id"":""5eab13155a85f50c05f6e9f7"",""completion_code"":""FDC0MPL3T3"",""total_approvals"":1563,""custom_study_tncs_accepted_at"":""Not Applicable""},""extra_profiling_fields"":[{""id"":""ethnicity"",""name"":""Ethnicity"",""value"":""White""},{""id"":""highest_education_level_completed"",""name"":""Highest education level completed"",""value"":""Undergraduate degree (BA/BSc/other)""},{""id"":""coronary_artery_disease"",""name"":""Coronary artery disease"",""value"":""Yes, and I am taking risk-lowering medication (e.g. statin, aspirin, clopidogrel), Yes, and I had a medical procedure (e.g. stent or bypass surgery)""},{""id"":""gender"",""name"":""Gender"",""value"":""Woman (including Trans Female/Trans Woman)""},{""id"":""ethnicity_simplified"",""name"":""Ethnicity simplified"",""value"":""White""},{""id"":""country_of_birth"",""name"":""Country of birth"",""value"":""United Kingdom""},{""id"":""nationality"",""name"":""Nationality"",""value"":""United Kingdom""},{""id"":""language"",""name"":""Language"",""value"":""English""},{""id"":""student_status"",""name"":""Student status"",""value"":""No""},{""id"":""employment_status"",""name"":""Employment status"",""value"":""Not in paid work (e.g. homemaker', 'retired or disabled)""}]}",complete,GB,en,orchestra
8c619adc-3e56-5f1e-8d99-a98e07ff5754,prolific,b1f27298-83db-500c-b221-477c35e44939,724fe4b1b2ef1c52727584b6532b1ce4d5da3e5fae9fc8f335090116d198d61f,fd48312219,unbookmarked,61,United Kingdom,Male,"{""panel_metadata"":{""status"":""AWAITING REVIEW"",""started_at"":""2025-11-17T15:09:04.910000Z"",""time_taken"":4160,""archived_at"":""2025-11-17T16:18:25.201563Z"",""completed_at"":""2025-11-17T16:18:24.764000Z"",""participant_id"":""60f5df9db9380d875c320307"",""completion_code"":""FDC0MPL3T3"",""total_approvals"":5162,""custom_study_tncs_accepted_at"":""Not Applicable""},""extra_profiling_fields"":[{""id"":""ethnicity"",""name"":""Ethnicity"",""value"":""White""},{""id"":""highest_education_level_completed"",""name"":""Highest education level completed"",""value"":""Graduate degree (MA/MSc/MPhil/other)""},{""id"":""coronary_artery_disease"",""name"":""Coronary artery disease"",""value"":""Yes, and I had a medical procedure (e.g. stent or bypass surgery)""},{""id"":""gender"",""name"":""Gender"",""value"":""Man (including Trans Male/Trans Man)""},{""id"":""ethnicity_simplified"",""name"":""Ethnicity simplified"",""value"":""White""},{""id"":""country_of_birth"",""name"":""Country of birth"",""value"":""United Kingdom""},{""id"":""nationality"",""name"":""Nationality"",""value"":""United Kingdom""},{""id"":""language"",""name"":""Language"",""value"":""English""},{""id"":""student_status"",""name"":""Student status"",""value"":""No""},{""id"":""employment_status"",""name"":""Employment status"",""value"":""Full-Time""}]}",complete,GB,en,orchestra
8c619adc-3e56-5f1e-8d99-a98e07ff5754,prolific,04e814db-1742-5403-b397-2f46953e9571,87f988d41bb8033ef98d5274e463d99651064b63210d50fa26b11cefc3f80fe8,fd40020161,unbookmarked,41,United Kingdom,Female,"{""panel_metadata"":{""status"":""AWAITING REVIEW"",""started_at"":""2025-11-18T09:25:54.635000Z"",""time_taken"":3018,""archived_at"":""2025-11-18T10:16:12.564675Z"",""completed_at"":""2025-11-18T10:16:12.123000Z"",""participant_id"":""5cf6ee10d5478e0001da72bd"",""completion_code"":""FDC0MPL3T3"",""total_approvals"":3266,""custom_study_tncs_accepted_at"":""Not Applicable""},""extra_profiling_fields"":[{""id"":""ethnicity"",""name"":""Ethnicity"",""value"":""White""},{""id"":""highest_education_level_completed"",""name"":""Highest education level completed"",""value"":""Undergraduate degree (BA/BSc/other)""},{""id"":""coronary_artery_disease"",""name"":""Coronary artery disease"",""value"":""Yes, and I had a medical procedure (e.g. stent or bypass surgery), Yes, and I am taking risk-lowering medication (e.g. statin, aspirin, clopidogrel)""},{""id"":""gender"",""name"":""Gender"",""value"":""Woman (including Trans Female/Trans Woman)""},{""id"":""ethnicity_simplified"",""name"":""Ethnicity simplified"",""value"":""White""},{""id"":""country_of_birth"",""name"":""Country of birth"",""value"":""United Kingdom""},{""id"":""nationality"",""name"":""Nationality"",""value"":""United Kingdom""},{""id"":""language"",""name"":""Language"",""value"":""English""},{""id"":""student_status"",""name"":""Student status"",""value"":""No""},{""id"":""employment_status"",""name"":""Employment status"",""value"":""Full-Time""}]}",complete,GB,en,orchestra
8c619adc-3e56-5f1e-8d99-a98e07ff5754,prolific,b18e7989-e55c-5a44-905e-b44e6fd3a0d5,427a305c464b2a301a31e8115b5a1a5f17a5734426eff9d4677fd926053d93d1,fd10818862,unbookmarked,73,United Kingdom,Male,"{""panel_metadata"":{""status"":""AWAITING REVIEW"",""started_at"":""2025-11-13T02:33:36.561000Z"",""time_taken"":2655,""archived_at"":""2025-11-13T03:17:51.155405Z"",""completed_at"":""2025-11-13T03:17:50.689000Z"",""participant_id"":""5ca183e45a47af00013463ab"",""completion_code"":""FDC0MPL3T3"",""total_approvals"":3285,""custom_study_tncs_accepted_at"":""Not Applicable""},""extra_profiling_fields"":[{""id"":""heart_issues"",""name"":""Heart issues"",""value"":""Yes, and I'm taking medication""},{""id"":""ethnicity"",""name"":""Ethnicity"",""value"":""White""},{""id"":""highest_education_level_completed"",""name"":""Highest education level completed"",""value"":""Technical/community college""},{""id"":""gender"",""name"":""Gender"",""value"":""Man (including Trans Male/Trans Man)""},{""id"":""ethnicity_simplified"",""name"":""Ethnicity simplified"",""value"":""White""},{""id"":""country_of_birth"",""name"":""Country of birth"",""value"":""United Kingdom""},{""id"":""nationality"",""name"":""Nationality"",""value"":""United Kingdom""},{""id"":""language"",""name"":""Language"",""value"":""English""},{""id"":""student_status"",""name"":""Student status"",""value"":""No""},{""id"":""employment_status"",""name"":""Employment status"",""value"":""Not in paid work (e.g. homemaker', 'retired or disabled)""}]}",complete,GB,en,orchestra
8c619adc-3e56-5f1e-8d99-a98e07ff5754,prolific,8b66dce3-bb32-5ca2-af7a-8ff055f4b9d7,331405552a5d8ff6f862007b3f5b6f3e3c254700bff7510475d4bce1c217fd93,fd54795780,unbookmarked,71,United Kingdom,Male,"{""panel_metadata"":{""status"":""AWAITING REVIEW"",""started_at"":""2025-11-13T02:00:29.839000Z"",""time_taken"":2624,""archived_at"":""2025-11-13T02:44:13.599715Z"",""completed_at"":""2025-11-13T02:44:13.143000Z"",""participant_id"":""5a3cef0066e7880001de3bf9"",""completion_code"":""FDC0MPL3T3"",""total_approvals"":580,""custom_study_tncs_accepted_at"":""Not Applicable""},""extra_profiling_fields"":[{""id"":""heart_issues"",""name"":""Heart issues"",""value"":""Yes, and I'm taking medication""},{""id"":""ethnicity"",""name"":""Ethnicity"",""value"":""White""},{""id"":""highest_education_level_completed"",""name"":""Highest education level completed"",""value"":""Doctorate degree (PhD/other)""},{""id"":""gender"",""name"":""Gender"",""value"":""Man (including Trans Male/Trans Man)""},{""id"":""ethnicity_simplified"",""name"":""Ethnicity simplified"",""value"":""White""},{""id"":""country_of_birth"",""name"":""Country of birth"",""value"":""United Kingdom""},{""id"":""nationality"",""name"":""Nationality"",""value"":""United Kingdom""},{""id"":""language"",""name"":""Language"",""value"":""English""},{""id"":""student_status"",""name"":""Student status"",""value"":""No""},{""id"":""employment_status"",""name"":""Employment status"",""value"":""Not in paid work (e.g. homemaker', 'retired or disabled)""}]}",complete,GB,en,orchestra
8c619adc-3e56-5f1e-8d99-a98e07ff5754,prolific,52b33def-27b5-5be2-a755-49853ec6624d,089d1270acfb8a8c0ec2c1070e68f7b92a736f32683ef3be4b4ff4837397018d,fd50892798,unbookmarked,76,United Kingdom,Male,"{""panel_metadata"":{""status"":""AWAITING REVIEW"",""started_at"":""2025-11-17T14:55:51.204000Z"",""time_taken"":5937,""archived_at"":""2025-11-17T16:34:48.348498Z"",""completed_at"":""2025-11-17T16:34:47.852000Z"",""participant_id"":""5d1794f9db7eb7001af1b00c"",""completion_code"":""FDC0MPL3T3"",""total_approvals"":2476,""custom_study_tncs_accepted_at"":""Not Applicable""},""extra_profiling_fields"":[{""id"":""ethnicity"",""name"":""Ethnicity"",""value"":""White""},{""id"":""highest_education_level_completed"",""name"":""Highest education level completed"",""value"":""Undergraduate degree (BA/BSc/other)""},{""id"":""coronary_artery_disease"",""name"":""Coronary artery disease"",""value"":""Yes, and I had a medical procedure (e.g. stent or bypass surgery)""},{""id"":""gender"",""name"":""Gender"",""value"":""Man (including Trans Male/Trans Man)""},{""id"":""ethnicity_simplified"",""name"":""Ethnicity simplified"",""value"":""White""},{""id"":""country_of_birth"",""name"":""Country of birth"",""value"":""United Kingdom""},{""id"":""nationality"",""name"":""Nationality"",""value"":""United Kingdom""},{""id"":""language"",""name"":""Language"",""value"":""French""},{""id"":""student_status"",""name"":""Student status"",""value"":""No""},{""id"":""employment_status"",""name"":""Employment status"",""value"":""Not in paid work (e.g. homemaker', 'retired or disabled)""}]}",complete,GB,en,orchestra
8c619adc-3e56-5f1e-8d99-a98e07ff5754,prolific,c0599eec-ce14-58f3-98ef-8a7858645c1d,4c05c28d0ca3228fc716acdce6928a6d21c307b897bccfe5c3797a0a5bccf4ae,fd27343414,unbookmarked,54,United Kingdom,Female,"{""panel_metadata"":{""status"":""AWAITING REVIEW"",""started_at"":""2025-11-12T12:44:47.302000Z"",""time_taken"":2929,""archived_at"":""2025-11-12T13:33:35.956296Z"",""completed_at"":""2025-11-12T13:33:35.536000Z"",""participant_id"":""59a3b1a35fd74b0001abf9c1"",""completion_code"":""FDC0MPL3T3"",""total_approvals"":4420,""custom_study_tncs_accepted_at"":""Not Applicable""},""extra_profiling_fields"":[{""id"":""heart_issues"",""name"":""Heart issues"",""value"":""Yes, and I'm taking medication""},{""id"":""ethnicity"",""name"":""Ethnicity"",""value"":""White""},{""id"":""highest_education_level_completed"",""name"":""Highest education level completed"",""value"":""Undergraduate degree (BA/BSc/other)""},{""id"":""gender"",""name"":""Gender"",""value"":""Woman (including Trans Female/Trans Woman)""},{""id"":""ethnicity_simplified"",""name"":""Ethnicity simplified"",""value"":""White""},{""id"":""country_of_birth"",""name"":""Country of birth"",""value"":""United Kingdom""},{""id"":""nationality"",""name"":""Nationality"",""value"":""United Kingdom""},{""id"":""language"",""name"":""Language"",""value"":""English""},{""id"":""student_status"",""name"":""Student status"",""value"":""No""},{""id"":""employment_status"",""name"":""Employment status"",""value"":""Full-Time""}]}",complete,GB,en,orchestra
8c619adc-3e56-5f1e-8d99-a98e07ff5754,prolific,161cda3d-523d-5330-9374-39ebfdd2ebdb,254fa0c783d428f197bcc5bcb3851858bd9e9979aa23a9b22ebb251775760ab2,fd52502850,unbookmarked,68,United Kingdom,Female,"{""panel_metadata"":{""status"":""AWAITING REVIEW"",""started_at"":""2025-11-12T18:26:58.710000Z"",""time_taken"":4384,""archived_at"":""2025-11-12T19:40:02.860356Z"",""completed_at"":""2025-11-12T19:40:02.212000Z"",""participant_id"":""64ba9642130597dc3e7ee6bb"",""completion_code"":""FDC0MPL3T3"",""total_approvals"":569,""custom_study_tncs_accepted_at"":""Not Applicable""},""extra_profiling_fields"":[{""id"":""heart_issues"",""name"":""Heart issues"",""value"":""Yes, and I'm taking medication""},{""id"":""ethnicity"",""name"":""Ethnicity"",""value"":""White""},{""id"":""highest_education_level_completed"",""name"":""Highest education level completed"",""value"":""Secondary education (e.g. GED/GCSE)""},{""id"":""gender"",""name"":""Gender"",""value"":""Woman (including Trans Female/Trans Woman)""},{""id"":""ethnicity_simplified"",""name"":""Ethnicity simplified"",""value"":""White""},{""id"":""country_of_birth"",""name"":""Country of birth"",""value"":""United Kingdom""},{""id"":""nationality"",""name"":""Nationality"",""value"":""United Kingdom""},{""id"":""language"",""name"":""Language"",""value"":""English""},{""id"":""student_status"",""name"":""Student status"",""value"":""No""},{""id"":""employment_status"",""name"":""Employment status"",""value"":""Not in paid work (e.g. homemaker', 'retired or disabled)""}]}",complete,GB,en,orchestra
8c619adc-3e56-5f1e-8d99-a98e07ff5754,prolific,d8993b64-207a-5eb2-aa77-7f40d7b0b7f0,13e9d8eec64dbeae8f74c580b18a2df43744c0b9a7ca05ab1f8b02662a7f8483,fd66160378,unbookmarked,38,United Kingdom,Female,"{""panel_metadata"":{""status"":""AWAITING REVIEW"",""started_at"":""2025-11-17T11:07:43.799000Z"",""time_taken"":1872,""archived_at"":""2025-11-17T11:38:55.583960Z"",""completed_at"":""2025-11-17T11:38:55.153000Z"",""participant_id"":""6647d07aa461df21d6344f2b"",""completion_code"":""FDC0MPL3T3"",""total_approvals"":743,""custom_study_tncs_accepted_at"":""Not Applicable""},""extra_profiling_fields"":[{""id"":""ethnicity"",""name"":""Ethnicity"",""value"":""South Asian""},{""id"":""highest_education_level_completed"",""name"":""Highest education level completed"",""value"":""High school diploma/A-levels""},{""id"":""coronary_artery_disease"",""name"":""Coronary artery disease"",""value"":""Yes, and I am taking risk-lowering medication (e.g. statin, aspirin, clopidogrel)""},{""id"":""gender"",""name"":""Gender"",""value"":""Woman (including Trans Female/Trans Woman)""},{""id"":""ethnicity_simplified"",""name"":""Ethnicity simplified"",""value"":""Asian""},{""id"":""country_of_birth"",""name"":""Country of birth"",""value"":""Pakistan""},{""id"":""nationality"",""name"":""Nationality"",""value"":""United Kingdom""},{""id"":""language"",""name"":""Language"",""value"":""Urdu""},{""id"":""student_status"",""name"":""Student status"",""value"":""No""},{""id"":""employment_status"",""name"":""Employment status"",""value"":""Other""}]}",complete,GB,en,orchestra
8c619adc-3e56-5f1e-8d99-a98e07ff5754,prolific,39c9073f-ad31-59fd-8a1b-5a916a1f8c9e,37f07b61b63c51f4461bba2f81058e44e2f2c5227f70874684e914b29d57e35e,fd56059287,unbookmarked,67,United Kingdom,Female,"{""panel_metadata"":{""status"":""AWAITING REVIEW"",""started_at"":""2025-11-13T13:44:23.720000Z"",""time_taken"":3453,""archived_at"":""2025-11-13T14:41:57.168619Z"",""completed_at"":""2025-11-13T14:41:56.720000Z"",""participant_id"":""66646364b821e70655b52218"",""completion_code"":""FDC0MPL3T3"",""total_approvals"":576,""custom_study_tncs_accepted_at"":""Not Applicable""},""extra_profiling_fields"":[{""id"":""heart_issues"",""name"":""Heart issues"",""value"":""Yes, and I'm taking medication""},{""id"":""ethnicity"",""name"":""Ethnicity"",""value"":""White""},{""id"":""highest_education_level_completed"",""name"":""Highest education level completed"",""value"":""Undergraduate degree (BA/BSc/other)""},{""id"":""gender"",""name"":""Gender"",""value"":""Woman (including Trans Female/Trans Woman)""},{""id"":""ethnicity_simplified"",""name"":""Ethnicity simplified"",""value"":""White""},{""id"":""country_of_birth"",""name"":""Country of birth"",""value"":""United Kingdom""},{""id"":""nationality"",""name"":""Nationality"",""value"":""United Kingdom""},{""id"":""language"",""name"":""Language"",""value"":""English""},{""id"":""student_status"",""name"":""Student status"",""value"":""No""},{""id"":""employment_status"",""name"":""Employment status"",""value"":""Not in paid work (e.g. homemaker', 'retired or disabled)""}]}",complete,GB,en,orchestra
8c619adc-3e56-5f1e-8d99-a98e07ff5754,prolific,c9b6b7b5-770d-59f1-b6cb-25e5061b2f88,caf7458bbb5e9b1bb84ea571cc5512d8fc70d3327e674d06e19bbf1716676d8e,fd73735217,unbookmarked,71,United Kingdom,Female,"{""panel_metadata"":{""status"":""AWAITING REVIEW"",""started_at"":""2025-11-17T11:00:03.960000Z"",""time_taken"":3038,""archived_at"":""2025-11-17T11:50:41.914524Z"",""completed_at"":""2025-11-17T11:50:41.404000Z"",""participant_id"":""671a2741f2f33c87a98b295b"",""completion_code"":""FDC0MPL3T3"",""total_approvals"":256,""custom_study_tncs_accepted_at"":""Not Applicable""},""extra_profiling_fields"":[{""id"":""ethnicity"",""name"":""Ethnicity"",""value"":""White""},{""id"":""highest_education_level_completed"",""name"":""Highest education level completed"",""value"":""High school diploma/A-levels""},{""id"":""coronary_artery_disease"",""name"":""Coronary artery disease"",""value"":""Yes, and I had a medical procedure (e.g. stent or bypass surgery)""},{""id"":""gender"",""name"":""Gender"",""value"":""Woman (including Trans Female/Trans Woman)""},{""id"":""ethnicity_simplified"",""name"":""Ethnicity simplified"",""value"":""White""},{""id"":""country_of_birth"",""name"":""Country of birth"",""value"":""Italy""},{""id"":""nationality"",""name"":""Nationality"",""value"":""Italy""},{""id"":""language"",""name"":""Language"",""value"":""Italian""},{""id"":""student_status"",""name"":""Student status"",""value"":""No""},{""id"":""employment_status"",""name"":""Employment status"",""value"":""Not in paid work (e.g. homemaker', 'retired or disabled)""}]}",complete,GB,en,orchestra
8c619adc-3e56-5f1e-8d99-a98e07ff5754,prolific,86482a36-4e7d-52a0-9580-09cc8cbfa216,e5bae66c074eb4233bee61593a033b6134773eee9cf042d7a6bb1b79bebd5ce2,fd78273366,unbookmarked,62,United Kingdom,Male,"{""panel_metadata"":{""status"":""AWAITING REVIEW"",""started_at"":""2025-11-17T11:04:41.428000Z"",""time_taken"":2875,""archived_at"":""2025-11-17T11:52:36.428347Z"",""completed_at"":""2025-11-17T11:52:35.989000Z"",""participant_id"":""58cd0bc2a47dbb000171dc8b"",""completion_code"":""FDC0MPL3T3"",""total_approvals"":2789,""custom_study_tncs_accepted_at"":""Not Applicable""},""extra_profiling_fields"":[{""id"":""ethnicity"",""name"":""Ethnicity"",""value"":""White""},{""id"":""highest_education_level_completed"",""name"":""Highest education level completed"",""value"":""High school diploma/A-levels""},{""id"":""coronary_artery_disease"",""name"":""Coronary artery disease"",""value"":""Yes, I had a heart attack""},{""id"":""gender"",""name"":""Gender"",""value"":""Man (including Trans Male/Trans Man)""},{""id"":""ethnicity_simplified"",""name"":""Ethnicity simplified"",""value"":""White""},{""id"":""country_of_birth"",""name"":""Country of birth"",""value"":""United Kingdom""},{""id"":""nationality"",""name"":""Nationality"",""value"":""United Kingdom""},{""id"":""language"",""name"":""Language"",""value"":""English""},{""id"":""student_status"",""name"":""Student status"",""value"":""No""},{""id"":""employment_status"",""name"":""Employment status"",""value"":""Not in paid work (e.g. homemaker', 'retired or disabled)""}]}",complete,GB,en,orchestra
8c619adc-3e56-5f1e-8d99-a98e07ff5754,prolific,efee7b03-9edd-5af3-b02a-48e3da998e32,e416888db6b7bdffb5eea3417909410c1334bb469dd51d8e079a554d218e7b05,fd70164711,unbookmarked,58,United Kingdom,Male,"{""panel_metadata"":{""status"":""AWAITING REVIEW"",""started_at"":""2025-11-18T15:17:22.533000Z"",""time_taken"":3621,""archived_at"":""2025-11-18T16:17:43.272028Z"",""completed_at"":""2025-11-18T16:17:42.836000Z"",""participant_id"":""5c3f0b7ca98c4c000111fee2"",""completion_code"":""FDC0MPL3T3"",""total_approvals"":3146,""custom_study_tncs_accepted_at"":""Not Applicable""},""extra_profiling_fields"":[{""id"":""ethnicity"",""name"":""Ethnicity"",""value"":""White""},{""id"":""highest_education_level_completed"",""name"":""Highest education level completed"",""value"":""Undergraduate degree (BA/BSc/other)""},{""id"":""coronary_artery_disease"",""name"":""Coronary artery disease"",""value"":""Yes, and I had a medical procedure (e.g. stent or bypass surgery)""},{""id"":""gender"",""name"":""Gender"",""value"":""Man (including Trans Male/Trans Man)""},{""id"":""ethnicity_simplified"",""name"":""Ethnicity simplified"",""value"":""White""},{""id"":""country_of_birth"",""name"":""Country of birth"",""value"":""United Kingdom""},{""id"":""nationality"",""name"":""Nationality"",""value"":""United Kingdom""},{""id"":""language"",""name"":""Language"",""value"":""English""},{""id"":""student_status"",""name"":""Student status"",""value"":""No""},{""id"":""employment_status"",""name"":""Employment status"",""value"":""Full-Time""}]}",complete,GB,en,orchestra
8c619adc-3e56-5f1e-8d99-a98e07ff5754,prolific,49b0ee91-7830-52db-9f37-b00fdf70e4e5,ffd8b97993232088383ea703f5d529f78aa2efe5acb5308d92bafbafb01fdeba,fd31950160,unbookmarked,65,United Kingdom,Male,"{""panel_metadata"":{""status"":""AWAITING REVIEW"",""started_at"":""2025-11-18T00:51:58.351000Z"",""time_taken"":2934,""archived_at"":""2025-11-18T01:40:52.497106Z"",""completed_at"":""2025-11-18T01:40:52.067000Z"",""participant_id"":""667a76115752d8de34356c95"",""completion_code"":""FDC0MPL3T3"",""total_approvals"":308,""custom_study_tncs_accepted_at"":""Not Applicable""},""extra_profiling_fields"":[{""id"":""ethnicity"",""name"":""Ethnicity"",""value"":""White""},{""id"":""highest_education_level_completed"",""name"":""Highest education level completed"",""value"":""Undergraduate degree (BA/BSc/other)""},{""id"":""coronary_artery_disease"",""name"":""Coronary artery disease"",""value"":""Yes, and I am taking risk-lowering medication (e.g. statin, aspirin, clopidogrel)""},{""id"":""gender"",""name"":""Gender"",""value"":""Man (including Trans Male/Trans Man)""},{""id"":""ethnicity_simplified"",""name"":""Ethnicity simplified"",""value"":""White""},{""id"":""country_of_birth"",""name"":""Country of birth"",""value"":""United Kingdom""},{""id"":""nationality"",""name"":""Nationality"",""value"":""United Kingdom""},{""id"":""language"",""name"":""Language"",""value"":""English""},{""id"":""student_status"",""name"":""Student status"",""value"":""No""},{""id"":""employment_status"",""name"":""Employment status"",""value"":""Not in paid work (e.g. homemaker', 'retired or disabled)""}]}",complete,GB,en,orchestra
8c619adc-3e56-5f1e-8d99-a98e07ff5754,prolific,57fcded8-14b0-5a52-8dfe-37876d162a87,f9461772defbcf784e49924c3b9837fa4b9bce6a04ac4ce2e1084f6d5ca5f90a,fd04904631,unbookmarked,23,United Kingdom,Female,"{""panel_metadata"":{""status"":""AWAITING REVIEW"",""started_at"":""2025-11-17T16:37:18.850000Z"",""time_taken"":5207,""archived_at"":""2025-11-17T18:04:06.040964Z"",""completed_at"":""2025-11-17T18:04:05.595000Z"",""participant_id"":""67c9debfa21709544f941ce0"",""completion_code"":""FDC0MPL3T3"",""total_approvals"":430,""custom_study_tncs_accepted_at"":""Not Applicable""},""extra_profiling_fields"":[{""id"":""heart_issues"",""name"":""Heart issues"",""value"":""Yes, and I've had a heart transplant, Yes, and I'm taking medication""},{""id"":""ethnicity"",""name"":""Ethnicity"",""value"":""White""},{""id"":""highest_education_level_completed"",""name"":""Highest education level completed"",""value"":""Doctorate degree (PhD/other)""},{""id"":""gender"",""name"":""Gender"",""value"":""Woman (including Trans Female/Trans Woman)""},{""id"":""ethnicity_simplified"",""name"":""Ethnicity simplified"",""value"":""White""},{""id"":""country_of_birth"",""name"":""Country of birth"",""value"":""United Kingdom""},{""id"":""nationality"",""name"":""Nationality"",""value"":""United Kingdom""},{""id"":""language"",""name"":""Language"",""value"":""English""},{""id"":""student_status"",""name"":""Student status"",""value"":""Yes""},{""id"":""employment_status"",""name"":""Employment status"",""value"":""Part-Time""}]}",complete,GB,en,orchestra
8c619adc-3e56-5f1e-8d99-a98e07ff5754,prolific,6555458a-6af7-5344-a8fe-967d71fa3878,f27f354cf2764bd127539e708e376a45494324b3a1e25a3a53f67ab95907229c,fd71401727,unbookmarked,48,United Kingdom,Male,"{""panel_metadata"":{""status"":""AWAITING REVIEW"",""started_at"":""2025-11-17T10:58:49.377000Z"",""time_taken"":3702,""archived_at"":""2025-11-17T12:00:31.904336Z"",""completed_at"":""2025-11-17T12:00:31.354000Z"",""participant_id"":""66cdfcb06c7f04ea48149efc"",""completion_code"":""FDC0MPL3T3"",""total_approvals"":863,""custom_study_tncs_accepted_at"":""Not Applicable""},""extra_profiling_fields"":[{""id"":""ethnicity"",""name"":""Ethnicity"",""value"":""White""},{""id"":""highest_education_level_completed"",""name"":""Highest education level completed"",""value"":""Secondary education (e.g. GED/GCSE)""},{""id"":""coronary_artery_disease"",""name"":""Coronary artery disease"",""value"":""Yes, and I had a medical procedure (e.g. stent or bypass surgery), Yes, and I am taking risk-lowering medication (e.g. statin, aspirin, clopidogrel)""},{""id"":""gender"",""name"":""Gender"",""value"":""Man (including Trans Male/Trans Man)""},{""id"":""ethnicity_simplified"",""name"":""Ethnicity simplified"",""value"":""White""},{""id"":""country_of_birth"",""name"":""Country of birth"",""value"":""United Kingdom""},{""id"":""nationality"",""name"":""Nationality"",""value"":""United Kingdom""},{""id"":""language"",""name"":""Language"",""value"":""English""},{""id"":""student_status"",""name"":""Student status"",""value"":""No""},{""id"":""employment_status"",""name"":""Employment status"",""value"":""Full-Time""}]}",complete,GB,en,orchestra
8c619adc-3e56-5f1e-8d99-a98e07ff5754,prolific,f47176c6-825c-55b2-b1ba-926d5394f4b3,251c56a7fde5c41a1dce35007075adc34358f34cce5d0969d10a0fa04e658cea,fd11628866,unbookmarked,66,United Kingdom,Male,"{""panel_metadata"":{""status"":""AWAITING REVIEW"",""started_at"":""2025-11-17T10:56:40.916000Z"",""time_taken"":2239,""archived_at"":""2025-11-17T11:34:00.250631Z"",""completed_at"":""2025-11-17T11:33:59.805000Z"",""participant_id"":""6078661a148492f9436d8bb0"",""completion_code"":""FDC0MPL3T3"",""total_approvals"":2013,""custom_study_tncs_accepted_at"":""Not Applicable""},""extra_profiling_fields"":[{""id"":""ethnicity"",""name"":""Ethnicity"",""value"":""White""},{""id"":""highest_education_level_completed"",""name"":""Highest education level completed"",""value"":""Undergraduate degree (BA/BSc/other)""},{""id"":""coronary_artery_disease"",""name"":""Coronary artery disease"",""value"":""Yes, and I am taking risk-lowering medication (e.g. statin, aspirin, clopidogrel)""},{""id"":""gender"",""name"":""Gender"",""value"":""Man (including Trans Male/Trans Man)""},{""id"":""ethnicity_simplified"",""name"":""Ethnicity simplified"",""value"":""White""},{""id"":""country_of_birth"",""name"":""Country of birth"",""value"":""Gibraltar""},{""id"":""nationality"",""name"":""Nationality"",""value"":""United Kingdom""},{""id"":""language"",""name"":""Language"",""value"":""English""},{""id"":""student_status"",""name"":""Student status"",""value"":""No""},{""id"":""employment_status"",""name"":""Employment status"",""value"":""Not in paid work (e.g. homemaker', 'retired or disabled)""}]}",complete,GB,en,orchestra
8c619adc-3e56-5f1e-8d99-a98e07ff5754,prolific,d415afbc-b125-5195-a615-68d6d83307bf,90effc4116443d1a6edf54e9ce49d9723ff7f7e136428117ad4804957044293e,fd37684702,unbookmarked,53,United Kingdom,Male,"{""panel_metadata"":{""status"":""AWAITING REVIEW"",""started_at"":""2025-11-13T18:34:02.137000Z"",""time_taken"":2651,""archived_at"":""2025-11-13T19:18:13.527910Z"",""completed_at"":""2025-11-13T19:18:13.083000Z"",""participant_id"":""66c4a32221f616ebf48ab21d"",""completion_code"":""FDC0MPL3T3"",""total_approvals"":1620,""custom_study_tncs_accepted_at"":""Not Applicable""},""extra_profiling_fields"":[{""id"":""heart_issues"",""name"":""Heart issues"",""value"":""Yes, and I'm taking medication""},{""id"":""ethnicity"",""name"":""Ethnicity"",""value"":""White""},{""id"":""highest_education_level_completed"",""name"":""Highest education level completed"",""value"":""Technical/community college""},{""id"":""gender"",""name"":""Gender"",""value"":""Man (including Trans Male/Trans Man)""},{""id"":""ethnicity_simplified"",""name"":""Ethnicity simplified"",""value"":""White""},{""id"":""country_of_birth"",""name"":""Country of birth"",""value"":""United Kingdom""},{""id"":""nationality"",""name"":""Nationality"",""value"":""United Kingdom""},{""id"":""language"",""name"":""Language"",""value"":""English""},{""id"":""student_status"",""name"":""Student status"",""value"":""No""},{""id"":""employment_status"",""name"":""Employment status"",""value"":""Not in paid work (e.g. homemaker', 'retired or disabled)""}]}",complete,GB,en,orchestra
8c619adc-3e56-5f1e-8d99-a98e07ff5754,prolific,9c9703f2-49b2-5daa-8281-4753edf908fb,d8d9e501a9360069e9b2c318e6332971661dee0c9bc72659ed6cccf12d324de2,fd93518148,unbookmarked,66,United Kingdom,Female,"{""panel_metadata"":{""status"":""AWAITING REVIEW"",""started_at"":""2025-11-17T13:10:16.028000Z"",""time_taken"":4013,""archived_at"":""2025-11-17T14:17:09.473264Z"",""completed_at"":""2025-11-17T14:17:08.987000Z"",""participant_id"":""6002f8f5b1c171337fcba27b"",""completion_code"":""FDC0MPL3T3"",""total_approvals"":862,""custom_study_tncs_accepted_at"":""Not Applicable""},""extra_profiling_fields"":[{""id"":""ethnicity"",""name"":""Ethnicity"",""value"":""White""},{""id"":""highest_education_level_completed"",""name"":""Highest education level completed"",""value"":""High school diploma/A-levels""},{""id"":""coronary_artery_disease"",""name"":""Coronary artery disease"",""value"":""Yes, and I am taking risk-lowering medication (e.g. statin, aspirin, clopidogrel)""},{""id"":""gender"",""name"":""Gender"",""value"":""Woman (including Trans Female/Trans Woman)""},{""id"":""ethnicity_simplified"",""name"":""Ethnicity simplified"",""value"":""White""},{""id"":""country_of_birth"",""name"":""Country of birth"",""value"":""United Kingdom""},{""id"":""nationality"",""name"":""Nationality"",""value"":""United Kingdom""},{""id"":""language"",""name"":""Language"",""value"":""English""},{""id"":""student_status"",""name"":""Student status"",""value"":""No""},{""id"":""employment_status"",""name"":""Employment status"",""value"":""Not in paid work (e.g. homemaker', 'retired or disabled)""}]}",complete,GB,en,orchestra
8c619adc-3e56-5f1e-8d99-a98e07ff5754,prolific,8341640b-c96d-55f7-9de7-d2a3e2bfd7ae,0e731f32f2ffd988a21dced755b9cd3d589896335ec3890f1f81f8becf0fc5bf,fd17148481,unbookmarked,36,United Kingdom,Female,"{""panel_metadata"":{""status"":""AWAITING REVIEW"",""started_at"":""2025-11-16T14:55:51.532000Z"",""time_taken"":1586,""archived_at"":""2025-11-16T15:22:17.332347Z"",""completed_at"":""2025-11-16T15:22:16.882000Z"",""participant_id"":""5e1240b4c4e1558c2af2ee50"",""completion_code"":""FDC0MPL3T3"",""total_approvals"":210,""custom_study_tncs_accepted_at"":""Not Applicable""},""extra_profiling_fields"":[{""id"":""heart_issues"",""name"":""Heart issues"",""value"":""Yes, and I have an implantable device (e.g. implantable cardiac defibrillator or ventricular assist device)""},{""id"":""ethnicity"",""name"":""Ethnicity"",""value"":""White""},{""id"":""highest_education_level_completed"",""name"":""Highest education level completed"",""value"":""High school diploma/A-levels""},{""id"":""gender"",""name"":""Gender"",""value"":""Woman (including Trans Female/Trans Woman)""},{""id"":""ethnicity_simplified"",""name"":""Ethnicity simplified"",""value"":""White""},{""id"":""country_of_birth"",""name"":""Country of birth"",""value"":""United Kingdom""},{""id"":""nationality"",""name"":""Nationality"",""value"":""United Kingdom""},{""id"":""language"",""name"":""Language"",""value"":""English""},{""id"":""student_status"",""name"":""Student status"",""value"":""No""},{""id"":""employment_status"",""name"":""Employment status"",""value"":""Part-Time""}]}",complete,GB,en,orchestra
8c619adc-3e56-5f1e-8d99-a98e07ff5754,prolific,1e79c037-c685-50a5-9998-600c64399f97,893bd68887e2ca5aa68a51ab3e72544f21ac471f78ec6fb6d148363bcaee3c27,fd12518055,unbookmarked,57,United Kingdom,Male,"{""panel_metadata"":{""status"":""AWAITING REVIEW"",""started_at"":""2025-11-17T15:03:54.439000Z"",""time_taken"":3853,""archived_at"":""2025-11-17T16:08:08.615485Z"",""completed_at"":""2025-11-17T16:08:07.214000Z"",""participant_id"":""681f421f57f106703aeaf6e8"",""completion_code"":""FDCOMPL3T3"",""total_approvals"":378,""custom_study_tncs_accepted_at"":""Not Applicable""},""extra_profiling_fields"":[{""id"":""ethnicity"",""name"":""Ethnicity"",""value"":""White""},{""id"":""highest_education_level_completed"",""name"":""Highest education level completed"",""value"":""Undergraduate degree (BA/BSc/other)""},{""id"":""coronary_artery_disease"",""name"":""Coronary artery disease"",""value"":""Yes, I had a heart attack""},{""id"":""gender"",""name"":""Gender"",""value"":""Man (including Trans Male/Trans Man)""},{""id"":""ethnicity_simplified"",""name"":""Ethnicity simplified"",""value"":""White""},{""id"":""country_of_birth"",""name"":""Country of birth"",""value"":""United Kingdom""},{""id"":""nationality"",""name"":""Nationality"",""value"":""United Kingdom""},{""id"":""language"",""name"":""Language"",""value"":""English""},{""id"":""student_status"",""name"":""Student status"",""value"":""No""},{""id"":""employment_status"",""name"":""Employment status"",""value"":""Not in paid work (e.g. homemaker', 'retired or disabled)""}]}",complete,GB,en,orchestra
580e3862-99db-536c-ad75-11d1383b3b1d,prolific,78c55766-2aee-52dd-936e-07513b45969d,73210a979c54849795d1bcb66d074f25dba8292618bf5c8b6848f83eae8d1766,fd02578253,unbookmarked,24,United Kingdom,Male,"{""panel_metadata"":{""status"":""AWAITING REVIEW"",""started_at"":""2026-02-11T10:46:55.300000Z"",""time_taken"":1937,""archived_at"":""2026-02-11T11:19:11.731989Z"",""completed_at"":""2026-02-11T11:19:11.366000Z"",""participant_id"":""6551469abe377d3646c6cd6e"",""completion_code"":""FDC0MPL3T3"",""total_approvals"":3507,""custom_study_tncs_accepted_at"":""Not Applicable""},""extra_profiling_fields"":[{""id"":""llm_detection_result"",""name"":""Llm detection result"",""value"":""Passed""},{""id"":""ethnicity_simplified"",""name"":""Ethnicity simplified"",""value"":""Asian""},{""id"":""country_of_birth"",""name"":""Country of birth"",""value"":""United Kingdom""},{""id"":""nationality"",""name"":""Nationality"",""value"":""United Kingdom""},{""id"":""language"",""name"":""Language"",""value"":""English""}]}",complete,GB,en,orchestra
580e3862-99db-536c-ad75-11d1383b3b1d,prolific,e3b4361a-d754-536b-b846-c773d249f0bd,c4ca013edde6561d2ac5abeb63d3a4fcf7202cdccad6882fa38d94d6cf8b92dd,fd63505214,unbookmarked,23,United Kingdom,Female,"{""panel_metadata"":{""status"":""ACTIVE"",""started_at"":""2026-02-11T11:03:53.523000Z"",""time_taken"":9,""archived_at"":""2026-02-11T11:04:02.387741Z"",""participant_id"":""601d657272486e0a024745a3"",""total_approvals"":194,""custom_study_tncs_accepted_at"":""Not Applicable""},""extra_profiling_fields"":[{""id"":""llm_detection_result"",""name"":""Llm detection result"",""value"":""Passed""},{""id"":""ethnicity_simplified"",""name"":""Ethnicity simplified"",""value"":""Mixed""},{""id"":""country_of_birth"",""name"":""Country of birth"",""value"":""United Kingdom""},{""id"":""nationality"",""name"":""Nationality"",""value"":""United Kingdom""},{""id"":""language"",""name"":""Language"",""value"":""English""}]}",complete,GB,en,orchestra
580e3862-99db-536c-ad75-11d1383b3b1d,prolific,3eb08222-6c23-51c0-bd7a-6e82831b1d8d,e8c724ace2d813a611906914904dcddeacab7671fc3e5622876070b28cd1d6d8,fd13145930,unbookmarked,29,United Kingdom,Female,"{""panel_metadata"":{""status"":""AWAITING REVIEW"",""started_at"":""2026-02-11T11:00:58.441000Z"",""time_taken"":3803,""archived_at"":""2026-02-11T12:04:21.045341Z"",""completed_at"":""2026-02-11T12:04:20.674000Z"",""participant_id"":""67118c5934ddcc26346c3183"",""completion_code"":""FDC0MPL3T3"",""total_approvals"":1920,""custom_study_tncs_accepted_at"":""Not Applicable""},""extra_profiling_fields"":[{""id"":""llm_detection_result"",""name"":""Llm detection result"",""value"":""Passed""},{""id"":""ethnicity_simplified"",""name"":""Ethnicity simplified"",""value"":""Asian""},{""id"":""country_of_birth"",""name"":""Country of birth"",""value"":""United Kingdom""},{""id"":""nationality"",""name"":""Nationality"",""value"":""Pakistan""},{""id"":""language"",""name"":""Language"",""value"":""English""},{""id"":""student_status"",""name"":""Student status"",""value"":""Yes""},{""id"":""employment_status"",""name"":""Employment status"",""value"":""Not in paid work (e.g. homemaker', 'retired or disabled)""}]}",complete,GB,en,orchestra
580e3862-99db-536c-ad75-11d1383b3b1d,prolific,9418ec07-5c82-50ff-8ab8-14de2200abef,a4b05af4266511873f2241ebdc9d247efeeb585f02ff6cd3e49e1f05c605394e,fd90629684,unbookmarked,29,United Kingdom,Female,"{""panel_metadata"":{""status"":""ACTIVE"",""started_at"":""2026-02-11T11:23:33.548000Z"",""time_taken"":5,""archived_at"":""2026-02-11T11:23:37.721331Z"",""participant_id"":""6147375cffbd8d6d4acc1856"",""total_approvals"":452,""custom_study_tncs_accepted_at"":""Not Applicable""},""extra_profiling_fields"":[{""id"":""llm_detection_result"",""name"":""Llm detection result"",""value"":""Passed""},{""id"":""ethnicity_simplified"",""name"":""Ethnicity simplified"",""value"":""White""},{""id"":""country_of_birth"",""name"":""Country of birth"",""value"":""United Kingdom""},{""id"":""nationality"",""name"":""Nationality"",""value"":""United Kingdom""},{""id"":""language"",""name"":""Language"",""value"":""English""},{""id"":""student_status"",""name"":""Student status"",""value"":""No""},{""id"":""employment_status"",""name"":""Employment status"",""value"":""Part-Time""}]}",complete,GB,en,orchestra
580e3862-99db-536c-ad75-11d1383b3b1d,prolific,285cd392-d0a4-5ba3-b1a0-0e6bde9c7ce7,b4c8a588401b711faca5b49d10d596813c418b5f492174625367fd8a164b6865,fd08103984,unbookmarked,29,United Kingdom,Male,"{""panel_metadata"":{""status"":""AWAITING REVIEW"",""started_at"":""2026-02-11T10:54:04.356000Z"",""time_taken"":4353,""archived_at"":""2026-02-11T12:06:37.024747Z"",""completed_at"":""2026-02-11T12:06:36.662000Z"",""participant_id"":""677948fa843635fdb42a4351"",""completion_code"":""FDC0MPL3T3"",""total_approvals"":1254,""custom_study_tncs_accepted_at"":""Not Applicable""},""extra_profiling_fields"":[{""id"":""llm_detection_result"",""name"":""Llm detection result"",""value"":""Passed""},{""id"":""ethnicity_simplified"",""name"":""Ethnicity simplified"",""value"":""Black""},{""id"":""country_of_birth"",""name"":""Country of birth"",""value"":""Netherlands""},{""id"":""nationality"",""name"":""Nationality"",""value"":""Netherlands""},{""id"":""language"",""name"":""Language"",""value"":""English""},{""id"":""student_status"",""name"":""Student status"",""value"":""No""},{""id"":""employment_status"",""name"":""Employment status"",""value"":""Due to start a new job within the next month""}]}",complete,GB,en,orchestra
580e3862-99db-536c-ad75-11d1383b3b1d,prolific,eccc559c-d3ca-50a4-8cb0-4556d9889143,d3b67b47a19268be28af9dca9aea0cf217604cc669f9f40b45474d2f553f45ae,fd37825321,unbookmarked,25,United Kingdom,Female,"{""panel_metadata"":{""status"":""AWAITING REVIEW"",""started_at"":""2026-02-11T10:56:51.537000Z"",""time_taken"":1974,""archived_at"":""2026-02-11T11:29:45.636303Z"",""completed_at"":""2026-02-11T11:29:45.310000Z"",""participant_id"":""5d2db62ac45885001abf9ce3"",""completion_code"":""FDC0MPL3T3"",""total_approvals"":869,""custom_study_tncs_accepted_at"":""Not Applicable""},""extra_profiling_fields"":[{""id"":""llm_detection_result"",""name"":""Llm detection result"",""value"":""Passed""},{""id"":""ethnicity_simplified"",""name"":""Ethnicity simplified"",""value"":""White""},{""id"":""country_of_birth"",""name"":""Country of birth"",""value"":""United Kingdom""},{""id"":""nationality"",""name"":""Nationality"",""value"":""United Kingdom""},{""id"":""language"",""name"":""Language"",""value"":""English""},{""id"":""student_status"",""name"":""Student status"",""value"":""Yes""},{""id"":""employment_status"",""name"":""Employment status"",""value"":""Part-Time""}]}",complete,GB,en,orchestra
580e3862-99db-536c-ad75-11d1383b3b1d,prolific,400d0ce6-7b8e-5e47-9f46-f3e8d2c51e88,31e7f6a0cf1bf9b86aacd46c143215e4d9370062ac9706a315e196d0cca0e342,fd42017527,unbookmarked,25,United Kingdom,Female,"{""panel_metadata"":{""status"":""AWAITING REVIEW"",""started_at"":""2026-02-11T10:56:52.556000Z"",""time_taken"":4481,""archived_at"":""2026-02-11T12:11:33.809870Z"",""completed_at"":""2026-02-11T12:11:33.474000Z"",""participant_id"":""697913a58dc4a9fc4359367a"",""completion_code"":""FDC0MPL3T3"",""total_approvals"":100,""custom_study_tncs_accepted_at"":""Not Applicable""},""extra_profiling_fields"":[{""id"":""llm_detection_result"",""name"":""Llm detection result"",""value"":""Passed""},{""id"":""ethnicity_simplified"",""name"":""Ethnicity simplified"",""value"":""Black""},{""id"":""country_of_birth"",""name"":""Country of birth"",""value"":""Nigeria""},{""id"":""nationality"",""name"":""Nationality"",""value"":""Nigeria""},{""id"":""language"",""name"":""Language"",""value"":""English""},{""id"":""student_status"",""name"":""Student status"",""value"":""Yes""},{""id"":""employment_status"",""name"":""Employment status"",""value"":""Part-Time""}]}",complete,GB,en,orchestra
580e3862-99db-536c-ad75-11d1383b3b1d,prolific,d2efd50a-da11-55c7-b9c6-b26feafabc87,084fc2f19e129a51c0b21994488715fdb548a26ba76eebef3f5f964ef06959f3,fd94691132,unbookmarked,23,United Kingdom,Female,"{""panel_metadata"":{""status"":""AWAITING REVIEW"",""started_at"":""2026-02-11T11:17:54.723000Z"",""time_taken"":2616,""archived_at"":""2026-02-11T12:01:30.314036Z"",""completed_at"":""2026-02-11T12:01:29.948000Z"",""participant_id"":""6527f5eccfec59211ca71643"",""completion_code"":""FDC0MPL3T3"",""total_approvals"":328,""custom_study_tncs_accepted_at"":""Not Applicable""},""extra_profiling_fields"":[{""id"":""llm_detection_result"",""name"":""Llm detection result"",""value"":""Passed""},{""id"":""ethnicity_simplified"",""name"":""Ethnicity simplified"",""value"":""Asian""},{""id"":""country_of_birth"",""name"":""Country of birth"",""value"":""Nepal""},{""id"":""nationality"",""name"":""Nationality"",""value"":""United Kingdom""},{""id"":""language"",""name"":""Language"",""value"":""Nepali""},{""id"":""student_status"",""name"":""Student status"",""value"":""No""},{""id"":""employment_status"",""name"":""Employment status"",""value"":""Full-Time""}]}",complete,GB,en,orchestra
580e3862-99db-536c-ad75-11d1383b3b1d,prolific,044ee046-b6b3-54bc-944a-c42a9edc2aad,eca417c6a5fa46775ccb45d50b9b1c591d52a1ce5794e75aa1ce1dd0e36563d5,fd11063578,unbookmarked,24,United Kingdom,Male,"{""panel_metadata"":{""status"":""AWAITING REVIEW"",""started_at"":""2026-02-11T11:00:19.532000Z"",""time_taken"":2232,""archived_at"":""2026-02-11T11:37:31.903802Z"",""completed_at"":""2026-02-11T11:37:31.521000Z"",""participant_id"":""62b2f74cf3794e252cc7d1a7"",""completion_code"":""NOCODE"",""total_approvals"":3353,""custom_study_tncs_accepted_at"":""Not Applicable""},""extra_profiling_fields"":[{""id"":""llm_detection_result"",""name"":""Llm detection result"",""value"":""Passed""},{""id"":""ethnicity_simplified"",""name"":""Ethnicity simplified"",""value"":""White""},{""id"":""country_of_birth"",""name"":""Country of birth"",""value"":""United Kingdom""},{""id"":""nationality"",""name"":""Nationality"",""value"":""United Kingdom""},{""id"":""language"",""name"":""Language"",""value"":""English""},{""id"":""student_status"",""name"":""Student status"",""value"":""No""},{""id"":""employment_status"",""name"":""Employment status"",""value"":""Unemployed (and job seeking)""}]}",complete,GB,en,orchestra
580e3862-99db-536c-ad75-11d1383b3b1d,prolific,bbdd6bb5-a261-5b42-9e14-d57496ad66d8,fcef43182ff1f720ea73fffa6fe658bd48030b9a0016c206c318545c3b36300c,fd76466553,unbookmarked,20,United Kingdom,Female,"{""panel_metadata"":{""status"":""AWAITING REVIEW"",""started_at"":""2026-02-11T11:00:33.079000Z"",""time_taken"":5034,""archived_at"":""2026-02-11T12:24:26.872463Z"",""completed_at"":""2026-02-11T12:24:26.492000Z"",""participant_id"":""67323ad28ac56396efe360fb"",""completion_code"":""FDC0MPL3T3"",""total_approvals"":256,""custom_study_tncs_accepted_at"":""Not Applicable""},""extra_profiling_fields"":[{""id"":""llm_detection_result"",""name"":""Llm detection result"",""value"":""Passed""},{""id"":""ethnicity_simplified"",""name"":""Ethnicity simplified"",""value"":""White""},{""id"":""country_of_birth"",""name"":""Country of birth"",""value"":""Spain""},{""id"":""nationality"",""name"":""Nationality"",""value"":""Spain""},{""id"":""language"",""name"":""Language"",""value"":""English""},{""id"":""student_status"",""name"":""Student status"",""value"":""Yes""},{""id"":""employment_status"",""name"":""Employment status"",""value"":""Other""}]}",complete,GB,en,orchestra
580e3862-99db-536c-ad75-11d1383b3b1d,prolific,121b6c8d-72bb-551f-8bcf-f81909a8fa86,436b7400da378292ced474276c2b3db05a9d58d80f81f8228b7dca71f16582c0,fd67945653,unbookmarked,22,United Kingdom,Female,"{""panel_metadata"":{""status"":""AWAITING REVIEW"",""started_at"":""2026-02-11T11:29:34.003000Z"",""time_taken"":2164,""archived_at"":""2026-02-11T12:05:38.340717Z"",""completed_at"":""2026-02-11T12:05:37.992000Z"",""participant_id"":""668dc7b684452eaca13eb60d"",""completion_code"":""FDC0MPL3T3"",""total_approvals"":2872,""custom_study_tncs_accepted_at"":""Not Applicable""},""extra_profiling_fields"":[{""id"":""llm_detection_result"",""name"":""Llm detection result"",""value"":""Passed""},{""id"":""ethnicity_simplified"",""name"":""Ethnicity simplified"",""value"":""Black""},{""id"":""country_of_birth"",""name"":""Country of birth"",""value"":""United Kingdom""},{""id"":""nationality"",""name"":""Nationality"",""value"":""United Kingdom""},{""id"":""language"",""name"":""Language"",""value"":""English""},{""id"":""employment_status"",""name"":""Employment status"",""value"":""Due to start a new job within the next month""}]}",complete,GB,en,orchestra
580e3862-99db-536c-ad75-11d1383b3b1d,prolific,80b9e248-9779-566b-8cf6-40a86a93a5d9,43785b13c15a72eea6ea1bb23795e5d5735fd8b0a47ea0f6464ec66cdc2c5489,fd43779812,unbookmarked,27,United Kingdom,Male,"{""panel_metadata"":{""status"":""AWAITING REVIEW"",""started_at"":""2026-02-11T11:31:51.938000Z"",""time_taken"":2762,""archived_at"":""2026-02-11T12:17:54.276787Z"",""completed_at"":""2026-02-11T12:17:53.894000Z"",""participant_id"":""634842a70942fb4ba6aa1e88"",""completion_code"":""FDC0MPL3T3"",""total_approvals"":2108,""custom_study_tncs_accepted_at"":""Not Applicable""},""extra_profiling_fields"":[{""id"":""llm_detection_result"",""name"":""Llm detection result"",""value"":""Passed""},{""id"":""ethnicity_simplified"",""name"":""Ethnicity simplified"",""value"":""White""},{""id"":""country_of_birth"",""name"":""Country of birth"",""value"":""United Kingdom""},{""id"":""nationality"",""name"":""Nationality"",""value"":""United Kingdom""},{""id"":""language"",""name"":""Language"",""value"":""English""},{""id"":""student_status"",""name"":""Student status"",""value"":""No""},{""id"":""employment_status"",""name"":""Employment status"",""value"":""Part-Time""}]}",complete,GB,en,orchestra
580e3862-99db-536c-ad75-11d1383b3b1d,prolific,bfc01faa-2ef7-5a64-8665-c50bbb18285b,69637dc512e28a234430e9f23d4d7df352c2d84fb2caa0353723a4a5b6a09189,fd82853091,unbookmarked,19,United Kingdom,Female,"{""panel_metadata"":{""status"":""AWAITING REVIEW"",""started_at"":""2026-02-11T12:16:06.574000Z"",""time_taken"":1384,""archived_at"":""2026-02-11T12:39:10.714250Z"",""completed_at"":""2026-02-11T12:39:10.117000Z"",""participant_id"":""6978c9a9a6164ab79ef70fd7"",""completion_code"":""FDC0MPL3T3"",""total_approvals"":42,""custom_study_tncs_accepted_at"":""Not Applicable""},""extra_profiling_fields"":[{""id"":""llm_detection_result"",""name"":""Llm detection result"",""value"":""Passed""},{""id"":""ethnicity_simplified"",""name"":""Ethnicity simplified"",""value"":""White""},{""id"":""country_of_birth"",""name"":""Country of birth"",""value"":""United Kingdom""},{""id"":""nationality"",""name"":""Nationality"",""value"":""United Kingdom""},{""id"":""language"",""name"":""Language"",""value"":""English""},{""id"":""student_status"",""name"":""Student status"",""value"":""Yes""},{""id"":""employment_status"",""name"":""Employment status"",""value"":""Part-Time""}]}",complete,GB,en,orchestra
580e3862-99db-536c-ad75-11d1383b3b1d,prolific,4d58dc97-e61c-5fde-bd4a-d56b51b028ad,7101a27151c14cdb2d6fcae19ebe68567575939620ddc60025b6e380727ba3f0,fd03380455,unbookmarked,19,United Kingdom,Female,"{""panel_metadata"":{""status"":""AWAITING REVIEW"",""started_at"":""2026-02-11T12:11:29.247000Z"",""time_taken"":1551,""archived_at"":""2026-02-11T12:37:20.224044Z"",""completed_at"":""2026-02-11T12:37:19.802000Z"",""participant_id"":""6978c63595db6bdc459872b8"",""completion_code"":""FDC0MPL3T3"",""total_approvals"":13,""custom_study_tncs_accepted_at"":""Not Applicable""},""extra_profiling_fields"":[{""id"":""llm_detection_result"",""name"":""Llm detection result"",""value"":""Passed""},{""id"":""ethnicity_simplified"",""name"":""Ethnicity simplified"",""value"":""White""},{""id"":""country_of_birth"",""name"":""Country of birth"",""value"":""United Kingdom""},{""id"":""language"",""name"":""Language"",""value"":""English""},{""id"":""student_status"",""name"":""Student status"",""value"":""Yes""},{""id"":""employment_status"",""name"":""Employment status"",""value"":""Part-Time""}]}",complete,GB,en,orchestra
580e3862-99db-536c-ad75-11d1383b3b1d,prolific,7c9a9e58-bb8f-56ee-956a-2af0007e1756,23bfa1cd6b2e44aa732a7571a5cea5c2197f51bd2df5d6885876a6253f9b86ee,fd74907914,unbookmarked,27,United Kingdom,Male,"{""panel_metadata"":{""status"":""AWAITING REVIEW"",""started_at"":""2026-02-11T11:27:36.306000Z"",""time_taken"":5412,""archived_at"":""2026-02-11T12:57:48.074773Z"",""completed_at"":""2026-02-11T12:57:47.718000Z"",""participant_id"":""6658b21cdca2d4053c285deb"",""completion_code"":""FDC0MPL3T3"",""total_approvals"":109,""custom_study_tncs_accepted_at"":""Not Applicable""},""extra_profiling_fields"":[{""id"":""llm_detection_result"",""name"":""Llm detection result"",""value"":""Passed""},{""id"":""ethnicity_simplified"",""name"":""Ethnicity simplified"",""value"":""Mixed""},{""id"":""country_of_birth"",""name"":""Country of birth"",""value"":""Saudi Arabia""},{""id"":""language"",""name"":""Language"",""value"":""English""},{""id"":""employment_status"",""name"":""Employment status"",""value"":""Full-Time""}]}",complete,GB,en,orchestra
580e3862-99db-536c-ad75-11d1383b3b1d,prolific,9b90cd7f-fe11-5611-9254-9c61a0fb06bd,410c0a488ea668b79effcb9c79fb42fa131d957189380852073a175b499065d9,fd33012181,unbookmarked,21,United Kingdom,Female,"{""panel_metadata"":{""status"":""AWAITING REVIEW"",""started_at"":""2026-02-11T11:18:00.869000Z"",""time_taken"":2844,""archived_at"":""2026-02-11T12:05:24.484807Z"",""completed_at"":""2026-02-11T12:05:24.111000Z"",""participant_id"":""66a641d8eae42f430895d856"",""completion_code"":""FDC0MPL3T3"",""total_approvals"":1338,""custom_study_tncs_accepted_at"":""Not Applicable""},""extra_profiling_fields"":[{""id"":""llm_detection_result"",""name"":""Llm detection result"",""value"":""Passed""},{""id"":""ethnicity_simplified"",""name"":""Ethnicity simplified"",""value"":""White""},{""id"":""country_of_birth"",""name"":""Country of birth"",""value"":""United Kingdom""},{""id"":""nationality"",""name"":""Nationality"",""value"":""United Kingdom""},{""id"":""language"",""name"":""Language"",""value"":""English""},{""id"":""student_status"",""name"":""Student status"",""value"":""No""},{""id"":""employment_status"",""name"":""Employment status"",""value"":""Part-Time""}]}",complete,GB,en,orchestra
580e3862-99db-536c-ad75-11d1383b3b1d,prolific,64272768-6161-5fcb-a21e-b0b665476411,573404461b14576b42bf26a0a1125ef017109cb2833a179bf2d8c1126904f293,fd14379428,unbookmarked,22,United Kingdom,Male,"{""panel_metadata"":{""status"":""AWAITING REVIEW"",""started_at"":""2026-02-11T11:32:52.164000Z"",""time_taken"":2286,""archived_at"":""2026-02-11T12:10:58.320258Z"",""completed_at"":""2026-02-11T12:10:57.992000Z"",""participant_id"":""69827efd1ba0a37a3737a8fb"",""completion_code"":""FDC0MPL3T3"",""total_approvals"":42,""custom_study_tncs_accepted_at"":""Not Applicable""},""extra_profiling_fields"":[{""id"":""llm_detection_result"",""name"":""Llm detection result"",""value"":""Passed""},{""id"":""ethnicity_simplified"",""name"":""Ethnicity simplified"",""value"":""Asian""},{""id"":""country_of_birth"",""name"":""Country of birth"",""value"":""India""},{""id"":""nationality"",""name"":""Nationality"",""value"":""India""},{""id"":""language"",""name"":""Language"",""value"":""Hindi""},{""id"":""student_status"",""name"":""Student status"",""value"":""No""},{""id"":""employment_status"",""name"":""Employment status"",""value"":""Part-Time""}]}",complete,GB,en,orchestra
580e3862-99db-536c-ad75-11d1383b3b1d,prolific,c0907359-1a6d-51bd-a01d-922ccf4e6d29,51735ded4ee2fcd6019bc9bb72a414462fe471f1d0c486f6df977f813cbd7f2e,fd47953957,unbookmarked,26,United Kingdom,Female,"{""panel_metadata"":{""status"":""AWAITING REVIEW"",""started_at"":""2026-02-11T12:16:18.718000Z"",""time_taken"":2047,""archived_at"":""2026-02-11T12:50:25.691682Z"",""completed_at"":""2026-02-11T12:50:25.295000Z"",""participant_id"":""5b20590b68a5ed000173d733"",""completion_code"":""FDC0MPL3T3"",""total_approvals"":968,""custom_study_tncs_accepted_at"":""Not Applicable""},""extra_profiling_fields"":[{""id"":""llm_detection_result"",""name"":""Llm detection result"",""value"":""Passed""},{""id"":""ethnicity_simplified"",""name"":""Ethnicity simplified"",""value"":""White""},{""id"":""country_of_birth"",""name"":""Country of birth"",""value"":""United Kingdom""},{""id"":""nationality"",""name"":""Nationality"",""value"":""United Kingdom""},{""id"":""language"",""name"":""Language"",""value"":""English""},{""id"":""student_status"",""name"":""Student status"",""value"":""No""},{""id"":""employment_status"",""name"":""Employment status"",""value"":""Full-Time""}]}",complete,GB,en,orchestra
580e3862-99db-536c-ad75-11d1383b3b1d,prolific,c60a383d-ed00-5d5f-876f-2d13b5513e2b,0e7aaba2e04f78a1454479eed034073225edff20a1875d27e40f67cf4165d5ef,fd27160314,unbookmarked,23,United Kingdom,Male,"{""panel_metadata"":{""status"":""AWAITING REVIEW"",""started_at"":""2026-02-11T11:34:40.155000Z"",""time_taken"":5620,""archived_at"":""2026-02-11T13:08:20.294164Z"",""completed_at"":""2026-02-11T13:08:19.934000Z"",""participant_id"":""66acd6fce13998efa02007a6"",""completion_code"":""FDC0MPL3T3"",""total_approvals"":916,""custom_study_tncs_accepted_at"":""Not Applicable""},""extra_profiling_fields"":[{""id"":""llm_detection_result"",""name"":""Llm detection result"",""value"":""Passed""},{""id"":""ethnicity_simplified"",""name"":""Ethnicity simplified"",""value"":""White""},{""id"":""country_of_birth"",""name"":""Country of birth"",""value"":""United Kingdom""},{""id"":""nationality"",""name"":""Nationality"",""value"":""United Kingdom""},{""id"":""language"",""name"":""Language"",""value"":""English""},{""id"":""student_status"",""name"":""Student status"",""value"":""Yes""},{""id"":""employment_status"",""name"":""Employment status"",""value"":""Part-Time""}]}",complete,GB,en,orchestra
580e3862-99db-536c-ad75-11d1383b3b1d,prolific,478195b8-028c-512a-bc55-ea7642b467fa,d944b71d7e5d110f1adb361b402c18350a8fd85f82e3ac2ff63f1739e44f1533,fd77424588,unbookmarked,28,United Kingdom,Male,"{""panel_metadata"":{""status"":""AWAITING REVIEW"",""started_at"":""2026-02-11T10:50:19.942000Z"",""time_taken"":6838,""archived_at"":""2026-02-11T12:44:18.296684Z"",""completed_at"":""2026-02-11T12:44:17.867000Z"",""participant_id"":""5dcff5909595a10f6241c0f6"",""completion_code"":""FDC0MPL3T3"",""total_approvals"":2141,""custom_study_tncs_accepted_at"":""Not Applicable""},""extra_profiling_fields"":[{""id"":""llm_detection_result"",""name"":""Llm detection result"",""value"":""Passed""},{""id"":""ethnicity_simplified"",""name"":""Ethnicity simplified"",""value"":""White""},{""id"":""country_of_birth"",""name"":""Country of birth"",""value"":""United Kingdom""},{""id"":""nationality"",""name"":""Nationality"",""value"":""United Kingdom""},{""id"":""language"",""name"":""Language"",""value"":""English""}]}",complete,GB,en,orchestra
580e3862-99db-536c-ad75-11d1383b3b1d,prolific,fa129bb3-9d11-57ed-8d64-613b0eea771e,f2a09bb53b92990d69da3c52340d25c7969d333408788af107dca666f255f269,fd75867601,unbookmarked,28,United Kingdom,Female,"{""panel_metadata"":{""status"":""AWAITING REVIEW"",""started_at"":""2026-02-11T12:37:36.445000Z"",""time_taken"":2350,""archived_at"":""2026-02-11T13:17:02.711809Z"",""completed_at"":""2026-02-11T13:16:45.878000Z"",""participant_id"":""6978c99bb13860806e9e4298"",""completion_code"":""FDC0MPL3T3"",""total_approvals"":67,""custom_study_tncs_accepted_at"":""Not Applicable""},""extra_profiling_fields"":[{""id"":""llm_detection_result"",""name"":""Llm detection result"",""value"":""Passed""},{""id"":""ethnicity_simplified"",""name"":""Ethnicity simplified"",""value"":""White""},{""id"":""country_of_birth"",""name"":""Country of birth"",""value"":""United Kingdom""},{""id"":""nationality"",""name"":""Nationality"",""value"":""United Kingdom""},{""id"":""language"",""name"":""Language"",""value"":""English""},{""id"":""student_status"",""name"":""Student status"",""value"":""No""},{""id"":""employment_status"",""name"":""Employment status"",""value"":""Part-Time""}]}",complete,GB,en,orchestra
580e3862-99db-536c-ad75-11d1383b3b1d,prolific,015182d2-6501-5161-8bac-b621336f8604,1160e1691e07d9225964598cecd21028b2443bf7b1cd8037c7bfa729ab9b05a0,fd00866687,unbookmarked,20,United Kingdom,Male,"{""panel_metadata"":{""status"":""AWAITING REVIEW"",""started_at"":""2026-02-11T12:27:11.644000Z"",""time_taken"":4344,""archived_at"":""2026-02-11T13:39:35.373267Z"",""completed_at"":""2026-02-11T13:39:35.023000Z"",""participant_id"":""6760532f9835210d35175bf2"",""completion_code"":""FDC0MPL3T3"",""total_approvals"":58,""custom_study_tncs_accepted_at"":""Not Applicable""},""extra_profiling_fields"":[{""id"":""llm_detection_result"",""name"":""Llm detection result"",""value"":""Passed""},{""id"":""ethnicity_simplified"",""name"":""Ethnicity simplified"",""value"":""White""},{""id"":""country_of_birth"",""name"":""Country of birth"",""value"":""United Kingdom""},{""id"":""nationality"",""name"":""Nationality"",""value"":""United Kingdom""},{""id"":""language"",""name"":""Language"",""value"":""English""}]}",complete,GB,en,orchestra
580e3862-99db-536c-ad75-11d1383b3b1d,prolific,3e2514c1-7212-501d-9253-fbfdbc577a9f,0669906e739812a0c1a7580e2eca47af9e208011eefb45de156b1c2c2af583e3,fd38952243,unbookmarked,27,United Kingdom,Male,"{""panel_metadata"":{""status"":""AWAITING REVIEW"",""started_at"":""2026-02-11T12:04:46.382000Z"",""time_taken"":3495,""archived_at"":""2026-02-11T13:03:01.215109Z"",""completed_at"":""2026-02-11T13:03:00.874000Z"",""participant_id"":""69720cc99bc1780e5a50a923"",""completion_code"":""FDC0MPL3T3"",""total_approvals"":23,""custom_study_tncs_accepted_at"":""Not Applicable""},""extra_profiling_fields"":[{""id"":""llm_detection_result"",""name"":""Llm detection result"",""value"":""Passed""},{""id"":""ethnicity_simplified"",""name"":""Ethnicity simplified"",""value"":""Black""},{""id"":""country_of_birth"",""name"":""Country of birth"",""value"":""United Kingdom""},{""id"":""nationality"",""name"":""Nationality"",""value"":""United Kingdom""},{""id"":""language"",""name"":""Language"",""value"":""English""},{""id"":""student_status"",""name"":""Student status"",""value"":""No""},{""id"":""employment_status"",""name"":""Employment status"",""value"":""Full-Time""}]}",complete,GB,en,orchestra
580e3862-99db-536c-ad75-11d1383b3b1d,prolific,c966fa95-b1a3-5945-8978-06476951a90a,7d3e5066a276c1d3c2d632cb3120c59bbc10284798d3f36fbbcd2664b9a8bac4,fd52770563,unbookmarked,29,United Kingdom,Female,"{""panel_metadata"":{""status"":""AWAITING REVIEW"",""started_at"":""2026-02-11T10:52:28.327000Z"",""time_taken"":4868,""archived_at"":""2026-02-11T12:13:36.162500Z"",""completed_at"":""2026-02-11T12:13:35.810000Z"",""participant_id"":""602b0e382b8e8820de89ddfd"",""completion_code"":""FDC0MPL3T3"",""total_approvals"":335,""custom_study_tncs_accepted_at"":""Not Applicable""},""extra_profiling_fields"":[{""id"":""llm_detection_result"",""name"":""Llm detection result"",""value"":""Passed""},{""id"":""ethnicity_simplified"",""name"":""Ethnicity simplified"",""value"":""White""},{""id"":""country_of_birth"",""name"":""Country of birth"",""value"":""United Kingdom""},{""id"":""nationality"",""name"":""Nationality"",""value"":""United Kingdom""},{""id"":""language"",""name"":""Language"",""value"":""English""},{""id"":""student_status"",""name"":""Student status"",""value"":""Yes""},{""id"":""employment_status"",""name"":""Employment status"",""value"":""Full-Time""}]}",complete,GB,en,orchestra
580e3862-99db-536c-ad75-11d1383b3b1d,prolific,154e5772-43bb-542d-bf8d-56e4631c8a05,cd8e027b2e5da324804906b7b59e993157e1256b958a7ac1def936d70523b47e,fd44152200,unbookmarked,20,United Kingdom,Female,"{""panel_metadata"":{""status"":""AWAITING REVIEW"",""started_at"":""2026-02-11T11:26:59.935000Z"",""time_taken"":2746,""archived_at"":""2026-02-11T12:12:45.489276Z"",""completed_at"":""2026-02-11T12:12:45.151000Z"",""participant_id"":""5d76b0ac7aa70c001ba3dc55"",""completion_code"":""FDC0MPL3T3"",""total_approvals"":1274,""custom_study_tncs_accepted_at"":""Not Applicable""},""extra_profiling_fields"":[{""id"":""llm_detection_result"",""name"":""Llm detection result"",""value"":""Passed""},{""id"":""ethnicity_simplified"",""name"":""Ethnicity simplified"",""value"":""Asian""},{""id"":""country_of_birth"",""name"":""Country of birth"",""value"":""United Kingdom""},{""id"":""nationality"",""name"":""Nationality"",""value"":""United Kingdom""},{""id"":""language"",""name"":""Language"",""value"":""English""},{""id"":""student_status"",""name"":""Student status"",""value"":""Yes""},{""id"":""employment_status"",""name"":""Employment status"",""value"":""Part-Time""}]}",complete,GB,en,orchestra
580e3862-99db-536c-ad75-11d1383b3b1d,prolific,44396d04-6645-55c9-85d6-29d62755fa2e,ee9af4f85f5ff071c8255962b1c7239190d9ca18760779e39bb02b3c01c836b3,fd47528857,unbookmarked,20,United Kingdom,Female,"{""panel_metadata"":{""status"":""AWAITING REVIEW"",""started_at"":""2026-02-11T12:25:40.473000Z"",""time_taken"":2301,""archived_at"":""2026-02-11T13:04:06.883530Z"",""completed_at"":""2026-02-11T13:04:01.174000Z"",""participant_id"":""66800c32331345ae34d25cce"",""completion_code"":""FDC0MPL3T3"",""total_approvals"":1136,""custom_study_tncs_accepted_at"":""Not Applicable""},""extra_profiling_fields"":[{""id"":""llm_detection_result"",""name"":""Llm detection result"",""value"":""Passed""},{""id"":""ethnicity_simplified"",""name"":""Ethnicity simplified"",""value"":""White""},{""id"":""country_of_birth"",""name"":""Country of birth"",""value"":""United Kingdom""},{""id"":""nationality"",""name"":""Nationality"",""value"":""United Kingdom""},{""id"":""language"",""name"":""Language"",""value"":""English""},{""id"":""student_status"",""name"":""Student status"",""value"":""Yes""},{""id"":""employment_status"",""name"":""Employment status"",""value"":""Unemployed (and job seeking)""}]}",complete,GB,en,orchestra
580e3862-99db-536c-ad75-11d1383b3b1d,prolific,4c3fa8a0-eae6-5d44-9ac3-f1167d206cbe,8aa24bfad117576fe01fd60c260c54949306187accf2bc631f83b5f5f6ef6009,fd38426615,unbookmarked,20,United Kingdom,Male,"{""panel_metadata"":{""status"":""AWAITING REVIEW"",""started_at"":""2026-02-11T11:59:10.099000Z"",""time_taken"":2951,""archived_at"":""2026-02-11T12:48:32.909466Z"",""completed_at"":""2026-02-11T12:48:20.748000Z"",""participant_id"":""6669a246dfb38c3a932fa302"",""completion_code"":""FDC0MPL3T3"",""total_approvals"":93,""custom_study_tncs_accepted_at"":""Not Applicable""},""extra_profiling_fields"":[{""id"":""llm_detection_result"",""name"":""Llm detection result"",""value"":""Passed""},{""id"":""ethnicity_simplified"",""name"":""Ethnicity simplified"",""value"":""Asian""},{""id"":""country_of_birth"",""name"":""Country of birth"",""value"":""United Kingdom""},{""id"":""nationality"",""name"":""Nationality"",""value"":""United Kingdom""},{""id"":""language"",""name"":""Language"",""value"":""English""},{""id"":""student_status"",""name"":""Student status"",""value"":""Yes""},{""id"":""employment_status"",""name"":""Employment status"",""value"":""Other""}]}",complete,GB,en,orchestra
580e3862-99db-536c-ad75-11d1383b3b1d,prolific,f5235059-d46e-5a1a-bb11-65e501a0c802,57a3bff5d124c43dc89970b52bc5ead33423d94bb7155d958f1540c58fa94c86,fd87049650,unbookmarked,27,United Kingdom,Female,"{""panel_metadata"":{""status"":""AWAITING REVIEW"",""started_at"":""2026-02-11T11:29:48.032000Z"",""time_taken"":3270,""archived_at"":""2026-02-11T12:24:17.486641Z"",""completed_at"":""2026-02-11T12:24:17.117000Z"",""participant_id"":""6765752e6f497a6593558aca"",""completion_code"":""FDC0MPL3T3"",""total_approvals"":151,""custom_study_tncs_accepted_at"":""Not Applicable""},""extra_profiling_fields"":[{""id"":""llm_detection_result"",""name"":""Llm detection result"",""value"":""Passed""},{""id"":""ethnicity_simplified"",""name"":""Ethnicity simplified"",""value"":""White""},{""id"":""country_of_birth"",""name"":""Country of birth"",""value"":""Italy""},{""id"":""nationality"",""name"":""Nationality"",""value"":""Italy""},{""id"":""language"",""name"":""Language"",""value"":""English""},{""id"":""student_status"",""name"":""Student status"",""value"":""Yes""},{""id"":""employment_status"",""name"":""Employment status"",""value"":""Part-Time""}]}",complete,GB,en,orchestra
580e3862-99db-536c-ad75-11d1383b3b1d,prolific,631c0bf6-993d-51b0-aca1-63b737f5f542,1e2b70d1257dc4d6f8a89894389e0a4f7d9482737fdb5fcc05783c0c62b2dfb4,fd94282504,unbookmarked,21,United Kingdom,Female,"{""panel_metadata"":{""status"":""AWAITING REVIEW"",""started_at"":""2026-02-11T10:46:54.676000Z"",""time_taken"":3540,""archived_at"":""2026-02-11T11:45:54.670867Z"",""completed_at"":""2026-02-11T11:45:54.307000Z"",""participant_id"":""668aa0851622bf0930ff12fc"",""completion_code"":""FDC0MPL3T3"",""total_approvals"":1482,""custom_study_tncs_accepted_at"":""Not Applicable""},""extra_profiling_fields"":[{""id"":""llm_detection_result"",""name"":""Llm detection result"",""value"":""Passed""},{""id"":""ethnicity_simplified"",""name"":""Ethnicity simplified"",""value"":""White""},{""id"":""country_of_birth"",""name"":""Country of birth"",""value"":""United Kingdom""},{""id"":""nationality"",""name"":""Nationality"",""value"":""United Kingdom""},{""id"":""language"",""name"":""Language"",""value"":""English""},{""id"":""student_status"",""name"":""Student status"",""value"":""No""},{""id"":""employment_status"",""name"":""Employment status"",""value"":""Part-Time""}]}",complete,GB,en,orchestra
580e3862-99db-536c-ad75-11d1383b3b1d,prolific,2f0338d2-0db0-5164-9ebe-9dcbd935321f,8030182f574826d656feb48ccf365147850bd7c7e1dcbb7f1a4b7778e26d1949,fd05408843,unbookmarked,28,United Kingdom,Female,"{""panel_metadata"":{""status"":""AWAITING REVIEW"",""started_at"":""2026-02-11T13:20:03.970000Z"",""time_taken"":2227,""archived_at"":""2026-02-11T13:57:10.605508Z"",""completed_at"":""2026-02-11T13:57:10.231000Z"",""participant_id"":""613a415ae2f1292f97385a12"",""completion_code"":""FDC0MPL3T3"",""total_approvals"":1220,""custom_study_tncs_accepted_at"":""Not Applicable""},""extra_profiling_fields"":[{""id"":""llm_detection_result"",""name"":""Llm detection result"",""value"":""Passed""},{""id"":""ethnicity_simplified"",""name"":""Ethnicity simplified"",""value"":""White""},{""id"":""country_of_birth"",""name"":""Country of birth"",""value"":""United Kingdom""},{""id"":""nationality"",""name"":""Nationality"",""value"":""United Kingdom""},{""id"":""language"",""name"":""Language"",""value"":""English""},{""id"":""student_status"",""name"":""Student status"",""value"":""No""},{""id"":""employment_status"",""name"":""Employment status"",""value"":""Full-Time""}]}",complete,GB,en,orchestra
580e3862-99db-536c-ad75-11d1383b3b1d,prolific,bf1e3ebf-a527-5e80-8d83-202ef0f11088,50cdfe59253a829cb4e913565caba08d071a5cf195bd32306c08a720d98669ba,fd32433368,unbookmarked,23,United Kingdom,Female,"{""panel_metadata"":{""status"":""AWAITING REVIEW"",""started_at"":""2026-02-11T12:25:25.853000Z"",""time_taken"":2250,""archived_at"":""2026-02-11T13:02:55.470910Z"",""completed_at"":""2026-02-11T13:02:55.074000Z"",""participant_id"":""6982552ad0031d3e8855d0e2"",""completion_code"":""FDC0MPL3T3"",""total_approvals"":5,""custom_study_tncs_accepted_at"":""Not Applicable""},""extra_profiling_fields"":[{""id"":""llm_detection_result"",""name"":""Llm detection result"",""value"":""Passed""},{""id"":""ethnicity_simplified"",""name"":""Ethnicity simplified"",""value"":""Asian""},{""id"":""country_of_birth"",""name"":""Country of birth"",""value"":""India""},{""id"":""nationality"",""name"":""Nationality"",""value"":""India""},{""id"":""language"",""name"":""Language"",""value"":""Malayalam""},{""id"":""student_status"",""name"":""Student status"",""value"":""No""},{""id"":""employment_status"",""name"":""Employment status"",""value"":""Part-Time""}]}",complete,GB,en,orchestra
580e3862-99db-536c-ad75-11d1383b3b1d,prolific,710ebb74-26e8-55f4-8e3b-16411919f085,c5f9d476473e944f2d741932f12a6c9718107c005ce45a748b6d4d04ab15f4b1,fd50707915,unbookmarked,27,United Kingdom,Female,"{""panel_metadata"":{""status"":""AWAITING REVIEW"",""started_at"":""2026-02-11T11:54:07.380000Z"",""time_taken"":2894,""archived_at"":""2026-02-11T12:42:21.095383Z"",""completed_at"":""2026-02-11T12:42:20.674000Z"",""participant_id"":""5cf510ccb0bafb00161ffd56"",""completion_code"":""FDC0MPL3T3"",""total_approvals"":3125,""custom_study_tncs_accepted_at"":""Not Applicable""},""extra_profiling_fields"":[{""id"":""llm_detection_result"",""name"":""Llm detection result"",""value"":""Passed""},{""id"":""ethnicity_simplified"",""name"":""Ethnicity simplified"",""value"":""White""},{""id"":""country_of_birth"",""name"":""Country of birth"",""value"":""United Kingdom""},{""id"":""nationality"",""name"":""Nationality"",""value"":""United Kingdom""},{""id"":""language"",""name"":""Language"",""value"":""English""},{""id"":""student_status"",""name"":""Student status"",""value"":""No""},{""id"":""employment_status"",""name"":""Employment status"",""value"":""Full-Time""}]}",complete,GB,en,orchestra
580e3862-99db-536c-ad75-11d1383b3b1d,prolific,21901489-5ad7-5415-b382-dc2ca175c362,6dab1198b811e4ce441676e135cd4eea2c63beed2eb46ae63eb68303614f8821,fd13978640,unbookmarked,25,United Kingdom,Female,"{""panel_metadata"":{""status"":""AWAITING REVIEW"",""started_at"":""2026-02-11T14:45:50.416000Z"",""time_taken"":2275,""archived_at"":""2026-02-11T15:23:45.217264Z"",""completed_at"":""2026-02-11T15:23:44.853000Z"",""participant_id"":""61005c19dbd2976cc4a2db0f"",""completion_code"":""FDC0MPL3T3"",""total_approvals"":823,""custom_study_tncs_accepted_at"":""Not Applicable""},""extra_profiling_fields"":[{""id"":""llm_detection_result"",""name"":""Llm detection result"",""value"":""Passed""},{""id"":""ethnicity_simplified"",""name"":""Ethnicity simplified"",""value"":""White""},{""id"":""country_of_birth"",""name"":""Country of birth"",""value"":""United Kingdom""},{""id"":""nationality"",""name"":""Nationality"",""value"":""Ireland""},{""id"":""language"",""name"":""Language"",""value"":""English""},{""id"":""employment_status"",""name"":""Employment status"",""value"":""Unemployed (and job seeking)""}]}",complete,GB,en,orchestra
580e3862-99db-536c-ad75-11d1383b3b1d,prolific,83b237d6-211e-5582-83b6-dd25ce8cc858,48b25ad1d7317dfb967fb60255611263a6d577b952e8f2ecd43dedb249b1b5ad,fd89630966,unbookmarked,21,United Kingdom,Female,"{""panel_metadata"":{""status"":""AWAITING REVIEW"",""started_at"":""2026-02-11T10:52:28.744000Z"",""time_taken"":3033,""archived_at"":""2026-02-11T11:43:03.179089Z"",""completed_at"":""2026-02-11T11:43:01.047000Z"",""participant_id"":""66671bd9ed3bd4d2d0cdacad"",""completion_code"":""FDC0MPL3T3"",""total_approvals"":227,""custom_study_tncs_accepted_at"":""Not Applicable""},""extra_profiling_fields"":[{""id"":""llm_detection_result"",""name"":""Llm detection result"",""value"":""Passed""},{""id"":""ethnicity_simplified"",""name"":""Ethnicity simplified"",""value"":""White""},{""id"":""country_of_birth"",""name"":""Country of birth"",""value"":""United Kingdom""},{""id"":""nationality"",""name"":""Nationality"",""value"":""United Kingdom""},{""id"":""language"",""name"":""Language"",""value"":""English""},{""id"":""student_status"",""name"":""Student status"",""value"":""No""},{""id"":""employment_status"",""name"":""Employment status"",""value"":""Part-Time""}]}",complete,GB,en,orchestra
580e3862-99db-536c-ad75-11d1383b3b1d,prolific,27f016fe-58b3-56e7-b110-5abc7f38fef7,a5ee2fd15e18351e1fedde10a44af312bc37655b530fa4cbaca8d13491abefb4,fd57612815,unbookmarked,19,United Kingdom,Female,"{""panel_metadata"":{""status"":""AWAITING REVIEW"",""started_at"":""2026-02-11T12:51:36.746000Z"",""time_taken"":3185,""archived_at"":""2026-02-11T13:44:41.508151Z"",""completed_at"":""2026-02-11T13:44:41.133000Z"",""participant_id"":""66c0a41dc30bdebfa672867c"",""completion_code"":""FDC0MPL3T3"",""total_approvals"":42,""custom_study_tncs_accepted_at"":""Not Applicable""},""extra_profiling_fields"":[{""id"":""llm_detection_result"",""name"":""Llm detection result"",""value"":""Passed""},{""id"":""ethnicity_simplified"",""name"":""Ethnicity simplified"",""value"":""White""},{""id"":""country_of_birth"",""name"":""Country of birth"",""value"":""United Kingdom""},{""id"":""nationality"",""name"":""Nationality"",""value"":""United Kingdom""},{""id"":""language"",""name"":""Language"",""value"":""English""},{""id"":""student_status"",""name"":""Student status"",""value"":""Yes""},{""id"":""employment_status"",""name"":""Employment status"",""value"":""Unemployed (and job seeking)""}]}",complete,GB,en,orchestra
580e3862-99db-536c-ad75-11d1383b3b1d,prolific,b1bd5829-fe84-508d-ad7e-a1780094e8e2,82f83a6b9b88da11619446f4b0182bae74c1b067c245e0a768c3b1001ec10ce3,fd04939266,unbookmarked,26,United Kingdom,Female,"{""panel_metadata"":{""status"":""AWAITING REVIEW"",""started_at"":""2026-02-11T14:50:55.850000Z"",""time_taken"":4663,""archived_at"":""2026-02-11T16:08:39.007420Z"",""completed_at"":""2026-02-11T16:08:38.631000Z"",""participant_id"":""602c1891c8f632475a568fd0"",""completion_code"":""NOCODE"",""total_approvals"":550,""custom_study_tncs_accepted_at"":""Not Applicable""},""extra_profiling_fields"":[{""id"":""llm_detection_result"",""name"":""Llm detection result"",""value"":""Passed""},{""id"":""ethnicity_simplified"",""name"":""Ethnicity simplified"",""value"":""White""},{""id"":""country_of_birth"",""name"":""Country of birth"",""value"":""United Kingdom""},{""id"":""nationality"",""name"":""Nationality"",""value"":""United Kingdom""},{""id"":""language"",""name"":""Language"",""value"":""English""}]}",complete,GB,en,orchestra
580e3862-99db-536c-ad75-11d1383b3b1d,prolific,a2a130c4-73f2-56c2-98ae-a17e360f5ba0,b0702979b208ff280b29776a4aa12560036e12c447e27e151db321590cf4c138,fd99718314,unbookmarked,22,United Kingdom,Female,"{""panel_metadata"":{""status"":""AWAITING REVIEW"",""started_at"":""2026-02-11T15:36:14.418000Z"",""time_taken"":1883,""archived_at"":""2026-02-11T16:07:37.370102Z"",""completed_at"":""2026-02-11T16:07:36.979000Z"",""participant_id"":""6658d2982faf93a372286bab"",""completion_code"":""FDC0MPL3T3"",""total_approvals"":788,""custom_study_tncs_accepted_at"":""Not Applicable""},""extra_profiling_fields"":[{""id"":""llm_detection_result"",""name"":""Llm detection result"",""value"":""Passed""},{""id"":""ethnicity_simplified"",""name"":""Ethnicity simplified"",""value"":""Asian""},{""id"":""country_of_birth"",""name"":""Country of birth"",""value"":""India""},{""id"":""nationality"",""name"":""Nationality"",""value"":""United Kingdom""},{""id"":""language"",""name"":""Language"",""value"":""Bengali""},{""id"":""student_status"",""name"":""Student status"",""value"":""Yes""},{""id"":""employment_status"",""name"":""Employment status"",""value"":""Part-Time""}]}",complete,GB,en,orchestra
580e3862-99db-536c-ad75-11d1383b3b1d,prolific,035cacc3-d423-5321-a9b4-cbf68ce941f1,18c4aab16cd21d684abe766948d605b5901acdb3ef86c1cbacbf77bb62d7e6af,fd01906245,unbookmarked,24,United Kingdom,Female,"{""panel_metadata"":{""status"":""AWAITING REVIEW"",""started_at"":""2026-02-11T15:36:15.066000Z"",""time_taken"":1081,""archived_at"":""2026-02-11T15:54:15.518141Z"",""completed_at"":""2026-02-11T15:54:15.151000Z"",""participant_id"":""65a6d3a1037ca2ea8cc07642"",""completion_code"":""FDC0MPL3T3"",""total_approvals"":1689,""custom_study_tncs_accepted_at"":""Not Applicable""},""extra_profiling_fields"":[{""id"":""llm_detection_result"",""name"":""Llm detection result"",""value"":""Passed""},{""id"":""ethnicity_simplified"",""name"":""Ethnicity simplified"",""value"":""White""},{""id"":""country_of_birth"",""name"":""Country of birth"",""value"":""United Kingdom""},{""id"":""nationality"",""name"":""Nationality"",""value"":""United Kingdom""},{""id"":""language"",""name"":""Language"",""value"":""English""},{""id"":""student_status"",""name"":""Student status"",""value"":""No""},{""id"":""employment_status"",""name"":""Employment status"",""value"":""Not in paid work (e.g. homemaker', 'retired or disabled)""}]}",complete,GB,en,orchestra
580e3862-99db-536c-ad75-11d1383b3b1d,prolific,a2bf3fb4-9413-5f58-aea0-699cb49b4a02,ff404c4fe60d34a32fdecd2b67fa82cdc5ebcb717a2e065cb019576e6bbe6f93,fd07817775,unbookmarked,20,United Kingdom,Female,"{""panel_metadata"":{""status"":""AWAITING REVIEW"",""started_at"":""2026-02-11T15:17:28.403000Z"",""time_taken"":2156,""archived_at"":""2026-02-11T15:53:24.336761Z"",""completed_at"":""2026-02-11T15:53:23.980000Z"",""participant_id"":""6978c7c7fd049938a72db4ac"",""completion_code"":""FDC0MPL3T3"",""total_approvals"":122,""custom_study_tncs_accepted_at"":""Not Applicable""},""extra_profiling_fields"":[{""id"":""llm_detection_result"",""name"":""Llm detection result"",""value"":""Passed""},{""id"":""ethnicity_simplified"",""name"":""Ethnicity simplified"",""value"":""White""},{""id"":""country_of_birth"",""name"":""Country of birth"",""value"":""United Kingdom""},{""id"":""nationality"",""name"":""Nationality"",""value"":""United Kingdom""},{""id"":""language"",""name"":""Language"",""value"":""English""},{""id"":""student_status"",""name"":""Student status"",""value"":""Yes""},{""id"":""employment_status"",""name"":""Employment status"",""value"":""Unemployed (and job seeking)""}]}",complete,GB,en,orchestra
580e3862-99db-536c-ad75-11d1383b3b1d,prolific,39100dc7-87ad-5a7b-b78b-3045be5fc3c1,1320663cce4ae37988d3c00f1f48fdecabdc5a95fd486bb25887769c243c78ba,fd24537849,unbookmarked,23,United Kingdom,Male,"{""panel_metadata"":{""status"":""AWAITING REVIEW"",""started_at"":""2026-02-11T12:50:14.068000Z"",""time_taken"":5964,""archived_at"":""2026-02-11T14:29:38.301149Z"",""completed_at"":""2026-02-11T14:29:37.951000Z"",""participant_id"":""631f1127e0b115d141506b75"",""completion_code"":""FDC0MPL3T3"",""total_approvals"":565,""custom_study_tncs_accepted_at"":""Not Applicable""},""extra_profiling_fields"":[{""id"":""llm_detection_result"",""name"":""Llm detection result"",""value"":""Passed, Passed""},{""id"":""ethnicity_simplified"",""name"":""Ethnicity simplified"",""value"":""White""},{""id"":""country_of_birth"",""name"":""Country of birth"",""value"":""United Kingdom""},{""id"":""nationality"",""name"":""Nationality"",""value"":""United Kingdom""},{""id"":""language"",""name"":""Language"",""value"":""English""},{""id"":""student_status"",""name"":""Student status"",""value"":""No""},{""id"":""employment_status"",""name"":""Employment status"",""value"":""Full-Time""}]}",complete,GB,en,orchestra
580e3862-99db-536c-ad75-11d1383b3b1d,prolific,eaec61a4-e2f8-56d6-beda-e4153d139150,fff05031f384c6e6e1b34bcf0d88f4c0d78f7fb0b7251fbf33971d5266b29f76,fd69140134,unbookmarked,22,United Kingdom,Female,"{""panel_metadata"":{""status"":""AWAITING REVIEW"",""started_at"":""2026-02-11T15:01:17.561000Z"",""time_taken"":3338,""archived_at"":""2026-02-11T15:56:55.729175Z"",""completed_at"":""2026-02-11T15:56:55.382000Z"",""participant_id"":""6980ea3e26fb06b4bbd1ce5a"",""completion_code"":""FDC0MPL3T3"",""total_approvals"":5,""custom_study_tncs_accepted_at"":""Not Applicable""},""extra_profiling_fields"":[{""id"":""llm_detection_result"",""name"":""Llm detection result"",""value"":""Passed""},{""id"":""ethnicity_simplified"",""name"":""Ethnicity simplified"",""value"":""Other""},{""id"":""country_of_birth"",""name"":""Country of birth"",""value"":""Syrian Arab Republic""},{""id"":""language"",""name"":""Language"",""value"":""Arabic""},{""id"":""student_status"",""name"":""Student status"",""value"":""Yes""},{""id"":""employment_status"",""name"":""Employment status"",""value"":""Unemployed (and job seeking)""}]}",complete,GB,en,orchestra
580e3862-99db-536c-ad75-11d1383b3b1d,prolific,e9e831e8-553b-5e87-b7f8-62ffb9b5a0ec,b87587437e9ef2936e336d77721324c0ca8ba81108f8049552fdf9a86edae502,fd82176081,unbookmarked,27,United Kingdom,Female,"{""panel_metadata"":{""status"":""AWAITING REVIEW"",""started_at"":""2026-02-11T15:13:51.419000Z"",""time_taken"":4979,""archived_at"":""2026-02-11T16:36:50.755456Z"",""completed_at"":""2026-02-11T16:36:50.372000Z"",""participant_id"":""68729361bee62f6a3fb232ec"",""completion_code"":""FDC0MPL3T3"",""total_approvals"":538,""custom_study_tncs_accepted_at"":""Not Applicable""},""extra_profiling_fields"":[{""id"":""llm_detection_result"",""name"":""Llm detection result"",""value"":""Passed""},{""id"":""ethnicity_simplified"",""name"":""Ethnicity simplified"",""value"":""Black""},{""id"":""country_of_birth"",""name"":""Country of birth"",""value"":""United Kingdom""},{""id"":""nationality"",""name"":""Nationality"",""value"":""United Kingdom""},{""id"":""language"",""name"":""Language"",""value"":""English""},{""id"":""student_status"",""name"":""Student status"",""value"":""No""},{""id"":""employment_status"",""name"":""Employment status"",""value"":""Full-Time""}]}",complete,GB,en,orchestra
580e3862-99db-536c-ad75-11d1383b3b1d,prolific,764c5e4e-9e39-5e21-a278-21256c538494,a653ffdf811bf647a1103563edd4c1fdfbba618a1f05af88dfa7f2ec68788c93,fd26722906,unbookmarked,21,United Kingdom,Female,"{""panel_metadata"":{""status"":""AWAITING REVIEW"",""started_at"":""2026-02-11T15:26:22.505000Z"",""time_taken"":2818,""archived_at"":""2026-02-11T16:13:20.574753Z"",""completed_at"":""2026-02-11T16:13:20.201000Z"",""participant_id"":""67255ba684e538866807a7e7"",""completion_code"":""FDC0MPL3T3"",""total_approvals"":162,""custom_study_tncs_accepted_at"":""Not Applicable""},""extra_profiling_fields"":[{""id"":""llm_detection_result"",""name"":""Llm detection result"",""value"":""Passed""},{""id"":""ethnicity_simplified"",""name"":""Ethnicity simplified"",""value"":""Mixed""},{""id"":""country_of_birth"",""name"":""Country of birth"",""value"":""United Kingdom""},{""id"":""nationality"",""name"":""Nationality"",""value"":""United Kingdom""},{""id"":""language"",""name"":""Language"",""value"":""English""},{""id"":""student_status"",""name"":""Student status"",""value"":""Yes""},{""id"":""employment_status"",""name"":""Employment status"",""value"":""Part-Time""}]}",complete,GB,en,orchestra
580e3862-99db-536c-ad75-11d1383b3b1d,prolific,db24e6af-359d-5bc8-bb20-5af7ae1556a4,ba188e1165a34f6f19e1e781fcb3e5ad7727e6a07e5c56ecfa02ca6e877382e3,fd39666901,unbookmarked,29,United Kingdom,Female,"{""panel_metadata"":{""status"":""AWAITING REVIEW"",""started_at"":""2026-02-11T15:04:55.383000Z"",""time_taken"":7376,""archived_at"":""2026-02-11T17:07:51.660361Z"",""completed_at"":""2026-02-11T17:07:51.322000Z"",""participant_id"":""697fbcfaae6bc29a56c28d58"",""completion_code"":""FDC0MPL3T3"",""total_approvals"":119,""custom_study_tncs_accepted_at"":""Not Applicable""},""extra_profiling_fields"":[{""id"":""llm_detection_result"",""name"":""Llm detection result"",""value"":""Passed""},{""id"":""ethnicity_simplified"",""name"":""Ethnicity simplified"",""value"":""Black""},{""id"":""country_of_birth"",""name"":""Country of birth"",""value"":""United Kingdom""},{""id"":""nationality"",""name"":""Nationality"",""value"":""United Kingdom""},{""id"":""language"",""name"":""Language"",""value"":""English""},{""id"":""student_status"",""name"":""Student status"",""value"":""No""},{""id"":""employment_status"",""name"":""Employment status"",""value"":""Part-Time""}]}",complete,GB,en,orchestra
580e3862-99db-536c-ad75-11d1383b3b1d,prolific,e06aa3d2-1ee8-5841-a51a-e594c2ebf247,4cf185906d6b98285caa6d343852453f7ec9ff26a7374d3d23ce26a330dc73dc,fd37529834,unbookmarked,26,United Kingdom,Female,"{""panel_metadata"":{""status"":""AWAITING REVIEW"",""started_at"":""2026-02-11T15:32:57.320000Z"",""time_taken"":1319,""archived_at"":""2026-02-11T15:54:55.907438Z"",""completed_at"":""2026-02-11T15:54:55.552000Z"",""participant_id"":""5e0de72069a117533d91ef32"",""completion_code"":""FDC0MPL3T3"",""total_approvals"":766,""custom_study_tncs_accepted_at"":""Not Applicable""},""extra_profiling_fields"":[{""id"":""llm_detection_result"",""name"":""Llm detection result"",""value"":""Passed""},{""id"":""ethnicity_simplified"",""name"":""Ethnicity simplified"",""value"":""White""},{""id"":""country_of_birth"",""name"":""Country of birth"",""value"":""United Kingdom""},{""id"":""nationality"",""name"":""Nationality"",""value"":""United Kingdom""},{""id"":""language"",""name"":""Language"",""value"":""English""},{""id"":""student_status"",""name"":""Student status"",""value"":""No""},{""id"":""employment_status"",""name"":""Employment status"",""value"":""Full-Time""}]}",complete,GB,en,orchestra
580e3862-99db-536c-ad75-11d1383b3b1d,prolific,abcb44ab-5f40-5777-949d-c13f596858c6,5dda49dd7232922ee3e80e03025e848fad8aab51e51037b37c1e0d5a84ebd2f6,fd16674736,unbookmarked,25,United Kingdom,Female,"{""panel_metadata"":{""status"":""AWAITING REVIEW"",""started_at"":""2026-02-11T15:41:52.016000Z"",""time_taken"":4062,""archived_at"":""2026-02-11T16:49:33.532705Z"",""completed_at"":""2026-02-11T16:49:33.167000Z"",""participant_id"":""5c59836a192d350001d5afbd"",""completion_code"":""NOCODE"",""total_approvals"":1166,""custom_study_tncs_accepted_at"":""Not Applicable""},""extra_profiling_fields"":[{""id"":""llm_detection_result"",""name"":""Llm detection result"",""value"":""Passed""},{""id"":""ethnicity_simplified"",""name"":""Ethnicity simplified"",""value"":""White""},{""id"":""country_of_birth"",""name"":""Country of birth"",""value"":""United Kingdom""},{""id"":""nationality"",""name"":""Nationality"",""value"":""United Kingdom""},{""id"":""language"",""name"":""Language"",""value"":""English""},{""id"":""student_status"",""name"":""Student status"",""value"":""No""},{""id"":""employment_status"",""name"":""Employment status"",""value"":""Full-Time""}]}",complete,GB,en,orchestra
580e3862-99db-536c-ad75-11d1383b3b1d,prolific,04ed7609-82c7-53b8-b484-3de4770b0c32,cc0e7fea76e533c7131ba9e9c3c3e6ba9676cc1c7a21d93ab12afea53542b5b7,fd15213728,unbookmarked,27,United Kingdom,Female,"{""panel_metadata"":{""status"":""AWAITING REVIEW"",""started_at"":""2026-02-11T15:44:22.859000Z"",""time_taken"":3874,""archived_at"":""2026-02-11T16:48:56.801976Z"",""completed_at"":""2026-02-11T16:48:56.459000Z"",""participant_id"":""62ea886b85096aa584310ad3"",""completion_code"":""FDC0MPL3T3"",""total_approvals"":273,""custom_study_tncs_accepted_at"":""Not Applicable""},""extra_profiling_fields"":[{""id"":""llm_detection_result"",""name"":""Llm detection result"",""value"":""Passed""},{""id"":""ethnicity_simplified"",""name"":""Ethnicity simplified"",""value"":""Black""},{""id"":""country_of_birth"",""name"":""Country of birth"",""value"":""Angola""},{""id"":""nationality"",""name"":""Nationality"",""value"":""Portugal""},{""id"":""language"",""name"":""Language"",""value"":""Portuguese""},{""id"":""student_status"",""name"":""Student status"",""value"":""No""},{""id"":""employment_status"",""name"":""Employment status"",""value"":""Full-Time""}]}",complete,GB,en,orchestra
580e3862-99db-536c-ad75-11d1383b3b1d,prolific,d6d71b7e-cca7-50d8-adf7-2eff24dccc8c,1e33a96eefd3631e7dc584b2dbc96836f6dd8bfa3313fba273cc511aebf5f541,fd78204500,unbookmarked,27,United Kingdom,Female,"{""panel_metadata"":{""status"":""AWAITING REVIEW"",""started_at"":""2026-02-11T15:01:10.431000Z"",""time_taken"":4732,""archived_at"":""2026-02-11T16:20:02.597966Z"",""completed_at"":""2026-02-11T16:20:02.266000Z"",""participant_id"":""6772ed74a16a7086a77e5d6e"",""completion_code"":""FDC0MPL3T3"",""total_approvals"":2590,""custom_study_tncs_accepted_at"":""Not Applicable""},""extra_profiling_fields"":[{""id"":""llm_detection_result"",""name"":""Llm detection result"",""value"":""Passed""},{""id"":""ethnicity_simplified"",""name"":""Ethnicity simplified"",""value"":""White""},{""id"":""country_of_birth"",""name"":""Country of birth"",""value"":""Poland""},{""id"":""nationality"",""name"":""Nationality"",""value"":""Poland""},{""id"":""language"",""name"":""Language"",""value"":""Polish""},{""id"":""student_status"",""name"":""Student status"",""value"":""No""},{""id"":""employment_status"",""name"":""Employment status"",""value"":""Full-Time""}]}",complete,GB,en,orchestra
580e3862-99db-536c-ad75-11d1383b3b1d,prolific,0c2eca83-cc8f-5545-a09a-1a5859286763,b6286aea76e82b3560ab6161e5e8ccdac929e637ff88feb827e1a6c6b96284ae,fd04064865,unbookmarked,20,United Kingdom,Male,"{""panel_metadata"":{""status"":""AWAITING REVIEW"",""started_at"":""2026-02-11T13:34:08.169000Z"",""time_taken"":3906,""archived_at"":""2026-02-11T14:39:13.742845Z"",""completed_at"":""2026-02-11T14:39:13.394000Z"",""participant_id"":""66856f2564504801c885ab56"",""completion_code"":""FDC0MPL3T3"",""total_approvals"":178,""custom_study_tncs_accepted_at"":""Not Applicable""},""extra_profiling_fields"":[{""id"":""llm_detection_result"",""name"":""Llm detection result"",""value"":""Passed""},{""id"":""ethnicity_simplified"",""name"":""Ethnicity simplified"",""value"":""White""},{""id"":""country_of_birth"",""name"":""Country of birth"",""value"":""United Kingdom""},{""id"":""nationality"",""name"":""Nationality"",""value"":""United Kingdom""},{""id"":""language"",""name"":""Language"",""value"":""English""},{""id"":""student_status"",""name"":""Student status"",""value"":""Yes""},{""id"":""employment_status"",""name"":""Employment status"",""value"":""Part-Time""}]}",complete,GB,en,orchestra
580e3862-99db-536c-ad75-11d1383b3b1d,prolific,c1e240aa-c0e1-544f-9b24-f233658733fd,89f4cae9dec31ad70c9c77f30b26a8b74dd5e217051bcd279f47303054d17df3,fd71326665,unbookmarked,19,United Kingdom,Female,"{""panel_metadata"":{""status"":""AWAITING REVIEW"",""started_at"":""2026-02-11T15:09:18.610000Z"",""time_taken"":2540,""archived_at"":""2026-02-11T15:51:38.368447Z"",""completed_at"":""2026-02-11T15:51:37.813000Z"",""participant_id"":""697f90af8eb3d834eddc0bec"",""completion_code"":""FDC0MPL3T3"",""total_approvals"":0,""custom_study_tncs_accepted_at"":""Not Applicable""},""extra_profiling_fields"":[{""id"":""llm_detection_result"",""name"":""Llm detection result"",""value"":""Passed""},{""id"":""ethnicity_simplified"",""name"":""Ethnicity simplified"",""value"":""Asian""},{""id"":""country_of_birth"",""name"":""Country of birth"",""value"":""India""},{""id"":""nationality"",""name"":""Nationality"",""value"":""United Kingdom""},{""id"":""language"",""name"":""Language"",""value"":""Urdu""},{""id"":""student_status"",""name"":""Student status"",""value"":""Yes""},{""id"":""employment_status"",""name"":""Employment status"",""value"":""Unemployed (and job seeking)""}]}",complete,GB,en,orchestra
580e3862-99db-536c-ad75-11d1383b3b1d,prolific,e10a0991-6840-536a-a219-8df241b21a73,fe895e807474196c31ac44a76af4fc79f341ba9100f0802827cd96cf83204bac,fd90840695,unbookmarked,27,United Kingdom,Female,"{""panel_metadata"":{""status"":""AWAITING REVIEW"",""started_at"":""2026-02-11T14:54:49.489000Z"",""time_taken"":5902,""archived_at"":""2026-02-11T16:33:11.649664Z"",""completed_at"":""2026-02-11T16:33:11.189000Z"",""participant_id"":""615e09c58c95a6551d1fa614"",""completion_code"":""FDC0MPL3T3"",""total_approvals"":1006,""custom_study_tncs_accepted_at"":""Not Applicable""},""extra_profiling_fields"":[{""id"":""llm_detection_result"",""name"":""Llm detection result"",""value"":""Passed""},{""id"":""ethnicity_simplified"",""name"":""Ethnicity simplified"",""value"":""White""},{""id"":""country_of_birth"",""name"":""Country of birth"",""value"":""United Kingdom""},{""id"":""nationality"",""name"":""Nationality"",""value"":""United Kingdom""},{""id"":""language"",""name"":""Language"",""value"":""English""},{""id"":""student_status"",""name"":""Student status"",""value"":""No""},{""id"":""employment_status"",""name"":""Employment status"",""value"":""Full-Time""}]}",complete,GB,en,orchestra
580e3862-99db-536c-ad75-11d1383b3b1d,prolific,81d762c6-250e-52f6-b9e1-c363053a2fd7,ba0fa7191022883ed8805012bfb1cece3b896166ce246718bd4b83630afffdb9,fd93960179,unbookmarked,25,United Kingdom,Female,"{""panel_metadata"":{""status"":""AWAITING REVIEW"",""started_at"":""2026-02-11T17:56:35.988000Z"",""time_taken"":1871,""archived_at"":""2026-02-11T18:27:47.207518Z"",""completed_at"":""2026-02-11T18:27:46.674000Z"",""participant_id"":""6070eac7c04a391b5267809f"",""completion_code"":""FDC0MPL3T3"",""total_approvals"":615,""custom_study_tncs_accepted_at"":""Not Applicable""},""extra_profiling_fields"":[{""id"":""llm_detection_result"",""name"":""Llm detection result"",""value"":""Passed""},{""id"":""ethnicity_simplified"",""name"":""Ethnicity simplified"",""value"":""Mixed""},{""id"":""country_of_birth"",""name"":""Country of birth"",""value"":""United Kingdom""},{""id"":""nationality"",""name"":""Nationality"",""value"":""United Kingdom""},{""id"":""language"",""name"":""Language"",""value"":""English""},{""id"":""student_status"",""name"":""Student status"",""value"":""No""},{""id"":""employment_status"",""name"":""Employment status"",""value"":""Part-Time""}]}",complete,GB,en,orchestra
580e3862-99db-536c-ad75-11d1383b3b1d,prolific,f24c58d5-2a1e-5c4b-b34c-59bf5f3528e7,07e9b8b2f2572b11fc92ecb5326ab718b0f2a8f262b35c3d12443f8547b4b7ff,fd18150027,unbookmarked,28,United Kingdom,Male,"{""panel_metadata"":{""status"":""AWAITING REVIEW"",""started_at"":""2026-02-11T14:11:15.542000Z"",""time_taken"":4652,""archived_at"":""2026-02-11T15:28:47.293352Z"",""completed_at"":""2026-02-11T15:28:46.947000Z"",""participant_id"":""66914783ed9646ac1537525a"",""completion_code"":""FDC0MPL3T3"",""total_approvals"":588,""custom_study_tncs_accepted_at"":""Not Applicable""},""extra_profiling_fields"":[{""id"":""llm_detection_result"",""name"":""Llm detection result"",""value"":""Passed""},{""id"":""ethnicity_simplified"",""name"":""Ethnicity simplified"",""value"":""White""},{""id"":""country_of_birth"",""name"":""Country of birth"",""value"":""United Kingdom""},{""id"":""nationality"",""name"":""Nationality"",""value"":""United Kingdom""},{""id"":""language"",""name"":""Language"",""value"":""English""},{""id"":""student_status"",""name"":""Student status"",""value"":""No""},{""id"":""employment_status"",""name"":""Employment status"",""value"":""Full-Time""}]}",complete,GB,en,orchestra
580e3862-99db-536c-ad75-11d1383b3b1d,prolific,fe950dd8-6cbc-56b8-84af-fd0d78c729f2,06659758b803ae8db13ad1a0c0ad2fd0730bc0da264207313a1bc8aa8cd2aada,fd18122467,unbookmarked,22,United Kingdom,Male,"{""panel_metadata"":{""status"":""AWAITING REVIEW"",""started_at"":""2026-02-11T16:43:38.642000Z"",""time_taken"":3375,""archived_at"":""2026-02-11T17:39:53.913458Z"",""completed_at"":""2026-02-11T17:39:53.564000Z"",""participant_id"":""668da0990a6c6bc676b3d827"",""completion_code"":""FDC0MPL3T3"",""total_approvals"":445,""custom_study_tncs_accepted_at"":""Not Applicable""},""extra_profiling_fields"":[{""id"":""llm_detection_result"",""name"":""Llm detection result"",""value"":""Passed""},{""id"":""ethnicity_simplified"",""name"":""Ethnicity simplified"",""value"":""Asian""},{""id"":""country_of_birth"",""name"":""Country of birth"",""value"":""Saudi Arabia""},{""id"":""nationality"",""name"":""Nationality"",""value"":""Pakistan""},{""id"":""language"",""name"":""Language"",""value"":""English""},{""id"":""student_status"",""name"":""Student status"",""value"":""No""},{""id"":""employment_status"",""name"":""Employment status"",""value"":""Full-Time""}]}",complete,GB,en,orchestra
580e3862-99db-536c-ad75-11d1383b3b1d,prolific,84a8c0c0-67f3-5736-b7fe-3b769f27df3c,2ac5027c6668dd890ddcfab58a2047b0b7201a739c17da0788e71fb042ad7272,fd17637158,unbookmarked,29,United Kingdom,Female,"{""panel_metadata"":{""status"":""AWAITING REVIEW"",""started_at"":""2026-02-11T15:01:37.934000Z"",""time_taken"":3125,""archived_at"":""2026-02-11T15:53:42.592130Z"",""completed_at"":""2026-02-11T15:53:42.237000Z"",""participant_id"":""6978c2fb771539ceafca4b63"",""completion_code"":""FDC0MPL3T3"",""total_approvals"":72,""custom_study_tncs_accepted_at"":""Not Applicable""},""extra_profiling_fields"":[{""id"":""llm_detection_result"",""name"":""Llm detection result"",""value"":""Passed""},{""id"":""ethnicity_simplified"",""name"":""Ethnicity simplified"",""value"":""White""},{""id"":""country_of_birth"",""name"":""Country of birth"",""value"":""United Kingdom""},{""id"":""nationality"",""name"":""Nationality"",""value"":""United Kingdom""},{""id"":""language"",""name"":""Language"",""value"":""English""},{""id"":""student_status"",""name"":""Student status"",""value"":""No""},{""id"":""employment_status"",""name"":""Employment status"",""value"":""Full-Time""}]}",complete,GB,en,orchestra
580e3862-99db-536c-ad75-11d1383b3b1d,prolific,182eb408-c589-5035-b231-67a21af48a5b,80e1049fa753c89fc74c69194ead98d86bc9c329cfaa8a47ce5df07d845df999,fd42822760,unbookmarked,25,United Kingdom,Male,"{""panel_metadata"":{""status"":""AWAITING REVIEW"",""started_at"":""2026-02-11T15:43:32.442000Z"",""time_taken"":8392,""archived_at"":""2026-02-11T18:03:24.604898Z"",""completed_at"":""2026-02-11T18:03:24.235000Z"",""participant_id"":""6765afcbc02a6058e1879c98"",""completion_code"":""FDC0MPL3T3"",""total_approvals"":219,""custom_study_tncs_accepted_at"":""Not Applicable""},""extra_profiling_fields"":[{""id"":""llm_detection_result"",""name"":""Llm detection result"",""value"":""Passed""},{""id"":""ethnicity_simplified"",""name"":""Ethnicity simplified"",""value"":""Mixed""},{""id"":""country_of_birth"",""name"":""Country of birth"",""value"":""United Kingdom""},{""id"":""nationality"",""name"":""Nationality"",""value"":""United Kingdom""},{""id"":""language"",""name"":""Language"",""value"":""English""},{""id"":""student_status"",""name"":""Student status"",""value"":""No""},{""id"":""employment_status"",""name"":""Employment status"",""value"":""Unemployed (and job seeking)""}]}",complete,GB,en,orchestra
580e3862-99db-536c-ad75-11d1383b3b1d,prolific,b320198f-3a54-5345-afde-eddbead10697,16cc72a7cf473e4879b4fe66f0950ba837f9cef1454ac98b6401201f9da14423,fd20852919,unbookmarked,29,United Kingdom,Female,"{""panel_metadata"":{""status"":""AWAITING REVIEW"",""started_at"":""2026-02-11T11:16:05.178000Z"",""time_taken"":2663,""archived_at"":""2026-02-11T12:00:28.023811Z"",""completed_at"":""2026-02-11T12:00:27.658000Z"",""participant_id"":""61470bd6e669bf17e1a1cdce"",""completion_code"":""FDC0MPL3T3"",""total_approvals"":780,""custom_study_tncs_accepted_at"":""Not Applicable""},""extra_profiling_fields"":[{""id"":""llm_detection_result"",""name"":""Llm detection result"",""value"":""Passed, Failed""},{""id"":""ethnicity_simplified"",""name"":""Ethnicity simplified"",""value"":""White""},{""id"":""country_of_birth"",""name"":""Country of birth"",""value"":""United Kingdom""},{""id"":""nationality"",""name"":""Nationality"",""value"":""United Kingdom""},{""id"":""language"",""name"":""Language"",""value"":""English""},{""id"":""student_status"",""name"":""Student status"",""value"":""No""},{""id"":""employment_status"",""name"":""Employment status"",""value"":""Part-Time""}]}",complete,GB,en,orchestra
580e3862-99db-536c-ad75-11d1383b3b1d,prolific,810b6013-3a05-5dae-9c87-a036107551ac,f17a6ad0d84fb1ea57723bcca62e0a4cf99ec82a7dd99ab41d76eb2c199fac33,fd85058224,unbookmarked,24,United Kingdom,Female,"{""panel_metadata"":{""status"":""AWAITING REVIEW"",""started_at"":""2026-02-12T12:34:10.769000Z"",""time_taken"":4380,""archived_at"":""2026-02-12T13:47:10.748913Z"",""completed_at"":""2026-02-12T13:47:10.209000Z"",""participant_id"":""605775ca8da35e75f7b6cb50"",""completion_code"":""FDC0MPL3T3"",""total_approvals"":671,""custom_study_tncs_accepted_at"":""Not Applicable""},""extra_profiling_fields"":[{""id"":""llm_detection_result"",""name"":""Llm detection result"",""value"":""Passed""},{""id"":""ethnicity_simplified"",""name"":""Ethnicity simplified"",""value"":""White""},{""id"":""country_of_birth"",""name"":""Country of birth"",""value"":""United Kingdom""},{""id"":""nationality"",""name"":""Nationality"",""value"":""United Kingdom""},{""id"":""language"",""name"":""Language"",""value"":""English""},{""id"":""student_status"",""name"":""Student status"",""value"":""No""},{""id"":""employment_status"",""name"":""Employment status"",""value"":""Unemployed (and job seeking)""}]}",complete,GB,en,orchestra
580e3862-99db-536c-ad75-11d1383b3b1d,prolific,dc641746-3131-5227-9a48-838e6cfc1954,62ea41d99f346ad38f59ccaac19513b21daeac457cd3029aba75b1da85009709,fd46288316,unbookmarked,27,United Kingdom,Male,"{""panel_metadata"":{""status"":""AWAITING REVIEW"",""started_at"":""2026-02-12T12:39:17.708000Z"",""time_taken"":2648,""archived_at"":""2026-02-12T13:23:25.647081Z"",""completed_at"":""2026-02-12T13:23:25.288000Z"",""participant_id"":""5eea256b9e506b0d09822cdc"",""completion_code"":""FDC0MPL3T3"",""total_approvals"":2152,""custom_study_tncs_accepted_at"":""Not Applicable""},""extra_profiling_fields"":[{""id"":""llm_detection_result"",""name"":""Llm detection result"",""value"":""Passed""},{""id"":""ethnicity_simplified"",""name"":""Ethnicity simplified"",""value"":""Mixed""},{""id"":""country_of_birth"",""name"":""Country of birth"",""value"":""United Kingdom""},{""id"":""nationality"",""name"":""Nationality"",""value"":""United Kingdom""},{""id"":""language"",""name"":""Language"",""value"":""English""},{""id"":""student_status"",""name"":""Student status"",""value"":""No""},{""id"":""employment_status"",""name"":""Employment status"",""value"":""Part-Time""}]}",complete,GB,en,orchestra
580e3862-99db-536c-ad75-11d1383b3b1d,prolific,c597fadc-63ae-5633-a964-d81a13148669,a61c632f0e5bf8ee0604c6add88c7cb5c2be1d632da393f772b046872867312c,fd80858352,unbookmarked,18,United Kingdom,Female,"{""panel_metadata"":{""status"":""AWAITING REVIEW"",""started_at"":""2026-02-12T12:40:34.417000Z"",""time_taken"":3345,""archived_at"":""2026-02-12T13:36:19.273177Z"",""completed_at"":""2026-02-12T13:36:18.936000Z"",""participant_id"":""6978d552891c2490b2fd3793"",""completion_code"":""FDC0MPL3T3"",""total_approvals"":36,""custom_study_tncs_accepted_at"":""Not Applicable""},""extra_profiling_fields"":[{""id"":""llm_detection_result"",""name"":""Llm detection result"",""value"":""Passed""},{""id"":""ethnicity_simplified"",""name"":""Ethnicity simplified"",""value"":""Asian""},{""id"":""country_of_birth"",""name"":""Country of birth"",""value"":""United Kingdom""},{""id"":""nationality"",""name"":""Nationality"",""value"":""United Kingdom""},{""id"":""language"",""name"":""Language"",""value"":""English""},{""id"":""student_status"",""name"":""Student status"",""value"":""Yes""},{""id"":""employment_status"",""name"":""Employment status"",""value"":""Unemployed (and job seeking)""}]}",complete,GB,en,orchestra
580e3862-99db-536c-ad75-11d1383b3b1d,prolific,4c2162f7-bb67-5ad6-bf28-d60cc4aa6707,9d407d9a36c6948f1fb9c4a5ce3a0a41c7b29b35c97748c196e06bb6a809b465,fd45656301,unbookmarked,26,United Kingdom,Female,"{""panel_metadata"":{""status"":""AWAITING REVIEW"",""started_at"":""2026-02-12T17:25:33.845000Z"",""time_taken"":3647,""archived_at"":""2026-02-12T18:26:20.793307Z"",""completed_at"":""2026-02-12T18:26:20.304000Z"",""participant_id"":""5dbc4daee5b13d1f2d4577d0"",""completion_code"":""FDC0MPL3T3"",""total_approvals"":1377,""custom_study_tncs_accepted_at"":""Not Applicable""},""extra_profiling_fields"":[{""id"":""llm_detection_result"",""name"":""Llm detection result"",""value"":""Passed""},{""id"":""ethnicity_simplified"",""name"":""Ethnicity simplified"",""value"":""White""},{""id"":""country_of_birth"",""name"":""Country of birth"",""value"":""Portugal""},{""id"":""nationality"",""name"":""Nationality"",""value"":""Portugal""},{""id"":""language"",""name"":""Language"",""value"":""Portuguese""}]}",complete,GB,en,orchestra